{"type":"FeatureCollection", "features": [
{"type":"Feature","geometry":{"type":"Polygon","coordinates":[[[96.491,4.623],[96.486,4.63],[96.448,4.625],[96.409,4.669],[96.369,4.692],[96.315,4.688],[96.282,4.692],[96.26,4.713],[96.269,4.772],[96.281,4.779],[96.266,4.795],[96.226,4.765],[96.204,4.761],[96.186,4.767],[96.151,4.755],[96.115,4.761],[96.117,4.74],[96.075,4.678],[96.042,4.658],[96.029,4.614],[96.051,4.593],[96.047,4.567],[96.02,4.557],[96,4.539],[95.971,4.523],[95.956,4.506],[95.919,4.433],[95.911,4.407],[95.877,4.367],[95.906,4.338],[95.968,4.264],[96.013,4.218],[96.026,4.194],[96.046,4.209],[96.072,4.192],[96.123,4.138],[96.152,4.14],[96.192,4.107],[96.247,4.126],[96.279,4.155],[96.278,4.183],[96.268,4.217],[96.27,4.244],[96.286,4.27],[96.286,4.289],[96.297,4.351],[96.296,4.368],[96.329,4.367],[96.342,4.38],[96.372,4.393],[96.372,4.417],[96.422,4.421],[96.453,4.433],[96.48,4.458],[96.44,4.51],[96.463,4.545],[96.487,4.551],[96.494,4.573],[96.491,4.623]]]},"properties":{"name":"Aceh Barat"}},
{"type":"Feature","geometry":{"type":"Polygon","coordinates":[[[97.154,3.746],[97.106,3.845],[97.114,3.864],[97.108,3.892],[97.118,3.922],[97.098,3.949],[97.067,3.959],[97.014,3.959],[96.98,3.942],[96.883,3.951],[96.836,3.959],[96.809,3.983],[96.802,4.027],[96.789,4.055],[96.756,4.083],[96.725,4.097],[96.73,4.041],[96.719,4.012],[96.697,3.988],[96.684,3.99],[96.635,3.96],[96.604,3.915],[96.583,3.839],[96.61,3.813],[96.617,3.792],[96.606,3.776],[96.624,3.739],[96.669,3.747],[96.698,3.743],[96.724,3.747],[96.775,3.739],[96.808,3.725],[96.835,3.707],[96.857,3.7],[96.879,3.677],[96.894,3.644],[96.903,3.602],[96.942,3.575],[96.97,3.623],[96.991,3.622],[97.03,3.604],[97.044,3.622],[97.062,3.63],[97.107,3.674],[97.132,3.69],[97.142,3.734],[97.154,3.746]]]},"properties":{"name":"Aceh Barat Daya"}},
{"type":"Feature","geometry":{"type":"MultiPolygon","coordinates":[[[[95.746,5.569],[95.688,5.584],[95.658,5.597],[95.611,5.628],[95.582,5.617],[95.545,5.614],[95.52,5.594],[95.492,5.609],[95.463,5.646],[95.431,5.657],[95.416,5.65],[95.378,5.61],[95.367,5.608],[95.372,5.571],[95.354,5.564],[95.361,5.545],[95.315,5.515],[95.285,5.531],[95.28,5.552],[95.244,5.546],[95.24,5.57],[95.22,5.57],[95.21,5.544],[95.194,5.527],[95.218,5.498],[95.226,5.499],[95.244,5.452],[95.238,5.437],[95.251,5.402],[95.251,5.37],[95.24,5.348],[95.239,5.325],[95.217,5.311],[95.229,5.285],[95.24,5.282],[95.254,5.221],[95.27,5.197],[95.286,5.195],[95.307,5.167],[95.334,5.193],[95.322,5.224],[95.365,5.254],[95.402,5.21],[95.436,5.224],[95.475,5.21],[95.5,5.22],[95.537,5.216],[95.548,5.206],[95.582,5.209],[95.597,5.192],[95.616,5.188],[95.624,5.167],[95.644,5.141],[95.635,5.131],[95.63,5.093],[95.642,5.071],[95.705,5.053],[95.743,5.061],[95.793,5.081],[95.821,5.085],[95.841,5.138],[95.831,5.168],[95.793,5.212],[95.784,5.243],[95.791,5.281],[95.764,5.29],[95.763,5.314],[95.748,5.318],[95.75,5.354],[95.766,5.402],[95.754,5.42],[95.782,5.436],[95.787,5.459],[95.763,5.465],[95.725,5.499],[95.73,5.552],[95.746,5.569]]],[[[95.148,5.662],[95.145,5.635],[95.119,5.615],[95.156,5.595],[95.181,5.62],[95.158,5.641],[95.148,5.662]]],[[[95.06,5.75],[95.046,5.737],[95.058,5.689],[95.07,5.664],[95.088,5.669],[95.135,5.668],[95.133,5.686],[95.114,5.695],[95.109,5.709],[95.086,5.725],[95.073,5.723],[95.06,5.75]]]]},"properties":{"name":"Aceh Besar"}},
{"type":"Feature","geometry":{"type":"Polygon","coordinates":[[[96.042,4.658],[96.008,4.741],[95.995,4.756],[95.991,4.787],[95.979,4.796],[95.956,4.831],[95.922,4.849],[95.902,4.866],[95.879,4.915],[95.855,4.93],[95.848,4.951],[95.803,4.988],[95.766,5.038],[95.762,5.056],[95.743,5.061],[95.705,5.053],[95.642,5.071],[95.63,5.093],[95.635,5.131],[95.644,5.141],[95.624,5.167],[95.616,5.188],[95.597,5.192],[95.582,5.209],[95.548,5.206],[95.537,5.216],[95.5,5.22],[95.475,5.21],[95.436,5.224],[95.402,5.21],[95.365,5.254],[95.322,5.224],[95.334,5.193],[95.307,5.167],[95.306,5.132],[95.299,5.116],[95.321,5.091],[95.316,5.081],[95.333,5.05],[95.362,5.039],[95.368,4.997],[95.381,4.962],[95.369,4.949],[95.378,4.921],[95.402,4.894],[95.399,4.869],[95.418,4.855],[95.426,4.836],[95.427,4.809],[95.443,4.809],[95.452,4.784],[95.487,4.757],[95.513,4.719],[95.51,4.706],[95.533,4.684],[95.544,4.659],[95.558,4.668],[95.583,4.661],[95.588,4.636],[95.622,4.613],[95.674,4.569],[95.715,4.529],[95.763,4.492],[95.877,4.367],[95.911,4.407],[95.919,4.433],[95.956,4.506],[95.971,4.523],[96,4.539],[96.02,4.557],[96.047,4.567],[96.051,4.593],[96.029,4.614],[96.042,4.658]]]},"properties":{"name":"Aceh Jaya"}},
{"type":"Feature","geometry":{"type":"Polygon","coordinates":[[[96.942,3.575],[97,3.545],[97.018,3.507],[97.046,3.475],[97.063,3.443],[97.062,3.43],[97.079,3.41],[97.109,3.36],[97.122,3.352],[97.126,3.321],[97.14,3.313],[97.158,3.273],[97.177,3.252],[97.188,3.257],[97.244,3.236],[97.276,3.186],[97.292,3.13],[97.319,3.055],[97.37,2.989],[97.425,2.934],[97.447,2.923],[97.487,2.92],[97.522,2.889],[97.582,2.886],[97.604,2.858],[97.615,2.829],[97.634,2.752],[97.65,2.662],[97.657,2.52],[97.655,2.473],[97.661,2.402],[97.665,2.395],[97.708,2.408],[97.732,2.423],[97.791,2.5],[97.792,2.507],[97.795,2.547],[97.825,2.637],[97.814,2.653],[97.817,2.669],[97.766,2.787],[97.837,2.827],[97.86,2.847],[97.858,2.882],[97.886,2.894],[97.905,2.912],[97.906,2.955],[97.9,2.966],[97.872,2.967],[97.815,2.982],[97.777,2.966],[97.764,2.936],[97.743,2.928],[97.695,2.942],[97.654,2.948],[97.633,2.974],[97.634,3.015],[97.643,3.029],[97.615,3.093],[97.599,3.113],[97.551,3.15],[97.52,3.168],[97.478,3.217],[97.467,3.273],[97.474,3.332],[97.438,3.402],[97.398,3.453],[97.452,3.54],[97.479,3.545],[97.483,3.562],[97.469,3.576],[97.463,3.616],[97.45,3.634],[97.432,3.638],[97.419,3.624],[97.401,3.621],[97.38,3.64],[97.358,3.626],[97.295,3.599],[97.285,3.64],[97.224,3.679],[97.206,3.694],[97.18,3.724],[97.154,3.746],[97.142,3.734],[97.132,3.69],[97.107,3.674],[97.062,3.63],[97.044,3.622],[97.03,3.604],[96.991,3.622],[96.97,3.623],[96.942,3.575]]]},"properties":{"name":"Aceh Selatan"}},
{"type":"Feature","geometry":{"type":"MultiPolygon","coordinates":[[[[97.113,2.114],[97.099,2.093],[97.077,2.079],[97.098,2.032],[97.118,2.035],[97.154,2.055],[97.162,2.069],[97.154,2.086],[97.129,2.108],[97.113,2.114]]],[[[97.169,2.236],[97.161,2.223],[97.119,2.225],[97.127,2.198],[97.144,2.202],[97.17,2.188],[97.214,2.179],[97.219,2.157],[97.261,2.135],[97.265,2.107],[97.287,2.097],[97.317,2.056],[97.346,2.057],[97.345,2.075],[97.359,2.098],[97.336,2.131],[97.343,2.14],[97.331,2.172],[97.309,2.177],[97.292,2.201],[97.3,2.228],[97.236,2.235],[97.227,2.209],[97.195,2.205],[97.169,2.236]]],[[[97.665,2.395],[97.706,2.352],[97.737,2.311],[97.775,2.237],[97.796,2.241],[97.8,2.266],[97.829,2.265],[97.864,2.247],[97.865,2.267],[97.893,2.272],[97.949,2.27],[97.98,2.257],[98.013,2.237],[98.085,2.201],[98.132,2.165],[98.179,2.24],[98.188,2.296],[98.197,2.312],[98.185,2.329],[98.147,2.424],[98.137,2.431],[98.094,2.485],[98.081,2.519],[98.085,2.547],[98.079,2.583],[98.054,2.561],[98.035,2.56],[98.024,2.584],[97.988,2.61],[97.954,2.577],[97.942,2.579],[97.891,2.561],[97.886,2.551],[97.854,2.564],[97.843,2.557],[97.849,2.523],[97.841,2.502],[97.792,2.507],[97.791,2.5],[97.732,2.423],[97.708,2.408],[97.665,2.395]]]]},"properties":{"name":"Aceh Singkil"}},
{"type":"Feature","geometry":{"type":"Polygon","coordinates":[[[98.252,4.289],[98.28,4.33],[98.282,4.365],[98.274,4.397],[98.287,4.416],[98.236,4.46],[98.208,4.478],[98.178,4.489],[98.173,4.5],[98.118,4.523],[98.092,4.522],[98.079,4.513],[98.061,4.505],[98.062,4.478],[98.037,4.48],[98.046,4.456],[98.04,4.426],[98.024,4.416],[97.98,4.393],[97.946,4.388],[97.923,4.351],[97.866,4.345],[97.796,4.344],[97.781,4.349],[97.763,4.339],[97.759,4.316],[97.726,4.274],[97.718,4.247],[97.715,4.204],[97.73,4.145],[97.778,4.107],[97.795,4.056],[97.792,4.022],[97.822,3.986],[97.85,3.934],[97.861,3.923],[97.882,3.937],[97.9,3.936],[97.916,3.885],[97.957,3.902],[97.962,3.933],[97.995,3.945],[98.004,3.964],[98.023,3.967],[98.031,3.986],[98.026,4.014],[98.046,4.024],[98.034,4.057],[98.045,4.074],[98.047,4.12],[98.072,4.143],[98.063,4.189],[98.085,4.193],[98.089,4.226],[98.068,4.246],[98.083,4.257],[98.109,4.252],[98.143,4.26],[98.154,4.287],[98.203,4.297],[98.214,4.287],[98.252,4.289]]]},"properties":{"name":"Aceh Tamiang"}},
{"type":"Feature","geometry":{"type":"Polygon","coordinates":[[[96.491,4.623],[96.527,4.604],[96.559,4.592],[96.582,4.573],[96.59,4.552],[96.588,4.519],[96.604,4.477],[96.599,4.447],[96.584,4.42],[96.618,4.4],[96.632,4.399],[96.648,4.377],[96.678,4.364],[96.749,4.342],[96.778,4.327],[96.792,4.305],[96.821,4.285],[96.844,4.268],[96.887,4.221],[96.91,4.213],[96.922,4.199],[96.95,4.187],[96.99,4.19],[97.018,4.207],[97.067,4.22],[97.103,4.246],[97.128,4.255],[97.162,4.281],[97.177,4.263],[97.194,4.258],[97.217,4.235],[97.225,4.213],[97.252,4.17],[97.273,4.17],[97.357,4.209],[97.348,4.238],[97.36,4.282],[97.357,4.354],[97.368,4.361],[97.369,4.397],[97.347,4.445],[97.344,4.502],[97.328,4.514],[97.294,4.504],[97.275,4.518],[97.319,4.541],[97.322,4.554],[97.313,4.603],[97.283,4.596],[97.261,4.584],[97.216,4.585],[97.194,4.575],[97.145,4.579],[97.095,4.588],[97.019,4.618],[96.983,4.641],[96.954,4.651],[96.84,4.666],[96.802,4.687],[96.792,4.71],[96.778,4.716],[96.746,4.713],[96.709,4.753],[96.684,4.756],[96.701,4.779],[96.706,4.825],[96.693,4.833],[96.687,4.865],[96.69,4.89],[96.682,4.924],[96.657,4.955],[96.6,4.954],[96.536,4.935],[96.513,4.903],[96.497,4.89],[96.467,4.895],[96.45,4.925],[96.425,4.886],[96.397,4.867],[96.376,4.842],[96.35,4.776],[96.281,4.779],[96.269,4.772],[96.26,4.713],[96.282,4.692],[96.315,4.688],[96.369,4.692],[96.409,4.669],[96.448,4.625],[96.486,4.63],[96.491,4.623]]]},"properties":{"name":"Aceh Tengah"}},
{"type":"Feature","geometry":{"type":"Polygon","coordinates":[[[97.815,2.982],[97.829,3],[97.871,3.01],[97.902,3.008],[97.935,2.99],[97.947,3.006],[97.93,3.054],[97.939,3.076],[97.961,3.065],[97.983,3.087],[97.981,3.119],[97.969,3.143],[97.938,3.164],[97.94,3.194],[97.917,3.231],[97.882,3.238],[97.877,3.256],[97.937,3.265],[97.955,3.284],[97.993,3.282],[98.021,3.303],[98.029,3.331],[98.007,3.366],[97.977,3.372],[97.948,3.391],[97.91,3.39],[97.898,3.41],[97.921,3.422],[97.95,3.473],[97.959,3.482],[97.922,3.498],[97.924,3.512],[97.904,3.557],[97.868,3.571],[97.864,3.599],[97.869,3.616],[97.854,3.627],[97.844,3.661],[97.826,3.676],[97.8,3.723],[97.825,3.75],[97.781,3.749],[97.703,3.735],[97.635,3.733],[97.622,3.722],[97.556,3.711],[97.511,3.7],[97.494,3.703],[97.316,3.677],[97.264,3.685],[97.255,3.695],[97.206,3.694],[97.224,3.679],[97.285,3.64],[97.295,3.599],[97.358,3.626],[97.38,3.64],[97.401,3.621],[97.419,3.624],[97.432,3.638],[97.45,3.634],[97.463,3.616],[97.469,3.576],[97.483,3.562],[97.479,3.545],[97.452,3.54],[97.398,3.453],[97.438,3.402],[97.474,3.332],[97.467,3.273],[97.478,3.217],[97.52,3.168],[97.551,3.15],[97.599,3.113],[97.615,3.093],[97.643,3.029],[97.634,3.015],[97.633,2.974],[97.654,2.948],[97.695,2.942],[97.743,2.928],[97.764,2.936],[97.777,2.966],[97.815,2.982]]]},"properties":{"name":"Aceh Tenggara"}},
{"type":"Feature","geometry":{"type":"Polygon","coordinates":[[[98.024,4.416],[97.995,4.409],[97.968,4.426],[97.962,4.442],[97.925,4.435],[97.917,4.452],[97.887,4.448],[97.877,4.458],[97.898,4.506],[97.917,4.529],[97.932,4.534],[97.963,4.528],[97.981,4.543],[97.976,4.558],[97.989,4.581],[98.018,4.611],[97.964,4.665],[97.963,4.715],[97.956,4.746],[97.906,4.879],[97.904,4.89],[97.865,4.894],[97.809,4.932],[97.779,4.962],[97.664,5.06],[97.653,5.115],[97.643,5.127],[97.607,5.135],[97.577,5.166],[97.554,5.213],[97.498,5.249],[97.484,5.241],[97.5,5.168],[97.47,5.14],[97.46,5.112],[97.485,5.078],[97.51,5.065],[97.499,4.977],[97.492,4.947],[97.474,4.942],[97.475,4.913],[97.499,4.898],[97.5,4.87],[97.477,4.839],[97.452,4.835],[97.453,4.819],[97.428,4.806],[97.436,4.789],[97.411,4.78],[97.4,4.767],[97.361,4.769],[97.338,4.778],[97.319,4.741],[97.328,4.711],[97.306,4.662],[97.275,4.659],[97.255,4.649],[97.275,4.632],[97.299,4.629],[97.313,4.603],[97.322,4.554],[97.319,4.541],[97.275,4.518],[97.294,4.504],[97.328,4.514],[97.344,4.502],[97.347,4.445],[97.369,4.397],[97.368,4.361],[97.357,4.354],[97.36,4.282],[97.348,4.238],[97.357,4.209],[97.42,4.176],[97.466,4.159],[97.5,4.156],[97.515,4.186],[97.531,4.194],[97.573,4.186],[97.576,4.211],[97.606,4.254],[97.622,4.245],[97.644,4.22],[97.669,4.242],[97.718,4.247],[97.726,4.274],[97.759,4.316],[97.763,4.339],[97.781,4.349],[97.796,4.344],[97.866,4.345],[97.923,4.351],[97.946,4.388],[97.98,4.393],[98.024,4.416]]]},"properties":{"name":"Aceh Timur"}},
{"type":"Feature","geometry":{"type":"Polygon","coordinates":[[[97.484,5.241],[97.477,5.242],[97.368,5.2],[97.268,5.169],[97.245,5.155],[97.202,5.143],[97.177,5.142],[97.174,5.104],[97.179,5.084],[97.136,5.092],[97.101,5.114],[97.108,5.126],[97.081,5.157],[97.066,5.159],[97.061,5.178],[97.037,5.213],[97.047,5.241],[97.032,5.251],[96.98,5.263],[96.908,5.25],[96.916,5.218],[96.915,5.2],[96.881,5.192],[96.891,5.151],[96.867,5.106],[96.845,5.084],[96.821,5.072],[96.827,5.054],[96.819,5.038],[96.817,4.99],[96.808,4.969],[96.786,4.942],[96.826,4.91],[96.854,4.88],[96.879,4.874],[96.911,4.876],[96.958,4.863],[96.999,4.867],[97.011,4.905],[97.024,4.915],[97.045,4.908],[97.081,4.911],[97.102,4.902],[97.144,4.913],[97.17,4.9],[97.223,4.883],[97.258,4.867],[97.282,4.824],[97.273,4.795],[97.248,4.755],[97.272,4.726],[97.319,4.741],[97.338,4.778],[97.361,4.769],[97.4,4.767],[97.411,4.78],[97.436,4.789],[97.428,4.806],[97.453,4.819],[97.452,4.835],[97.477,4.839],[97.5,4.87],[97.499,4.898],[97.475,4.913],[97.474,4.942],[97.492,4.947],[97.499,4.977],[97.51,5.065],[97.485,5.078],[97.46,5.112],[97.47,5.14],[97.5,5.168],[97.484,5.241]]]},"properties":{"name":"Aceh Utara"}},
{"type":"Feature","geometry":{"type":"Polygon","coordinates":[[[100.536,-0.281],[100.535,-0.253],[100.508,-0.242],[100.448,-0.203],[100.44,-0.172],[100.4,-0.161],[100.378,-0.146],[100.372,-0.113],[100.355,-0.086],[100.332,-0.077],[100.317,-0.046],[100.302,-0.056],[100.264,-0.035],[100.26,-0.057],[100.237,-0.062],[100.16,-0.108],[100.14,-0.102],[100.107,-0.076],[100.076,-0.084],[100.037,-0.081],[100.015,-0.098],[100.013,-0.119],[99.992,-0.14],[99.969,-0.138],[99.919,-0.156],[99.885,-0.162],[99.838,-0.163],[99.805,-0.176],[99.768,-0.171],[99.798,-0.219],[99.802,-0.253],[99.82,-0.301],[99.885,-0.344],[99.916,-0.381],[99.918,-0.401],[99.963,-0.433],[99.979,-0.415],[100.001,-0.358],[100.046,-0.364],[100.067,-0.329],[100.087,-0.325],[100.116,-0.331],[100.136,-0.32],[100.158,-0.36],[100.158,-0.39],[100.188,-0.414],[100.217,-0.415],[100.216,-0.432],[100.238,-0.449],[100.246,-0.468],[100.264,-0.472],[100.283,-0.461],[100.316,-0.429],[100.333,-0.392],[100.381,-0.384],[100.418,-0.392],[100.469,-0.39],[100.481,-0.357],[100.495,-0.341],[100.51,-0.303],[100.536,-0.281]],[[100.397,-0.299],[100.395,-0.326],[100.371,-0.322],[100.334,-0.283],[100.385,-0.283],[100.397,-0.299]]]},"properties":{"name":"Agam"}},
{"type":"Feature","geometry":{"type":"MultiPolygon","coordinates":[[[[123.836,-8.395],[123.835,-8.371],[123.808,-8.373],[123.813,-8.409],[123.836,-8.395]]],[[[123.955,-8.349],[123.911,-8.357],[123.915,-8.38],[123.941,-8.376],[123.955,-8.349]]],[[[124.356,-8.276],[124.339,-8.276],[124.316,-8.296],[124.33,-8.324],[124.362,-8.325],[124.376,-8.295],[124.356,-8.276]]],[[[124.29,-8.174],[124.252,-8.192],[124.23,-8.215],[124.214,-8.258],[124.197,-8.278],[124.185,-8.274],[124.168,-8.291],[124.163,-8.312],[124.133,-8.344],[124.091,-8.374],[124.085,-8.35],[124.085,-8.314],[124.059,-8.293],[124.025,-8.312],[124.006,-8.329],[123.965,-8.347],[123.944,-8.391],[123.936,-8.423],[123.914,-8.437],[123.946,-8.459],[123.952,-8.446],[123.975,-8.434],[123.983,-8.42],[124.033,-8.42],[124.043,-8.449],[124.055,-8.455],[124.055,-8.478],[124.065,-8.491],[124.054,-8.522],[124.056,-8.544],[124.121,-8.545],[124.146,-8.535],[124.17,-8.51],[124.18,-8.484],[124.194,-8.484],[124.212,-8.46],[124.209,-8.416],[124.231,-8.392],[124.246,-8.363],[124.278,-8.339],[124.292,-8.339],[124.31,-8.312],[124.299,-8.268],[124.323,-8.234],[124.329,-8.213],[124.32,-8.18],[124.29,-8.174]]],[[[124.561,-8.124],[124.514,-8.124],[124.505,-8.132],[124.477,-8.128],[124.446,-8.156],[124.443,-8.167],[124.4,-8.215],[124.407,-8.268],[124.453,-8.255],[124.514,-8.219],[124.533,-8.218],[124.539,-8.239],[124.475,-8.255],[124.428,-8.291],[124.407,-8.295],[124.404,-8.318],[124.365,-8.372],[124.341,-8.392],[124.34,-8.416],[124.355,-8.439],[124.373,-8.443],[124.417,-8.439],[124.423,-8.459],[124.469,-8.436],[124.483,-8.423],[124.525,-8.422],[124.54,-8.442],[124.591,-8.433],[124.658,-8.39],[124.691,-8.394],[124.717,-8.405],[124.774,-8.405],[124.881,-8.366],[124.95,-8.356],[124.969,-8.36],[125.014,-8.353],[125.062,-8.357],[125.077,-8.348],[125.126,-8.337],[125.136,-8.315],[125.128,-8.282],[125.143,-8.25],[125.134,-8.219],[125.113,-8.193],[125.099,-8.15],[125.025,-8.149],[124.997,-8.157],[124.954,-8.146],[124.92,-8.163],[124.861,-8.167],[124.813,-8.165],[124.786,-8.149],[124.752,-8.147],[124.725,-8.156],[124.694,-8.157],[124.597,-8.193],[124.593,-8.142],[124.6,-8.122],[124.561,-8.124]]]]},"properties":{"name":"Alor"}},
{"type":"Feature","geometry":{"type":"Polygon","coordinates":[[[99.988,2.855],[99.993,2.942],[99.935,2.974],[99.913,2.996],[99.89,3.04],[99.862,3.035],[99.832,3.06],[99.772,3.132],[99.752,3.17],[99.742,3.153],[99.707,3.125],[99.694,3.105],[99.648,3.106],[99.622,3.13],[99.589,3.111],[99.607,3.094],[99.595,3.066],[99.596,3.045],[99.57,3.038],[99.572,3.07],[99.561,3.07],[99.544,3.038],[99.524,3.026],[99.496,3],[99.497,2.983],[99.474,2.962],[99.455,2.956],[99.444,2.93],[99.398,2.915],[99.376,2.886],[99.36,2.883],[99.333,2.894],[99.296,2.871],[99.266,2.86],[99.248,2.813],[99.212,2.786],[99.208,2.77],[99.17,2.748],[99.134,2.711],[99.119,2.681],[99.089,2.668],[99.074,2.644],[99.074,2.605],[99.098,2.573],[99.132,2.567],[99.145,2.573],[99.181,2.553],[99.184,2.533],[99.208,2.529],[99.23,2.545],[99.248,2.539],[99.277,2.55],[99.304,2.574],[99.349,2.56],[99.373,2.569],[99.41,2.562],[99.433,2.568],[99.461,2.551],[99.5,2.585],[99.56,2.605],[99.57,2.585],[99.583,2.591],[99.609,2.575],[99.643,2.576],[99.668,2.587],[99.697,2.587],[99.751,2.625],[99.867,2.73],[99.926,2.794],[99.988,2.855]],[[99.805,3.017],[99.819,2.995],[99.809,2.97],[99.835,2.955],[99.837,2.937],[99.816,2.924],[99.804,2.929],[99.775,2.921],[99.753,2.942],[99.763,2.969],[99.782,2.97],[99.766,3.009],[99.795,3.009],[99.805,3.017]]]},"properties":{"name":"Asahan"}},
{"type":"Feature","geometry":{"type":"Polygon","coordinates":[[[138.869,-4.728],[138.825,-4.728],[138.718,-4.741],[138.643,-4.74],[138.583,-4.726],[138.341,-4.678],[138.137,-4.631],[138.112,-4.628],[137.966,-4.598],[137.913,-4.606],[137.87,-4.606],[137.751,-4.628],[137.577,-4.652],[137.614,-4.73],[137.651,-4.791],[137.688,-4.819],[137.737,-4.834],[137.814,-4.894],[137.815,-4.944],[137.791,-4.971],[137.706,-5.023],[137.653,-5.041],[137.628,-5.078],[137.602,-5.087],[137.606,-5.107],[137.627,-5.116],[137.63,-5.13],[137.606,-5.139],[137.577,-5.136],[137.555,-5.147],[137.55,-5.169],[137.56,-5.178],[137.639,-5.214],[137.653,-5.208],[137.683,-5.22],[137.681,-5.238],[137.716,-5.275],[137.732,-5.281],[137.742,-5.309],[137.724,-5.334],[137.721,-5.351],[137.744,-5.374],[137.762,-5.361],[137.796,-5.37],[137.81,-5.38],[137.874,-5.357],[137.982,-5.476],[138.012,-5.502],[138.047,-5.503],[138.084,-5.525],[138.074,-5.553],[138.051,-5.577],[138.043,-5.612],[138.05,-5.674],[138.073,-5.735],[138.096,-5.733],[138.141,-5.719],[138.167,-5.721],[138.176,-5.743],[138.159,-5.754],[138.156,-5.776],[138.163,-5.804],[138.191,-5.825],[138.231,-5.824],[138.269,-5.836],[138.277,-5.862],[138.252,-5.876],[138.256,-5.924],[138.28,-5.943],[138.308,-5.99],[138.326,-6.034],[138.349,-6.071],[138.352,-6.096],[138.395,-6.171],[138.383,-6.199],[138.411,-6.294],[138.431,-6.323],[138.421,-6.338],[138.432,-6.362],[138.493,-6.42],[138.531,-6.449],[138.58,-6.494],[138.641,-6.567],[138.664,-6.546],[138.672,-6.521],[138.7,-6.508],[138.746,-6.515],[138.781,-6.481],[138.851,-6.481],[138.916,-6.419],[138.924,-6.42],[138.933,-6.087],[138.943,-5.723],[139.259,-5.547],[139.644,-5.041],[139.511,-5.006],[139.304,-4.938],[139.134,-4.826],[139.03,-4.737],[138.95,-4.726],[138.869,-4.728]]]},"properties":{"name":"Asmat"}},
{"type":"Feature","geometry":{"type":"Polygon","coordinates":[[[115.251,-8.314],[115.243,-8.297],[115.249,-8.256],[115.232,-8.24],[115.204,-8.249],[115.186,-8.247],[115.188,-8.273],[115.209,-8.313],[115.196,-8.362],[115.212,-8.397],[115.217,-8.431],[115.211,-8.457],[115.185,-8.446],[115.177,-8.487],[115.183,-8.5],[115.165,-8.531],[115.15,-8.579],[115.157,-8.592],[115.139,-8.616],[115.129,-8.608],[115.099,-8.636],[115.143,-8.67],[115.161,-8.698],[115.169,-8.724],[115.16,-8.746],[115.168,-8.757],[115.162,-8.782],[115.142,-8.78],[115.116,-8.803],[115.088,-8.815],[115.089,-8.838],[115.112,-8.845],[115.167,-8.849],[115.218,-8.832],[115.237,-8.802],[115.224,-8.774],[115.208,-8.786],[115.181,-8.759],[115.187,-8.736],[115.187,-8.711],[115.176,-8.683],[115.182,-8.629],[115.215,-8.596],[115.242,-8.603],[115.249,-8.571],[115.231,-8.538],[115.231,-8.518],[115.243,-8.5],[115.242,-8.465],[115.23,-8.445],[115.225,-8.391],[115.251,-8.314]]]},"properties":{"name":"Badung"}},
{"type":"Feature","geometry":{"type":"Polygon","coordinates":[[[115.85,-2.389],[115.851,-2.369],[115.831,-2.325],[115.833,-2.313],[115.854,-2.299],[115.836,-2.287],[115.815,-2.239],[115.817,-2.218],[115.801,-2.182],[115.809,-2.169],[115.81,-2.097],[115.83,-2.085],[115.837,-2.059],[115.804,-2.038],[115.773,-2.052],[115.754,-2.05],[115.725,-2.026],[115.748,-1.995],[115.721,-1.99],[115.705,-2.037],[115.706,-2.058],[115.693,-2.082],[115.627,-2.155],[115.605,-2.145],[115.591,-2.152],[115.578,-2.181],[115.518,-2.208],[115.501,-2.239],[115.482,-2.256],[115.464,-2.261],[115.447,-2.276],[115.401,-2.301],[115.356,-2.342],[115.343,-2.354],[115.319,-2.359],[115.318,-2.402],[115.345,-2.401],[115.359,-2.421],[115.402,-2.441],[115.471,-2.462],[115.501,-2.462],[115.559,-2.486],[115.598,-2.485],[115.604,-2.499],[115.638,-2.509],[115.686,-2.514],[115.681,-2.539],[115.693,-2.546],[115.699,-2.572],[115.721,-2.591],[115.759,-2.569],[115.771,-2.529],[115.804,-2.504],[115.813,-2.484],[115.809,-2.42],[115.85,-2.389]]]},"properties":{"name":"Balangan"}},
{"type":"Feature","geometry":{"type":"Polygon","coordinates":[[[107.75,-6.813],[107.727,-6.811],[107.722,-6.829],[107.703,-6.84],[107.692,-6.829],[107.661,-6.832],[107.629,-6.856],[107.629,-6.88],[107.642,-6.894],[107.665,-6.89],[107.689,-6.897],[107.715,-6.89],[107.739,-6.902],[107.713,-6.948],[107.716,-6.962],[107.694,-6.97],[107.617,-6.961],[107.585,-6.962],[107.563,-6.951],[107.547,-6.927],[107.525,-6.921],[107.518,-6.956],[107.504,-6.983],[107.488,-6.98],[107.473,-7.054],[107.448,-7.048],[107.419,-7.062],[107.407,-7.109],[107.392,-7.121],[107.346,-7.108],[107.312,-7.108],[107.315,-7.153],[107.306,-7.164],[107.253,-7.195],[107.251,-7.208],[107.302,-7.209],[107.325,-7.204],[107.346,-7.239],[107.357,-7.236],[107.424,-7.26],[107.477,-7.257],[107.546,-7.258],[107.557,-7.251],[107.582,-7.277],[107.599,-7.283],[107.605,-7.308],[107.628,-7.299],[107.641,-7.304],[107.658,-7.29],[107.674,-7.313],[107.709,-7.309],[107.738,-7.274],[107.733,-7.26],[107.71,-7.248],[107.707,-7.228],[107.731,-7.213],[107.722,-7.198],[107.74,-7.167],[107.754,-7.173],[107.798,-7.157],[107.808,-7.144],[107.812,-7.099],[107.831,-7.091],[107.835,-7.069],[107.877,-7.05],[107.923,-7.053],[107.907,-7.025],[107.907,-6.992],[107.897,-6.983],[107.915,-6.953],[107.885,-6.962],[107.84,-6.969],[107.774,-6.959],[107.759,-6.944],[107.759,-6.892],[107.744,-6.876],[107.741,-6.855],[107.75,-6.813]]]},"properties":{"name":"Bandung"}},
{"type":"Feature","geometry":{"type":"Polygon","coordinates":[[[107.525,-6.921],[107.511,-6.901],[107.538,-6.852],[107.567,-6.862],[107.571,-6.882],[107.577,-6.866],[107.597,-6.843],[107.629,-6.856],[107.661,-6.832],[107.692,-6.829],[107.703,-6.84],[107.722,-6.829],[107.727,-6.811],[107.708,-6.793],[107.688,-6.798],[107.669,-6.777],[107.627,-6.773],[107.604,-6.749],[107.596,-6.729],[107.571,-6.736],[107.57,-6.771],[107.549,-6.773],[107.522,-6.748],[107.487,-6.735],[107.452,-6.7],[107.425,-6.7],[107.409,-6.689],[107.368,-6.701],[107.353,-6.697],[107.327,-6.727],[107.337,-6.757],[107.325,-6.768],[107.298,-6.753],[107.293,-6.784],[107.314,-6.799],[107.317,-6.823],[107.323,-6.84],[107.349,-6.866],[107.342,-6.886],[107.323,-6.888],[107.312,-6.904],[107.283,-6.923],[107.255,-6.927],[107.19,-6.968],[107.185,-6.983],[107.196,-7.021],[107.186,-7.058],[107.224,-7.057],[107.253,-7.049],[107.272,-7.073],[107.312,-7.108],[107.346,-7.108],[107.392,-7.121],[107.407,-7.109],[107.419,-7.062],[107.448,-7.048],[107.473,-7.054],[107.488,-6.98],[107.504,-6.983],[107.518,-6.956],[107.525,-6.921]]]},"properties":{"name":"Bandung Barat"}},
{"type":"Feature","geometry":{"type":"MultiPolygon","coordinates":[[[[122.064,-1.616],[122.092,-1.617],[122.155,-1.608],[122.197,-1.609],[122.222,-1.6],[122.244,-1.574],[122.254,-1.573],[122.304,-1.533],[122.324,-1.523],[122.359,-1.517],[122.392,-1.493],[122.409,-1.457],[122.43,-1.429],[122.472,-1.404],[122.488,-1.386],[122.493,-1.361],[122.53,-1.338],[122.56,-1.312],[122.57,-1.286],[122.56,-1.268],[122.599,-1.248],[122.633,-1.235],[122.629,-1.202],[122.643,-1.171],[122.662,-1.164],[122.669,-1.138],[122.715,-1.134],[122.714,-1.115],[122.728,-1.086],[122.767,-1.049],[122.798,-1.003],[122.787,-0.975],[122.802,-0.942],[122.823,-0.932],[122.865,-0.923],[122.881,-0.93],[122.982,-0.901],[123.001,-0.9],[123.025,-0.909],[123.059,-0.897],[123.06,-0.871],[123.106,-0.838],[123.128,-0.855],[123.151,-0.885],[123.139,-0.926],[123.158,-0.95],[123.193,-0.971],[123.208,-0.99],[123.246,-1.008],[123.265,-1.042],[123.308,-1.051],[123.353,-1.033],[123.374,-1.009],[123.377,-0.976],[123.397,-0.953],[123.384,-0.931],[123.392,-0.89],[123.407,-0.861],[123.434,-0.843],[123.433,-0.82],[123.452,-0.759],[123.438,-0.728],[123.441,-0.708],[123.419,-0.709],[123.396,-0.692],[123.381,-0.663],[123.406,-0.655],[123.349,-0.625],[123.309,-0.61],[123.268,-0.582],[123.235,-0.582],[123.203,-0.57],[123.164,-0.584],[123.113,-0.57],[123.09,-0.577],[123.057,-0.564],[123.042,-0.595],[123.012,-0.601],[122.999,-0.617],[122.968,-0.619],[122.956,-0.634],[122.94,-0.621],[122.874,-0.629],[122.852,-0.629],[122.834,-0.641],[122.807,-0.634],[122.781,-0.67],[122.726,-0.661],[122.766,-0.698],[122.804,-0.708],[122.815,-0.703],[122.85,-0.713],[122.869,-0.711],[122.887,-0.722],[122.894,-0.739],[122.936,-0.736],[122.929,-0.762],[122.863,-0.776],[122.857,-0.768],[122.822,-0.781],[122.791,-0.776],[122.728,-0.813],[122.686,-0.81],[122.667,-0.8],[122.631,-0.764],[122.615,-0.761],[122.58,-0.784],[122.56,-0.78],[122.522,-0.784],[122.5,-0.771],[122.459,-0.759],[122.414,-0.783],[122.383,-0.784],[122.36,-0.776],[122.331,-0.777],[122.31,-0.793],[122.264,-0.786],[122.2,-0.788],[122.187,-0.812],[122.159,-0.814],[122.166,-0.838],[122.147,-0.86],[122.145,-0.905],[122.119,-0.939],[122.093,-0.955],[122.076,-0.944],[122.037,-0.941],[122.019,-0.932],[121.989,-0.942],[121.977,-0.966],[121.942,-0.989],[121.91,-0.989],[121.894,-0.975],[121.856,-0.969],[121.852,-0.984],[121.859,-1.028],[121.871,-1.063],[121.898,-1.09],[121.92,-1.094],[121.935,-1.124],[121.949,-1.114],[121.982,-1.122],[122.019,-1.141],[122.043,-1.14],[122.055,-1.176],[122.093,-1.226],[122.101,-1.249],[122.085,-1.3],[122.048,-1.333],[122.042,-1.346],[122.008,-1.343],[122.029,-1.354],[122.042,-1.392],[122.054,-1.412],[122.043,-1.441],[122.024,-1.442],[122.015,-1.467],[122.043,-1.493],[122.032,-1.522],[122.03,-1.567],[122.064,-1.616]]],[[[122.605,-0.482],[122.57,-0.493],[122.53,-0.492],[122.558,-0.519],[122.585,-0.504],[122.616,-0.503],[122.605,-0.482]]]]},"properties":{"name":"Banggai"}},
{"type":"Feature","geometry":{"type":"MultiPolygon","coordinates":[[[[123.322,-1.218],[123.326,-1.191],[123.304,-1.177],[123.279,-1.196],[123.28,-1.222],[123.299,-1.284],[123.311,-1.273],[123.322,-1.218]]],[[[123.171,-1.149],[123.164,-1.152],[123.161,-1.187],[123.133,-1.192],[123.109,-1.163],[123.046,-1.179],[123.033,-1.178],[122.967,-1.215],[122.946,-1.185],[122.912,-1.18],[122.882,-1.215],[122.882,-1.228],[122.863,-1.259],[122.836,-1.273],[122.816,-1.308],[122.817,-1.333],[122.796,-1.371],[122.788,-1.445],[122.798,-1.492],[122.826,-1.493],[122.828,-1.513],[122.841,-1.526],[122.854,-1.559],[122.849,-1.578],[122.869,-1.596],[122.905,-1.6],[122.924,-1.585],[122.94,-1.552],[122.964,-1.546],[123.003,-1.5],[123.017,-1.493],[123.043,-1.418],[123.11,-1.314],[123.135,-1.301],[123.161,-1.302],[123.156,-1.369],[123.169,-1.395],[123.172,-1.453],[123.185,-1.514],[123.169,-1.536],[123.145,-1.546],[123.126,-1.568],[123.107,-1.567],[123.098,-1.593],[123.115,-1.612],[123.133,-1.607],[123.151,-1.617],[123.163,-1.64],[123.194,-1.614],[123.232,-1.602],[123.237,-1.644],[123.261,-1.625],[123.245,-1.596],[123.238,-1.556],[123.251,-1.519],[123.247,-1.5],[123.257,-1.488],[123.256,-1.443],[123.282,-1.437],[123.284,-1.42],[123.3,-1.41],[123.322,-1.426],[123.329,-1.454],[123.353,-1.483],[123.389,-1.502],[123.404,-1.522],[123.426,-1.515],[123.458,-1.515],[123.486,-1.47],[123.509,-1.46],[123.539,-1.396],[123.534,-1.367],[123.552,-1.344],[123.56,-1.309],[123.56,-1.282],[123.531,-1.274],[123.518,-1.263],[123.487,-1.27],[123.473,-1.25],[123.443,-1.239],[123.43,-1.27],[123.404,-1.252],[123.401,-1.234],[123.381,-1.221],[123.365,-1.227],[123.331,-1.267],[123.314,-1.304],[123.297,-1.305],[123.279,-1.329],[123.284,-1.358],[123.261,-1.39],[123.239,-1.383],[123.219,-1.365],[123.186,-1.306],[123.196,-1.296],[123.196,-1.27],[123.224,-1.263],[123.234,-1.236],[123.246,-1.224],[123.221,-1.209],[123.217,-1.191],[123.194,-1.154],[123.171,-1.149]]]]},"properties":{"name":"Banggai Kepulauan"}},
{"type":"Feature","geometry":{"type":"MultiPolygon","coordinates":[[[[123.863,-2.009],[123.844,-2.058],[123.876,-2.082],[123.897,-2.082],[123.882,-2.05],[123.88,-2.029],[123.863,-2.009]]],[[[123.767,-2.008],[123.757,-2.027],[123.768,-2.053],[123.785,-2.028],[123.767,-2.008]]],[[[123.739,-1.946],[123.739,-1.916],[123.732,-1.898],[123.708,-1.921],[123.698,-1.945],[123.712,-1.963],[123.739,-1.946]]],[[[123.653,-1.903],[123.644,-1.913],[123.648,-1.961],[123.664,-1.958],[123.653,-1.903]]],[[[123.678,-1.883],[123.663,-1.891],[123.677,-1.927],[123.687,-1.927],[123.678,-1.883]]],[[[123.789,-1.886],[123.776,-1.892],[123.778,-1.926],[123.771,-1.943],[123.784,-1.957],[123.785,-1.983],[123.812,-2.016],[123.86,-2.005],[123.864,-1.983],[123.804,-1.893],[123.789,-1.886]]],[[[124.009,-1.817],[123.988,-1.823],[124.018,-1.89],[124.034,-1.888],[124.024,-1.844],[124.009,-1.817]]],[[[123.106,-1.775],[123.089,-1.767],[123.063,-1.828],[123.06,-1.881],[123.048,-1.911],[123.062,-1.926],[123.089,-1.911],[123.108,-1.876],[123.133,-1.87],[123.147,-1.84],[123.145,-1.799],[123.13,-1.781],[123.106,-1.775]]],[[[124.174,-1.744],[124.151,-1.735],[124.14,-1.746],[124.168,-1.768],[124.174,-1.744]]],[[[123.377,-1.672],[123.356,-1.678],[123.309,-1.721],[123.289,-1.746],[123.27,-1.785],[123.292,-1.795],[123.316,-1.782],[123.339,-1.736],[123.35,-1.739],[123.386,-1.719],[123.386,-1.69],[123.377,-1.672]]],[[[123.532,-1.478],[123.528,-1.508],[123.499,-1.508],[123.5,-1.527],[123.484,-1.536],[123.478,-1.571],[123.5,-1.592],[123.48,-1.623],[123.487,-1.634],[123.473,-1.654],[123.485,-1.682],[123.489,-1.714],[123.537,-1.726],[123.555,-1.718],[123.568,-1.728],[123.581,-1.711],[123.596,-1.715],[123.613,-1.695],[123.61,-1.643],[123.623,-1.624],[123.612,-1.605],[123.577,-1.611],[123.56,-1.599],[123.554,-1.565],[123.562,-1.544],[123.553,-1.528],[123.544,-1.488],[123.532,-1.478]]]]},"properties":{"name":"Banggai Laut"}},
{"type":"Feature","geometry":{"type":"Polygon","coordinates":[[[106.151,-2.083],[106.164,-2.068],[106.15,-1.995],[106.162,-1.953],[106.166,-1.923],[106.186,-1.896],[106.171,-1.873],[106.15,-1.868],[106.124,-1.837],[106.116,-1.799],[106.087,-1.776],[106.091,-1.763],[106.073,-1.748],[106.061,-1.715],[106.029,-1.682],[106.021,-1.653],[106.023,-1.632],[106.049,-1.6],[106.02,-1.586],[105.972,-1.549],[105.952,-1.56],[105.932,-1.552],[105.909,-1.533],[105.921,-1.509],[105.89,-1.502],[105.879,-1.52],[105.843,-1.523],[105.815,-1.531],[105.755,-1.533],[105.721,-1.528],[105.719,-1.583],[105.74,-1.609],[105.733,-1.632],[105.753,-1.637],[105.762,-1.659],[105.757,-1.677],[105.742,-1.683],[105.754,-1.728],[105.779,-1.744],[105.795,-1.78],[105.826,-1.803],[105.788,-1.808],[105.774,-1.767],[105.744,-1.782],[105.76,-1.816],[105.747,-1.863],[105.706,-1.896],[105.702,-1.924],[105.717,-1.945],[105.741,-1.939],[105.751,-1.974],[105.775,-1.989],[105.77,-2.029],[105.75,-2.06],[105.765,-2.105],[105.759,-2.144],[105.781,-2.16],[105.794,-2.195],[105.786,-2.212],[105.793,-2.228],[105.788,-2.252],[105.809,-2.28],[105.826,-2.311],[105.806,-2.37],[105.83,-2.348],[105.866,-2.334],[105.9,-2.339],[105.92,-2.307],[105.92,-2.265],[105.912,-2.25],[105.918,-2.23],[105.933,-2.221],[105.965,-2.245],[105.992,-2.221],[106.021,-2.214],[106.056,-2.169],[106.068,-2.168],[106.089,-2.145],[106.082,-2.127],[106.04,-2.113],[106.045,-2.075],[106.09,-2.078],[106.13,-2.057],[106.151,-2.083]]]},"properties":{"name":"Bangka"}},
{"type":"Feature","geometry":{"type":"Polygon","coordinates":[[[105.744,-1.782],[105.694,-1.781],[105.669,-1.762],[105.654,-1.726],[105.67,-1.7],[105.698,-1.676],[105.719,-1.649],[105.675,-1.654],[105.652,-1.651],[105.628,-1.626],[105.622,-1.591],[105.6,-1.548],[105.605,-1.53],[105.568,-1.532],[105.554,-1.557],[105.517,-1.566],[105.469,-1.561],[105.42,-1.607],[105.398,-1.609],[105.389,-1.636],[105.34,-1.661],[105.35,-1.686],[105.343,-1.702],[105.374,-1.719],[105.389,-1.736],[105.398,-1.762],[105.388,-1.797],[105.369,-1.825],[105.339,-1.851],[105.297,-1.873],[105.265,-1.896],[105.242,-1.901],[105.213,-1.916],[105.162,-1.93],[105.152,-1.948],[105.125,-1.959],[105.133,-1.974],[105.127,-1.997],[105.108,-2.024],[105.121,-2.037],[105.125,-2.075],[105.181,-2.074],[105.229,-2.066],[105.258,-2.086],[105.288,-2.139],[105.303,-2.153],[105.32,-2.132],[105.362,-2.12],[105.388,-2.13],[105.419,-2.118],[105.436,-2.133],[105.47,-2.104],[105.513,-2.083],[105.537,-2.083],[105.572,-2.094],[105.59,-2.124],[105.649,-2.117],[105.68,-2.13],[105.725,-2.126],[105.759,-2.144],[105.765,-2.105],[105.75,-2.06],[105.77,-2.029],[105.775,-1.989],[105.751,-1.974],[105.741,-1.939],[105.717,-1.945],[105.702,-1.924],[105.706,-1.896],[105.747,-1.863],[105.76,-1.816],[105.744,-1.782]]]},"properties":{"name":"Bangka Barat"}},
{"type":"Feature","geometry":{"type":"MultiPolygon","coordinates":[[[[106.804,-2.886],[106.783,-2.908],[106.747,-2.925],[106.712,-2.961],[106.731,-2.978],[106.772,-2.996],[106.791,-3.018],[106.856,-3.039],[106.881,-3.022],[106.88,-3.008],[106.906,-2.966],[106.911,-2.944],[106.89,-2.929],[106.847,-2.919],[106.833,-2.9],[106.804,-2.886]]],[[[106.736,-2.867],[106.719,-2.89],[106.735,-2.904],[106.749,-2.882],[106.736,-2.867]]],[[[107.058,-2.821],[107.03,-2.854],[107.019,-2.878],[107.044,-2.902],[107.074,-2.908],[107.095,-2.875],[107.09,-2.856],[107.058,-2.821]]],[[[106.662,-2.716],[106.638,-2.713],[106.633,-2.695],[106.602,-2.691],[106.557,-2.661],[106.522,-2.653],[106.493,-2.657],[106.491,-2.618],[106.45,-2.617],[106.444,-2.593],[106.458,-2.573],[106.443,-2.563],[106.41,-2.569],[106.378,-2.565],[106.36,-2.547],[106.33,-2.552],[106.302,-2.55],[106.297,-2.564],[106.272,-2.577],[106.236,-2.585],[106.2,-2.564],[106.201,-2.523],[106.222,-2.505],[106.225,-2.465],[106.196,-2.468],[106.177,-2.484],[106.121,-2.501],[106.112,-2.489],[106.069,-2.501],[106.051,-2.517],[106.031,-2.513],[106.026,-2.483],[106.045,-2.463],[106.028,-2.437],[106.005,-2.445],[105.984,-2.469],[105.933,-2.47],[105.938,-2.53],[105.917,-2.545],[105.913,-2.563],[105.892,-2.596],[105.899,-2.605],[105.887,-2.638],[105.903,-2.67],[105.916,-2.71],[105.919,-2.744],[105.955,-2.788],[105.95,-2.82],[105.968,-2.815],[106.032,-2.832],[106.058,-2.83],[106.095,-2.837],[106.126,-2.852],[106.142,-2.876],[106.193,-2.874],[106.233,-2.9],[106.262,-2.899],[106.288,-2.908],[106.321,-2.933],[106.329,-2.963],[106.35,-2.971],[106.414,-2.967],[106.43,-2.975],[106.441,-3.012],[106.469,-3.026],[106.491,-3.05],[106.499,-3.069],[106.491,-3.088],[106.513,-3.114],[106.545,-3.102],[106.568,-3.082],[106.595,-3.076],[106.606,-3.084],[106.653,-3.087],[106.657,-3.101],[106.684,-3.089],[106.707,-3.094],[106.743,-3.056],[106.729,-3.032],[106.741,-3.007],[106.694,-3.003],[106.668,-2.978],[106.639,-2.974],[106.609,-2.963],[106.592,-2.939],[106.591,-2.919],[106.602,-2.863],[106.619,-2.832],[106.632,-2.792],[106.662,-2.716]]]]},"properties":{"name":"Bangka Selatan"}},
{"type":"Feature","geometry":{"type":"Polygon","coordinates":[[[105.806,-2.37],[105.818,-2.381],[105.835,-2.413],[105.868,-2.428],[105.881,-2.428],[105.913,-2.444],[105.933,-2.47],[105.984,-2.469],[106.005,-2.445],[106.028,-2.437],[106.045,-2.463],[106.026,-2.483],[106.031,-2.513],[106.051,-2.517],[106.069,-2.501],[106.112,-2.489],[106.121,-2.501],[106.177,-2.484],[106.196,-2.468],[106.225,-2.465],[106.222,-2.505],[106.201,-2.523],[106.2,-2.564],[106.236,-2.585],[106.272,-2.577],[106.297,-2.564],[106.302,-2.55],[106.33,-2.552],[106.36,-2.547],[106.378,-2.565],[106.41,-2.569],[106.443,-2.563],[106.458,-2.573],[106.444,-2.593],[106.45,-2.617],[106.491,-2.618],[106.493,-2.657],[106.522,-2.653],[106.557,-2.661],[106.602,-2.691],[106.633,-2.695],[106.638,-2.713],[106.662,-2.716],[106.708,-2.643],[106.763,-2.598],[106.809,-2.579],[106.838,-2.587],[106.841,-2.572],[106.755,-2.557],[106.698,-2.542],[106.569,-2.521],[106.482,-2.498],[106.447,-2.473],[106.424,-2.48],[106.372,-2.473],[106.346,-2.46],[106.307,-2.422],[106.299,-2.421],[106.258,-2.353],[106.238,-2.329],[106.226,-2.299],[106.226,-2.255],[106.206,-2.222],[106.203,-2.194],[106.178,-2.149],[106.156,-2.161],[106.133,-2.146],[106.112,-2.155],[106.089,-2.145],[106.068,-2.168],[106.056,-2.169],[106.021,-2.214],[105.992,-2.221],[105.965,-2.245],[105.933,-2.221],[105.918,-2.23],[105.912,-2.25],[105.92,-2.265],[105.92,-2.307],[105.9,-2.339],[105.866,-2.334],[105.83,-2.348],[105.806,-2.37]]]},"properties":{"name":"Bangka Tengah"}},
{"type":"Feature","geometry":{"type":"Polygon","coordinates":[[[113.125,-6.893],[113.064,-6.882],[113.01,-6.881],[112.92,-6.894],[112.859,-6.893],[112.835,-6.916],[112.814,-6.953],[112.775,-6.997],[112.741,-7.019],[112.723,-7.038],[112.682,-7.032],[112.673,-7.073],[112.686,-7.096],[112.706,-7.097],[112.691,-7.154],[112.718,-7.172],[112.752,-7.171],[112.777,-7.159],[112.865,-7.163],[112.965,-7.2],[113.014,-7.205],[113.04,-7.213],[113.058,-7.188],[113.058,-7.164],[113.077,-7.151],[113.116,-7.105],[113.109,-7.077],[113.115,-7.032],[113.133,-7.036],[113.148,-6.985],[113.134,-6.976],[113.105,-6.987],[113.108,-6.956],[113.095,-6.946],[113.118,-6.927],[113.125,-6.893]]]},"properties":{"name":"Bangkalan"}},
{"type":"Feature","geometry":{"type":"Polygon","coordinates":[[[115.251,-8.314],[115.292,-8.332],[115.328,-8.331],[115.337,-8.38],[115.331,-8.414],[115.318,-8.439],[115.325,-8.452],[115.33,-8.505],[115.336,-8.524],[115.358,-8.521],[115.354,-8.511],[115.376,-8.46],[115.402,-8.463],[115.415,-8.434],[115.417,-8.404],[115.396,-8.362],[115.411,-8.338],[115.432,-8.276],[115.449,-8.252],[115.438,-8.218],[115.454,-8.198],[115.436,-8.181],[115.409,-8.192],[115.345,-8.149],[115.32,-8.155],[115.288,-8.171],[115.26,-8.172],[115.242,-8.186],[115.243,-8.216],[115.232,-8.24],[115.249,-8.256],[115.243,-8.297],[115.251,-8.314]]]},"properties":{"name":"Bangli"}},
{"type":"Feature","geometry":{"type":"Polygon","coordinates":[[[115.557,-2.828],[115.507,-2.885],[115.485,-2.916],[115.477,-2.941],[115.442,-2.962],[115.435,-2.976],[115.412,-2.983],[115.388,-2.978],[115.357,-2.985],[115.346,-2.966],[115.324,-2.968],[115.313,-2.981],[115.279,-2.996],[115.267,-3.02],[115.238,-3.05],[115.22,-3.038],[115.203,-3.076],[115.169,-3.116],[115.242,-3.135],[115.24,-3.162],[115.197,-3.209],[115.17,-3.207],[115.113,-3.193],[115.089,-3.183],[115.048,-3.157],[115.002,-3.122],[114.868,-3.036],[114.828,-3.015],[114.83,-3.074],[114.82,-3.134],[114.816,-3.2],[114.776,-3.23],[114.754,-3.234],[114.639,-3.276],[114.628,-3.312],[114.66,-3.336],[114.625,-3.351],[114.608,-3.372],[114.586,-3.382],[114.545,-3.374],[114.522,-3.363],[114.507,-3.389],[114.52,-3.439],[114.512,-3.464],[114.516,-3.496],[114.511,-3.538],[114.517,-3.544],[114.586,-3.533],[114.621,-3.531],[114.704,-3.513],[114.697,-3.475],[114.705,-3.437],[114.719,-3.426],[114.741,-3.371],[114.825,-3.425],[114.855,-3.427],[114.868,-3.435],[114.93,-3.446],[114.93,-3.494],[114.923,-3.541],[114.929,-3.558],[114.918,-3.573],[114.92,-3.596],[114.919,-3.61],[114.957,-3.614],[114.968,-3.639],[114.935,-3.688],[114.937,-3.723],[114.957,-3.731],[114.983,-3.7],[115.083,-3.669],[115.122,-3.634],[115.15,-3.635],[115.188,-3.61],[115.237,-3.604],[115.247,-3.596],[115.273,-3.572],[115.311,-3.55],[115.334,-3.514],[115.38,-3.506],[115.412,-3.489],[115.418,-3.459],[115.407,-3.444],[115.424,-3.434],[115.43,-3.408],[115.43,-3.363],[115.444,-3.336],[115.46,-3.329],[115.453,-3.306],[115.457,-3.286],[115.445,-3.274],[115.407,-3.27],[115.403,-3.249],[115.414,-3.229],[115.422,-3.159],[115.439,-3.137],[115.477,-3.105],[115.494,-3.125],[115.52,-3.104],[115.529,-3.087],[115.552,-3.075],[115.562,-3.06],[115.512,-3.029],[115.517,-3],[115.533,-2.983],[115.547,-2.94],[115.575,-2.934],[115.596,-2.892],[115.577,-2.883],[115.572,-2.852],[115.557,-2.828]]]},"properties":{"name":"Banjar"}},
{"type":"Feature","geometry":{"type":"Polygon","coordinates":[[[109.915,-7.196],[109.849,-7.178],[109.833,-7.19],[109.799,-7.171],[109.762,-7.177],[109.726,-7.202],[109.69,-7.195],[109.681,-7.175],[109.635,-7.178],[109.611,-7.211],[109.596,-7.206],[109.579,-7.222],[109.552,-7.231],[109.539,-7.244],[109.569,-7.265],[109.585,-7.293],[109.567,-7.301],[109.563,-7.332],[109.527,-7.324],[109.518,-7.343],[109.534,-7.357],[109.542,-7.407],[109.517,-7.413],[109.489,-7.443],[109.43,-7.46],[109.411,-7.477],[109.394,-7.474],[109.362,-7.485],[109.365,-7.51],[109.404,-7.541],[109.433,-7.536],[109.437,-7.527],[109.468,-7.522],[109.485,-7.511],[109.508,-7.509],[109.526,-7.516],[109.551,-7.512],[109.594,-7.513],[109.639,-7.482],[109.684,-7.503],[109.711,-7.483],[109.752,-7.462],[109.771,-7.447],[109.802,-7.451],[109.827,-7.448],[109.833,-7.423],[109.791,-7.409],[109.758,-7.389],[109.788,-7.341],[109.84,-7.286],[109.855,-7.241],[109.87,-7.227],[109.907,-7.222],[109.915,-7.196]]]},"properties":{"name":"Banjarnegara"}},
{"type":"Feature","geometry":{"type":"Polygon","coordinates":[[[119.955,-5.355],[119.937,-5.356],[119.937,-5.387],[119.937,-5.408],[119.923,-5.435],[119.88,-5.491],[119.873,-5.519],[119.856,-5.554],[119.898,-5.557],[119.907,-5.577],[119.93,-5.547],[119.973,-5.559],[120.001,-5.561],[120.016,-5.569],[120.084,-5.588],[120.101,-5.586],[120.1,-5.549],[120.091,-5.491],[120.031,-5.413],[120.029,-5.393],[120.012,-5.387],[119.985,-5.392],[119.955,-5.355]]]},"properties":{"name":"Bantaeng"}},
{"type":"Feature","geometry":{"type":"Polygon","coordinates":[[[110.397,-7.788],[110.404,-7.833],[110.375,-7.824],[110.352,-7.825],[110.351,-7.768],[110.344,-7.792],[110.321,-7.804],[110.289,-7.834],[110.284,-7.808],[110.29,-7.789],[110.257,-7.797],[110.233,-7.815],[110.222,-7.835],[110.257,-7.867],[110.273,-7.891],[110.27,-7.928],[110.248,-7.928],[110.232,-7.96],[110.204,-7.983],[110.273,-8.009],[110.34,-8.028],[110.331,-7.999],[110.351,-7.996],[110.367,-7.973],[110.381,-7.982],[110.396,-7.97],[110.422,-7.974],[110.444,-7.967],[110.444,-7.951],[110.476,-7.965],[110.488,-7.945],[110.498,-7.901],[110.477,-7.888],[110.468,-7.867],[110.489,-7.837],[110.52,-7.831],[110.51,-7.822],[110.479,-7.825],[110.46,-7.82],[110.434,-7.833],[110.421,-7.821],[110.423,-7.796],[110.397,-7.788]]]},"properties":{"name":"Bantul"}},
{"type":"Feature","geometry":{"type":"MultiPolygon","coordinates":[[[[104.928,-2.4],[104.928,-2.362],[104.913,-2.366],[104.928,-2.4]]],[[[104.646,-1.918],[104.594,-1.868],[104.553,-1.849],[104.539,-1.854],[104.538,-1.874],[104.52,-1.92],[104.502,-1.935],[104.507,-1.955],[104.523,-1.97],[104.573,-1.993],[104.608,-1.99],[104.619,-1.979],[104.61,-1.953],[104.646,-1.918]]],[[[104.606,-1.806],[104.588,-1.759],[104.592,-1.732],[104.567,-1.732],[104.549,-1.805],[104.597,-1.811],[104.606,-1.806]]],[[[104.498,-1.673],[104.484,-1.656],[104.453,-1.633],[104.408,-1.625],[104.358,-1.643],[104.36,-1.656],[104.342,-1.676],[104.153,-1.725],[104.163,-1.793],[104.212,-1.889],[104.242,-1.937],[104.319,-2.028],[104.36,-2.071],[104.376,-2.11],[104.428,-2.185],[104.479,-2.228],[104.545,-2.263],[104.563,-2.263],[104.594,-2.249],[104.624,-2.252],[104.636,-2.265],[104.655,-2.32],[104.653,-2.327],[104.577,-2.383],[104.536,-2.396],[104.506,-2.418],[104.459,-2.438],[104.36,-2.455],[104.323,-2.479],[104.299,-2.507],[104.275,-2.519],[104.231,-2.515],[104.208,-2.501],[104.167,-2.46],[104.128,-2.432],[104.106,-2.426],[104.066,-2.454],[104.102,-2.507],[104.076,-2.526],[104.073,-2.539],[104.113,-2.565],[104.134,-2.55],[104.159,-2.562],[104.197,-2.591],[104.222,-2.6],[104.239,-2.645],[104.283,-2.662],[104.228,-2.709],[104.247,-2.725],[104.183,-2.791],[104.169,-2.814],[104.132,-2.855],[104.132,-2.864],[104.177,-2.886],[104.184,-2.903],[104.175,-2.969],[104.179,-3.02],[104.188,-3.052],[104.167,-3.055],[104.163,-3.094],[104.232,-3.031],[104.256,-3.043],[104.264,-3.027],[104.284,-3.035],[104.343,-3.017],[104.384,-3.024],[104.417,-3.021],[104.443,-3.035],[104.479,-3.032],[104.486,-3.061],[104.505,-3.061],[104.538,-3.028],[104.565,-3.037],[104.58,-3.034],[104.593,-3.052],[104.612,-3.014],[104.645,-3.025],[104.626,-3.001],[104.624,-2.975],[104.634,-2.936],[104.652,-2.921],[104.677,-2.936],[104.679,-2.906],[104.667,-2.883],[104.675,-2.865],[104.704,-2.865],[104.749,-2.894],[104.756,-2.915],[104.774,-2.919],[104.79,-2.904],[104.815,-2.944],[104.85,-2.925],[104.852,-2.945],[104.866,-2.957],[104.855,-2.98],[104.834,-2.988],[104.824,-3.025],[104.797,-3.035],[104.781,-3.052],[104.794,-3.063],[104.828,-3.069],[104.833,-3.087],[104.855,-3.101],[104.883,-3.103],[104.889,-3.122],[104.905,-3.127],[104.898,-3.156],[104.93,-3.17],[104.96,-3.169],[104.98,-3.147],[105.016,-3.125],[105.031,-3.105],[105.033,-3.049],[105.041,-3.013],[105.027,-3.005],[105.039,-2.964],[105.078,-2.941],[105.092,-2.942],[105.094,-2.915],[105.068,-2.908],[105.069,-2.881],[105.091,-2.842],[105.081,-2.808],[105.077,-2.767],[105.091,-2.746],[105.088,-2.721],[105.115,-2.719],[105.177,-2.733],[105.208,-2.73],[105.217,-2.711],[105.216,-2.685],[105.185,-2.634],[105.204,-2.634],[105.212,-2.605],[105.228,-2.587],[105.247,-2.555],[105.271,-2.537],[105.286,-2.51],[105.314,-2.495],[105.311,-2.484],[105.352,-2.445],[105.393,-2.449],[105.4,-2.456],[105.444,-2.45],[105.47,-2.455],[105.533,-2.418],[105.564,-2.417],[105.568,-2.403],[105.471,-2.38],[105.448,-2.388],[105.403,-2.387],[105.36,-2.377],[105.297,-2.372],[105.233,-2.343],[105.205,-2.326],[105.159,-2.347],[105.121,-2.374],[105.09,-2.363],[105.067,-2.363],[105.046,-2.374],[105.029,-2.351],[105.004,-2.334],[104.963,-2.331],[104.926,-2.341],[104.933,-2.366],[104.934,-2.44],[104.902,-2.373],[104.917,-2.328],[104.917,-2.287],[104.899,-2.279],[104.844,-2.286],[104.839,-2.298],[104.84,-2.336],[104.814,-2.366],[104.774,-2.39],[104.755,-2.391],[104.752,-2.412],[104.757,-2.455],[104.734,-2.586],[104.72,-2.532],[104.744,-2.458],[104.734,-2.421],[104.73,-2.38],[104.712,-2.37],[104.709,-2.341],[104.747,-2.355],[104.777,-2.292],[104.831,-2.247],[104.841,-2.25],[104.871,-2.218],[104.905,-2.189],[104.904,-2.137],[104.896,-2.096],[104.878,-2.048],[104.855,-2.016],[104.832,-2],[104.774,-1.992],[104.717,-1.988],[104.691,-2.006],[104.687,-1.985],[104.661,-1.96],[104.629,-1.973],[104.616,-1.996],[104.594,-2.003],[104.574,-1.999],[104.52,-1.973],[104.506,-1.962],[104.492,-1.911],[104.465,-1.903],[104.473,-1.876],[104.464,-1.865],[104.484,-1.842],[104.486,-1.824],[104.499,-1.809],[104.527,-1.798],[104.54,-1.783],[104.539,-1.718],[104.518,-1.677],[104.498,-1.673]]]]},"properties":{"name":"Banyu Asin"}},
{"type":"Feature","geometry":{"type":"Polygon","coordinates":[[[109.362,-7.485],[109.338,-7.487],[109.321,-7.473],[109.341,-7.458],[109.334,-7.43],[109.313,-7.41],[109.295,-7.362],[109.269,-7.319],[109.255,-7.281],[109.224,-7.246],[109.204,-7.248],[109.167,-7.268],[109.135,-7.268],[109.105,-7.302],[109.084,-7.305],[109.065,-7.339],[109.037,-7.343],[109.017,-7.335],[108.967,-7.332],[108.962,-7.354],[108.94,-7.386],[108.93,-7.423],[108.915,-7.445],[108.891,-7.448],[108.9,-7.468],[108.942,-7.464],[108.964,-7.473],[108.959,-7.491],[108.981,-7.52],[109.005,-7.529],[109.003,-7.544],[109.042,-7.559],[109.058,-7.556],[109.067,-7.573],[109.094,-7.578],[109.167,-7.575],[109.173,-7.553],[109.199,-7.557],[109.254,-7.591],[109.268,-7.593],[109.263,-7.62],[109.359,-7.64],[109.386,-7.661],[109.39,-7.65],[109.415,-7.648],[109.446,-7.621],[109.415,-7.57],[109.433,-7.55],[109.433,-7.536],[109.404,-7.541],[109.365,-7.51],[109.362,-7.485]]]},"properties":{"name":"Banyumas"}},
{"type":"Feature","geometry":{"type":"Polygon","coordinates":[[[114.424,-7.936],[114.413,-7.94],[114.357,-7.913],[114.333,-7.907],[114.307,-7.885],[114.283,-7.897],[114.271,-7.92],[114.25,-7.939],[114.224,-7.987],[114.238,-8.006],[114.236,-8.031],[114.247,-8.055],[114.218,-8.083],[114.214,-8.1],[114.196,-8.103],[114.184,-8.121],[114.146,-8.101],[114.117,-8.114],[114.092,-8.116],[114.079,-8.127],[114.06,-8.122],[114.043,-8.134],[114.023,-8.141],[113.991,-8.183],[113.971,-8.19],[113.957,-8.206],[113.968,-8.221],[113.959,-8.243],[113.934,-8.255],[113.934,-8.281],[113.92,-8.308],[113.928,-8.32],[113.913,-8.34],[113.924,-8.384],[113.944,-8.397],[113.932,-8.425],[113.91,-8.442],[113.89,-8.41],[113.855,-8.43],[113.843,-8.503],[113.855,-8.515],[113.837,-8.554],[113.853,-8.55],[113.894,-8.565],[113.909,-8.58],[113.946,-8.559],[113.969,-8.584],[113.961,-8.617],[113.998,-8.603],[114.005,-8.59],[114.025,-8.595],[114.033,-8.633],[114.095,-8.616],[114.143,-8.623],[114.184,-8.641],[114.221,-8.645],[114.228,-8.605],[114.247,-8.6],[114.308,-8.619],[114.351,-8.646],[114.373,-8.678],[114.377,-8.699],[114.371,-8.719],[114.343,-8.735],[114.37,-8.751],[114.419,-8.749],[114.478,-8.76],[114.505,-8.775],[114.533,-8.78],[114.57,-8.773],[114.588,-8.763],[114.605,-8.716],[114.589,-8.688],[114.562,-8.656],[114.548,-8.659],[114.515,-8.65],[114.505,-8.636],[114.473,-8.618],[114.46,-8.637],[114.439,-8.631],[114.408,-8.569],[114.401,-8.542],[114.409,-8.51],[114.388,-8.482],[114.376,-8.533],[114.352,-8.529],[114.371,-8.48],[114.356,-8.47],[114.34,-8.428],[114.361,-8.336],[114.366,-8.279],[114.39,-8.235],[114.382,-8.2],[114.402,-8.15],[114.401,-8.117],[114.418,-8.08],[114.43,-8.065],[114.434,-8.033],[114.426,-8.015],[114.43,-7.996],[114.423,-7.961],[114.424,-7.936]]]},"properties":{"name":"Banyuwangi"}},
{"type":"Feature","geometry":{"type":"Polygon","coordinates":[[[114.522,-3.363],[114.561,-3.316],[114.569,-3.267],[114.595,-3.28],[114.625,-3.285],[114.639,-3.276],[114.754,-3.234],[114.776,-3.23],[114.816,-3.2],[114.82,-3.134],[114.83,-3.074],[114.828,-3.015],[114.805,-2.968],[114.803,-2.941],[114.815,-2.93],[114.84,-2.871],[114.812,-2.807],[114.804,-2.742],[114.852,-2.554],[114.862,-2.524],[114.861,-2.522],[114.836,-2.56],[114.809,-2.578],[114.794,-2.601],[114.792,-2.624],[114.79,-2.677],[114.771,-2.697],[114.763,-2.72],[114.718,-2.74],[114.693,-2.735],[114.674,-2.744],[114.679,-2.782],[114.665,-2.8],[114.597,-2.816],[114.615,-2.885],[114.599,-2.891],[114.567,-2.864],[114.538,-2.927],[114.546,-2.952],[114.507,-2.999],[114.531,-3.023],[114.528,-3.045],[114.546,-3.068],[114.458,-3.143],[114.444,-3.164],[114.423,-3.18],[114.449,-3.21],[114.431,-3.248],[114.376,-3.288],[114.358,-3.322],[114.349,-3.348],[114.363,-3.387],[114.348,-3.436],[114.347,-3.461],[114.398,-3.486],[114.442,-3.502],[114.48,-3.502],[114.503,-3.515],[114.511,-3.538],[114.516,-3.496],[114.512,-3.464],[114.52,-3.439],[114.507,-3.389],[114.522,-3.363]]]},"properties":{"name":"Barito Kuala"}},
{"type":"Feature","geometry":{"type":"Polygon","coordinates":[[[114.861,-2.522],[114.886,-2.504],[114.915,-2.459],[114.979,-2.42],[115.003,-2.4],[114.918,-2.218],[114.934,-2.178],[114.931,-2.096],[114.94,-2.07],[114.946,-2.021],[114.963,-1.951],[114.956,-1.89],[114.964,-1.826],[114.971,-1.796],[115.012,-1.72],[115.034,-1.692],[115.082,-1.679],[115.131,-1.649],[115.205,-1.647],[115.246,-1.63],[115.284,-1.63],[115.416,-1.644],[115.447,-1.565],[115.483,-1.514],[115.515,-1.448],[115.502,-1.447],[115.472,-1.413],[115.459,-1.36],[115.412,-1.329],[115.315,-1.336],[115.237,-1.333],[115.236,-1.312],[115.162,-1.307],[115.127,-1.331],[115.119,-1.311],[115.097,-1.304],[115.052,-1.308],[114.99,-1.32],[114.956,-1.336],[114.876,-1.358],[114.852,-1.36],[114.834,-1.342],[114.794,-1.348],[114.739,-1.34],[114.668,-1.317],[114.67,-1.392],[114.663,-1.412],[114.675,-1.521],[114.654,-1.577],[114.634,-1.619],[114.615,-1.644],[114.599,-1.678],[114.601,-1.706],[114.622,-1.744],[114.637,-1.788],[114.636,-1.813],[114.618,-1.892],[114.621,-1.95],[114.64,-1.975],[114.679,-2.004],[114.706,-2.04],[114.717,-2.098],[114.716,-2.144],[114.682,-2.233],[114.554,-2.546],[114.599,-2.563],[114.618,-2.544],[114.655,-2.56],[114.703,-2.48],[114.722,-2.464],[114.738,-2.471],[114.743,-2.5],[114.723,-2.526],[114.701,-2.568],[114.759,-2.599],[114.792,-2.624],[114.794,-2.601],[114.809,-2.578],[114.836,-2.56],[114.861,-2.522]]]},"properties":{"name":"Barito Selatan"}},
{"type":"Feature","geometry":{"type":"Polygon","coordinates":[[[115.003,-2.4],[115.154,-2.305],[115.249,-2.245],[115.243,-2.215],[115.291,-2.226],[115.315,-2.193],[115.319,-2.17],[115.304,-2.137],[115.318,-2.124],[115.322,-2.072],[115.351,-2.074],[115.408,-2.058],[115.404,-1.989],[115.43,-1.938],[115.42,-1.901],[115.375,-1.879],[115.367,-1.842],[115.366,-1.807],[115.377,-1.802],[115.397,-1.742],[115.382,-1.719],[115.416,-1.644],[115.284,-1.63],[115.246,-1.63],[115.205,-1.647],[115.131,-1.649],[115.082,-1.679],[115.034,-1.692],[115.012,-1.72],[114.971,-1.796],[114.964,-1.826],[114.956,-1.89],[114.963,-1.951],[114.946,-2.021],[114.94,-2.07],[114.931,-2.096],[114.934,-2.178],[114.918,-2.218],[115.003,-2.4]]]},"properties":{"name":"Barito Timur"}},
{"type":"Feature","geometry":{"type":"Polygon","coordinates":[[[115.515,-1.448],[115.524,-1.43],[115.565,-1.399],[115.576,-1.381],[115.599,-1.377],[115.626,-1.351],[115.641,-1.351],[115.668,-1.335],[115.716,-1.336],[115.754,-1.315],[115.755,-1.28],[115.772,-1.229],[115.797,-1.2],[115.841,-1.169],[115.847,-1.157],[115.803,-1.118],[115.79,-1.116],[115.766,-1.134],[115.749,-1.123],[115.743,-1.096],[115.702,-1.068],[115.694,-1.052],[115.675,-1.059],[115.655,-1.052],[115.664,-1.036],[115.653,-0.994],[115.588,-0.951],[115.558,-0.924],[115.534,-0.883],[115.505,-0.856],[115.482,-0.843],[115.448,-0.839],[115.398,-0.825],[115.38,-0.802],[115.367,-0.749],[115.368,-0.699],[115.356,-0.633],[115.354,-0.583],[115.317,-0.547],[115.319,-0.529],[115.303,-0.502],[115.253,-0.452],[115.253,-0.412],[115.232,-0.358],[115.233,-0.323],[115.222,-0.307],[115.232,-0.295],[115.254,-0.301],[115.254,-0.27],[115.238,-0.236],[115.259,-0.215],[115.269,-0.19],[115.26,-0.159],[115.286,-0.129],[115.309,-0.117],[115.315,-0.101],[115.305,-0.037],[115.286,-0.048],[115.262,-0.047],[115.227,-0.073],[115.196,-0.076],[115.182,-0.094],[115.159,-0.099],[115.147,-0.12],[115.15,-0.135],[115.119,-0.147],[115.081,-0.153],[115.067,-0.166],[115.054,-0.247],[115.057,-0.323],[115.052,-0.367],[115.031,-0.405],[115.035,-0.465],[115.043,-0.512],[115.017,-0.558],[114.946,-0.659],[114.908,-0.707],[114.874,-0.736],[114.723,-0.751],[114.67,-0.776],[114.624,-0.815],[114.569,-0.858],[114.502,-0.916],[114.459,-0.989],[114.457,-1.035],[114.48,-1.086],[114.499,-1.111],[114.541,-1.138],[114.573,-1.143],[114.627,-1.136],[114.679,-1.139],[114.711,-1.165],[114.712,-1.181],[114.701,-1.21],[114.701,-1.252],[114.684,-1.276],[114.685,-1.297],[114.668,-1.317],[114.739,-1.34],[114.794,-1.348],[114.834,-1.342],[114.852,-1.36],[114.876,-1.358],[114.956,-1.336],[114.99,-1.32],[115.052,-1.308],[115.097,-1.304],[115.119,-1.311],[115.127,-1.331],[115.162,-1.307],[115.236,-1.312],[115.237,-1.333],[115.315,-1.336],[115.412,-1.329],[115.459,-1.36],[115.472,-1.413],[115.502,-1.447],[115.515,-1.448]]]},"properties":{"name":"Barito Utara"}},
{"type":"Feature","geometry":{"type":"Polygon","coordinates":[[[119.62,-4.067],[119.606,-4.083],[119.608,-4.107],[119.62,-4.112],[119.614,-4.145],[119.636,-4.161],[119.636,-4.18],[119.619,-4.205],[119.607,-4.266],[119.622,-4.281],[119.636,-4.319],[119.621,-4.338],[119.627,-4.364],[119.615,-4.373],[119.597,-4.416],[119.6,-4.474],[119.581,-4.529],[119.594,-4.557],[119.619,-4.567],[119.631,-4.585],[119.645,-4.641],[119.664,-4.661],[119.653,-4.685],[119.659,-4.723],[119.692,-4.722],[119.691,-4.75],[119.681,-4.769],[119.697,-4.788],[119.749,-4.797],[119.77,-4.755],[119.787,-4.753],[119.8,-4.765],[119.821,-4.743],[119.823,-4.722],[119.813,-4.705],[119.787,-4.689],[119.76,-4.685],[119.754,-4.642],[119.765,-4.616],[119.798,-4.596],[119.798,-4.565],[119.806,-4.537],[119.786,-4.498],[119.765,-4.489],[119.752,-4.45],[119.756,-4.405],[119.75,-4.364],[119.756,-4.348],[119.755,-4.285],[119.744,-4.264],[119.717,-4.249],[119.713,-4.226],[119.724,-4.212],[119.756,-4.207],[119.755,-4.193],[119.73,-4.174],[119.731,-4.147],[119.749,-4.129],[119.707,-4.079],[119.67,-4.072],[119.641,-4.077],[119.62,-4.067]]]},"properties":{"name":"Barru"}},
{"type":"Feature","geometry":{"type":"Polygon","coordinates":[[[109.915,-7.196],[109.925,-7.189],[109.94,-7.158],[109.94,-7.142],[109.979,-7.078],[109.974,-7.034],[110.012,-7.017],[110.051,-6.98],[110.046,-6.942],[110.031,-6.93],[110.028,-6.911],[109.983,-6.924],[109.933,-6.915],[109.877,-6.916],[109.819,-6.903],[109.799,-6.891],[109.762,-6.884],[109.714,-6.868],[109.695,-6.912],[109.695,-6.928],[109.675,-6.935],[109.703,-6.965],[109.707,-6.986],[109.722,-6.987],[109.748,-7.012],[109.759,-7.031],[109.757,-7.075],[109.744,-7.112],[109.774,-7.121],[109.778,-7.156],[109.799,-7.171],[109.833,-7.19],[109.849,-7.178],[109.915,-7.196]]]},"properties":{"name":"Batang"}},
{"type":"Feature","geometry":{"type":"Polygon","coordinates":[[[103.459,-2.181],[103.447,-2.174],[103.447,-2.062],[103.392,-2.059],[103.369,-2.051],[103.37,-2.002],[103.333,-2.002],[103.335,-1.965],[103.314,-1.965],[103.315,-1.868],[103.396,-1.869],[103.4,-1.826],[103.43,-1.81],[103.422,-1.786],[103.396,-1.758],[103.398,-1.713],[103.418,-1.685],[103.414,-1.632],[103.422,-1.605],[103.456,-1.588],[103.448,-1.568],[103.466,-1.535],[103.457,-1.516],[103.46,-1.472],[103.396,-1.475],[103.384,-1.481],[103.366,-1.451],[103.353,-1.442],[103.332,-1.365],[103.31,-1.355],[103.26,-1.354],[103.244,-1.395],[103.217,-1.378],[103.205,-1.355],[103.167,-1.386],[103.146,-1.368],[103.118,-1.4],[103.079,-1.393],[103.054,-1.413],[103.042,-1.452],[103.031,-1.439],[102.961,-1.42],[102.921,-1.381],[102.893,-1.37],[102.868,-1.371],[102.835,-1.398],[102.822,-1.399],[102.814,-1.423],[102.825,-1.453],[102.823,-1.499],[102.802,-1.539],[102.805,-1.579],[102.742,-1.692],[102.699,-1.722],[102.687,-1.745],[102.687,-1.774],[102.669,-1.797],[102.659,-1.821],[102.635,-1.835],[102.616,-1.86],[102.585,-1.882],[102.563,-1.881],[102.521,-1.857],[102.508,-1.871],[102.51,-1.912],[102.54,-1.909],[102.563,-1.917],[102.6,-1.911],[102.652,-1.925],[102.697,-1.945],[102.715,-1.96],[102.733,-1.949],[102.75,-1.954],[102.777,-1.947],[102.797,-1.955],[102.815,-1.949],[102.821,-1.969],[102.811,-1.993],[102.822,-2.001],[102.858,-2.009],[102.905,-2.005],[102.912,-1.985],[102.946,-1.983],[102.979,-1.943],[103.002,-1.95],[103.042,-1.938],[103.064,-1.941],[103.084,-1.955],[103.157,-1.956],[103.194,-1.947],[103.161,-1.981],[103.16,-2.017],[103.175,-2.04],[103.201,-2.061],[103.215,-2.091],[103.222,-2.142],[103.26,-2.139],[103.293,-2.188],[103.297,-2.206],[103.326,-2.222],[103.337,-2.249],[103.366,-2.284],[103.393,-2.296],[103.41,-2.333],[103.431,-2.336],[103.46,-2.297],[103.466,-2.25],[103.451,-2.209],[103.459,-2.181]]]},"properties":{"name":"Batang Hari"}},
{"type":"Feature","geometry":{"type":"MultiPolygon","coordinates":[[[[99.208,3.224],[99.23,3.218],[99.229,3.245],[99.208,3.224]]],[[[99.752,3.17],[99.688,3.206],[99.613,3.225],[99.595,3.234],[99.571,3.233],[99.547,3.245],[99.487,3.318],[99.485,3.347],[99.456,3.358],[99.441,3.373],[99.384,3.395],[99.329,3.426],[99.315,3.443],[99.278,3.353],[99.263,3.333],[99.26,3.311],[99.235,3.267],[99.235,3.252],[99.255,3.253],[99.269,3.277],[99.294,3.273],[99.309,3.3],[99.344,3.288],[99.346,3.242],[99.361,3.225],[99.374,3.247],[99.407,3.252],[99.398,3.223],[99.363,3.151],[99.422,3.147],[99.493,3.121],[99.547,3.098],[99.561,3.07],[99.572,3.07],[99.57,3.038],[99.596,3.045],[99.595,3.066],[99.607,3.094],[99.589,3.111],[99.622,3.13],[99.648,3.106],[99.694,3.105],[99.707,3.125],[99.742,3.153],[99.752,3.17]]]]},"properties":{"name":"Batu Bara"}},
{"type":"Feature","geometry":{"type":"Polygon","coordinates":[[[107.098,-5.94],[107.02,-5.918],[107.001,-5.931],[107.018,-5.971],[107.007,-5.997],[106.989,-6.003],[107.001,-6.068],[106.991,-6.087],[106.969,-6.092],[106.972,-6.155],[106.972,-6.172],[107.011,-6.172],[107.006,-6.196],[107.032,-6.198],[107.031,-6.215],[107.041,-6.246],[107.024,-6.255],[107.017,-6.276],[107.037,-6.284],[107.037,-6.321],[107.016,-6.33],[107.017,-6.354],[106.994,-6.367],[107.01,-6.403],[107.051,-6.417],[107.059,-6.434],[107.108,-6.462],[107.135,-6.466],[107.172,-6.482],[107.182,-6.468],[107.217,-6.461],[107.204,-6.426],[107.221,-6.408],[107.221,-6.384],[107.206,-6.369],[107.223,-6.352],[107.219,-6.331],[107.235,-6.307],[107.276,-6.267],[107.274,-6.234],[107.296,-6.201],[107.279,-6.171],[107.284,-6.137],[107.269,-6.116],[107.248,-6.104],[107.222,-6.104],[107.189,-6.089],[107.16,-6.068],[107.134,-6.063],[107.095,-6.022],[107.084,-5.991],[107.097,-5.961],[107.098,-5.94]]]},"properties":{"name":"Bekasi"}},
{"type":"Feature","geometry":{"type":"MultiPolygon","coordinates":[[[[107.523,-3.192],[107.517,-3.197],[107.52,-3.233],[107.539,-3.238],[107.552,-3.202],[107.523,-3.192]]],[[[107.469,-2.925],[107.439,-2.933],[107.427,-2.951],[107.436,-2.984],[107.453,-2.982],[107.472,-2.945],[107.469,-2.925]]],[[[107.464,-2.822],[107.424,-2.826],[107.381,-2.848],[107.371,-2.885],[107.357,-2.899],[107.383,-2.916],[107.412,-2.945],[107.432,-2.921],[107.459,-2.915],[107.476,-2.891],[107.477,-2.859],[107.485,-2.853],[107.464,-2.822]]],[[[107.417,-2.791],[107.398,-2.804],[107.401,-2.834],[107.433,-2.82],[107.417,-2.791]]],[[[107.938,-2.57],[107.903,-2.575],[107.869,-2.56],[107.828,-2.55],[107.818,-2.529],[107.804,-2.541],[107.764,-2.557],[107.73,-2.556],[107.718,-2.547],[107.688,-2.564],[107.658,-2.559],[107.644,-2.588],[107.628,-2.595],[107.644,-2.615],[107.631,-2.673],[107.615,-2.702],[107.628,-2.715],[107.626,-2.755],[107.589,-2.8],[107.599,-2.815],[107.598,-2.858],[107.576,-2.884],[107.55,-2.897],[107.529,-2.921],[107.533,-2.934],[107.568,-2.925],[107.591,-2.911],[107.6,-2.932],[107.586,-2.978],[107.561,-2.997],[107.569,-3.031],[107.58,-3.048],[107.582,-3.086],[107.606,-3.106],[107.63,-3.143],[107.627,-3.152],[107.587,-3.2],[107.594,-3.222],[107.616,-3.238],[107.636,-3.24],[107.656,-3.228],[107.669,-3.211],[107.709,-3.193],[107.766,-3.192],[107.786,-3.175],[107.835,-3.158],[107.832,-3.139],[107.849,-3.122],[107.833,-3.109],[107.823,-3.082],[107.849,-3.053],[107.863,-3.036],[107.858,-2.996],[107.834,-2.96],[107.805,-2.931],[107.751,-2.894],[107.756,-2.882],[107.795,-2.866],[107.837,-2.877],[107.855,-2.868],[107.846,-2.843],[107.849,-2.824],[107.868,-2.801],[107.937,-2.799],[107.964,-2.792],[107.995,-2.777],[107.996,-2.755],[107.963,-2.743],[107.933,-2.721],[107.876,-2.69],[107.896,-2.663],[107.91,-2.609],[107.938,-2.59],[107.938,-2.57]]]]},"properties":{"name":"Belitung"}},
{"type":"Feature","geometry":{"type":"MultiPolygon","coordinates":[[[[108.255,-3.045],[108.235,-3.064],[108.246,-3.077],[108.266,-3.058],[108.255,-3.045]]],[[[107.849,-3.053],[107.899,-3.097],[107.905,-3.115],[107.926,-3.132],[107.933,-3.151],[107.957,-3.16],[107.971,-3.181],[107.966,-3.244],[107.99,-3.261],[108.014,-3.244],[108.061,-3.239],[108.08,-3.247],[108.087,-3.208],[108.069,-3.188],[108.08,-3.17],[108.096,-3.166],[108.138,-3.174],[108.171,-3.16],[108.185,-3.143],[108.18,-3.12],[108.217,-3.054],[108.209,-3.011],[108.221,-2.986],[108.247,-2.956],[108.247,-2.925],[108.264,-2.897],[108.293,-2.876],[108.297,-2.847],[108.272,-2.779],[108.271,-2.752],[108.251,-2.742],[108.24,-2.726],[108.208,-2.701],[108.198,-2.683],[108.171,-2.669],[108.139,-2.639],[108.094,-2.608],[108.068,-2.602],[108.038,-2.61],[108.04,-2.637],[108.021,-2.631],[108.006,-2.613],[108.013,-2.597],[107.989,-2.572],[107.959,-2.579],[107.938,-2.57],[107.938,-2.59],[107.91,-2.609],[107.896,-2.663],[107.876,-2.69],[107.933,-2.721],[107.963,-2.743],[107.996,-2.755],[107.995,-2.777],[107.964,-2.792],[107.937,-2.799],[107.868,-2.801],[107.849,-2.824],[107.846,-2.843],[107.855,-2.868],[107.837,-2.877],[107.795,-2.866],[107.756,-2.882],[107.751,-2.894],[107.805,-2.931],[107.834,-2.96],[107.858,-2.996],[107.863,-3.036],[107.849,-3.053]]]]},"properties":{"name":"Belitung Timur"}},
{"type":"Feature","geometry":{"type":"Polygon","coordinates":[[[125.014,-9.303],[124.994,-9.29],[124.997,-9.263],[124.982,-9.239],[124.983,-9.191],[125.014,-9.169],[125.075,-9.176],[125.097,-9.202],[125.148,-9.171],[125.171,-9.172],[125.193,-9.154],[125.173,-9.133],[125.173,-9.105],[125.188,-9.073],[125.185,-9.026],[125.124,-8.977],[125.102,-8.975],[125.099,-9],[125.067,-9.028],[125.043,-9.032],[124.984,-9.066],[124.94,-9.047],[124.932,-9.028],[124.934,-8.995],[124.952,-8.96],[124.878,-8.98],[124.851,-9.007],[124.816,-9.002],[124.792,-9.018],[124.804,-9.055],[124.82,-9.076],[124.814,-9.096],[124.825,-9.152],[124.813,-9.173],[124.82,-9.2],[124.836,-9.216],[124.849,-9.25],[124.855,-9.285],[124.845,-9.298],[124.838,-9.335],[124.815,-9.341],[124.848,-9.362],[124.85,-9.389],[124.889,-9.379],[124.901,-9.369],[124.931,-9.377],[124.961,-9.393],[124.996,-9.358],[124.988,-9.33],[125.014,-9.303]]]},"properties":{"name":"Belu"}},
{"type":"Feature","geometry":{"type":"Polygon","coordinates":[[[97.313,4.603],[97.299,4.629],[97.275,4.632],[97.255,4.649],[97.275,4.659],[97.306,4.662],[97.328,4.711],[97.319,4.741],[97.272,4.726],[97.248,4.755],[97.273,4.795],[97.282,4.824],[97.258,4.867],[97.223,4.883],[97.17,4.9],[97.144,4.913],[97.102,4.902],[97.081,4.911],[97.045,4.908],[97.024,4.915],[97.011,4.905],[96.999,4.867],[96.958,4.863],[96.911,4.876],[96.879,4.874],[96.854,4.88],[96.826,4.91],[96.786,4.942],[96.745,4.967],[96.661,4.974],[96.657,4.955],[96.682,4.924],[96.69,4.89],[96.687,4.865],[96.693,4.833],[96.706,4.825],[96.701,4.779],[96.684,4.756],[96.709,4.753],[96.746,4.713],[96.778,4.716],[96.792,4.71],[96.802,4.687],[96.84,4.666],[96.954,4.651],[96.983,4.641],[97.019,4.618],[97.095,4.588],[97.145,4.579],[97.194,4.575],[97.216,4.585],[97.261,4.584],[97.283,4.596],[97.313,4.603]]]},"properties":{"name":"Bener Meriah"}},
{"type":"Feature","geometry":{"type":"MultiPolygon","coordinates":[[[[102.031,1.608],[102.01,1.605],[101.998,1.584],[102.011,1.573],[102.031,1.533],[102.061,1.502],[102.107,1.466],[102.145,1.448],[102.184,1.438],[102.229,1.432],[102.273,1.435],[102.298,1.426],[102.338,1.389],[102.398,1.324],[102.473,1.272],[102.496,1.253],[102.508,1.255],[102.507,1.289],[102.499,1.332],[102.493,1.396],[102.495,1.432],[102.489,1.443],[102.497,1.468],[102.461,1.518],[102.408,1.536],[102.34,1.549],[102.281,1.553],[102.261,1.564],[102.185,1.569],[102.073,1.603],[102.031,1.608]]],[[[102.162,1.191],[102.164,1.232],[102.153,1.262],[102.151,1.295],[102.159,1.361],[102.149,1.379],[102.09,1.402],[102.005,1.458],[101.998,1.469],[101.947,1.508],[101.925,1.529],[101.873,1.561],[101.828,1.6],[101.807,1.622],[101.766,1.656],[101.726,1.672],[101.728,1.661],[101.69,1.516],[101.626,1.517],[101.576,1.536],[101.515,1.482],[101.481,1.482],[101.476,1.456],[101.422,1.458],[101.422,1.431],[101.366,1.452],[101.317,1.475],[101.241,1.466],[101.168,1.442],[101.137,1.419],[101.114,1.414],[101.057,1.374],[101.013,1.351],[100.948,1.351],[100.935,1.28],[100.933,1.248],[101.231,1.007],[101.274,1.044],[101.291,1.05],[101.394,1.021],[101.416,1.023],[101.458,0.998],[101.456,0.985],[101.52,0.949],[101.539,0.925],[101.612,1.031],[101.712,1.197],[101.74,1.193],[101.814,1.169],[101.851,1.138],[101.874,1.1],[101.883,1.068],[101.878,1.014],[101.841,0.947],[101.902,0.947],[101.915,0.963],[101.969,0.96],[101.993,0.995],[102.033,1.038],[102.132,1.177],[102.162,1.191]]],[[[101.655,2.125],[101.604,2.1],[101.573,2.069],[101.564,2.048],[101.519,2.036],[101.508,2.049],[101.471,2.065],[101.432,2.048],[101.409,2.026],[101.398,2.005],[101.398,1.95],[101.384,1.906],[101.412,1.851],[101.429,1.779],[101.455,1.725],[101.56,1.695],[101.616,1.688],[101.672,1.731],[101.706,1.742],[101.732,1.763],[101.741,1.797],[101.748,1.866],[101.755,1.894],[101.785,1.939],[101.78,1.98],[101.74,2.04],[101.723,2.046],[101.711,2.09],[101.655,2.125]]]]},"properties":{"name":"Bengkalis"}},
{"type":"Feature","geometry":{"type":"MultiPolygon","coordinates":[[[[108.701,0.804],[108.695,0.776],[108.713,0.733],[108.727,0.752],[108.707,0.778],[108.701,0.804]]],[[[110.129,1.196],[110.097,1.199],[110.07,1.228],[110.067,1.255],[110.015,1.292],[109.979,1.298],[109.969,1.342],[109.97,1.39],[109.929,1.426],[109.894,1.415],[109.865,1.417],[109.833,1.427],[109.83,1.456],[109.811,1.465],[109.792,1.509],[109.75,1.537],[109.744,1.506],[109.72,1.477],[109.704,1.476],[109.68,1.45],[109.653,1.436],[109.639,1.444],[109.61,1.433],[109.603,1.401],[109.576,1.381],[109.611,1.368],[109.626,1.332],[109.607,1.286],[109.61,1.26],[109.598,1.213],[109.589,1.202],[109.552,1.2],[109.537,1.194],[109.521,1.163],[109.52,1.133],[109.495,1.078],[109.483,1.063],[109.469,1.02],[109.443,1.033],[109.421,1.052],[109.381,1.044],[109.312,1.046],[109.251,1.035],[109.236,1.019],[109.226,0.988],[109.204,0.972],[109.176,0.965],[109.16,0.941],[109.157,0.903],[109.132,0.884],[109.093,0.862],[109.059,0.851],[109.041,0.832],[109.036,0.779],[109.004,0.764],[108.971,0.777],[108.961,0.808],[108.935,0.808],[108.915,0.818],[108.907,0.835],[108.874,0.841],[108.841,0.815],[108.852,0.786],[108.877,0.777],[108.884,0.745],[108.872,0.712],[108.897,0.693],[108.923,0.645],[108.93,0.599],[108.926,0.561],[108.952,0.53],[108.971,0.529],[108.996,0.542],[109.013,0.566],[109.027,0.568],[109.039,0.594],[109.072,0.599],[109.101,0.63],[109.108,0.645],[109.133,0.66],[109.143,0.685],[109.149,0.694],[109.193,0.701],[109.215,0.727],[109.233,0.722],[109.253,0.732],[109.276,0.727],[109.291,0.711],[109.306,0.72],[109.336,0.759],[109.362,0.765],[109.407,0.731],[109.432,0.741],[109.471,0.777],[109.505,0.733],[109.52,0.732],[109.53,0.714],[109.581,0.718],[109.64,0.746],[109.662,0.749],[109.677,0.769],[109.676,0.805],[109.687,0.84],[109.701,0.85],[109.732,0.842],[109.785,0.841],[109.809,0.847],[109.85,0.872],[109.859,0.906],[109.909,0.935],[109.925,0.959],[109.919,0.994],[109.927,1.016],[109.912,1.029],[109.931,1.053],[109.953,1.034],[110.022,1.022],[110.055,1.037],[110.122,1.019],[110.138,1.032],[110.115,1.055],[110.115,1.074],[110.13,1.087],[110.105,1.104],[110.086,1.106],[110.071,1.129],[110.082,1.145],[110.099,1.149],[110.122,1.175],[110.129,1.196]]]]},"properties":{"name":"Bengkayang"}},
{"type":"Feature","geometry":{"type":"Polygon","coordinates":[[[103.181,-4.236],[103.155,-4.241],[103.135,-4.255],[103.115,-4.248],[103.07,-4.257],[103.068,-4.241],[103.052,-4.219],[103.061,-4.196],[103.026,-4.168],[103,-4.158],[102.988,-4.17],[102.957,-4.168],[102.935,-4.185],[102.9,-4.182],[102.881,-4.237],[102.885,-4.263],[102.862,-4.283],[102.846,-4.34],[102.8,-4.36],[102.816,-4.383],[102.849,-4.407],[102.887,-4.444],[102.9,-4.466],[102.905,-4.492],[102.977,-4.511],[103.037,-4.534],[103.07,-4.559],[103.086,-4.55],[103.085,-4.528],[103.104,-4.494],[103.149,-4.445],[103.152,-4.425],[103.168,-4.4],[103.194,-4.397],[103.204,-4.375],[103.197,-4.345],[103.201,-4.308],[103.219,-4.307],[103.229,-4.293],[103.28,-4.291],[103.285,-4.257],[103.251,-4.245],[103.217,-4.24],[103.201,-4.248],[103.181,-4.236]]]},"properties":{"name":"Bengkulu Selatan"}},
{"type":"Feature","geometry":{"type":"Polygon","coordinates":[[[102.614,-3.8],[102.583,-3.74],[102.577,-3.684],[102.528,-3.657],[102.512,-3.586],[102.479,-3.553],[102.456,-3.549],[102.443,-3.528],[102.422,-3.494],[102.383,-3.52],[102.344,-3.527],[102.292,-3.563],[102.268,-3.592],[102.224,-3.598],[102.205,-3.654],[102.223,-3.667],[102.244,-3.696],[102.233,-3.715],[102.25,-3.738],[102.275,-3.727],[102.29,-3.742],[102.332,-3.732],[102.334,-3.769],[102.355,-3.807],[102.36,-3.842],[102.384,-3.857],[102.406,-3.861],[102.438,-3.847],[102.473,-3.846],[102.533,-3.83],[102.552,-3.835],[102.563,-3.807],[102.607,-3.81],[102.614,-3.8]]]},"properties":{"name":"Bengkulu Tengah"}},
{"type":"Feature","geometry":{"type":"MultiPolygon","coordinates":[[[[102.162,-5.288],[102.146,-5.283],[102.136,-5.313],[102.106,-5.317],[102.086,-5.341],[102.088,-5.358],[102.161,-5.394],[102.168,-5.41],[102.203,-5.417],[102.229,-5.463],[102.243,-5.464],[102.248,-5.496],[102.27,-5.499],[102.28,-5.477],[102.36,-5.505],[102.375,-5.485],[102.339,-5.457],[102.368,-5.457],[102.373,-5.428],[102.387,-5.415],[102.381,-5.386],[102.353,-5.377],[102.326,-5.361],[102.285,-5.357],[102.248,-5.324],[102.22,-5.32],[102.162,-5.288]]],[[[102.422,-3.494],[102.39,-3.415],[102.373,-3.411],[102.376,-3.382],[102.359,-3.373],[102.315,-3.373],[102.275,-3.361],[102.28,-3.337],[102.298,-3.322],[102.289,-3.28],[102.271,-3.277],[102.206,-3.221],[102.172,-3.228],[102.169,-3.209],[102.154,-3.189],[102.142,-3.197],[102.126,-3.173],[102.136,-3.144],[102.143,-3.082],[102.135,-3.064],[102.104,-3.037],[102.104,-3.026],[102.077,-2.994],[102.042,-2.974],[102.032,-2.917],[102.008,-2.885],[102.011,-2.863],[102,-2.844],[101.964,-2.815],[101.947,-2.776],[101.933,-2.765],[101.922,-2.737],[101.882,-2.734],[101.856,-2.717],[101.866,-2.789],[101.85,-2.829],[101.809,-2.872],[101.803,-2.889],[101.803,-2.922],[101.785,-2.938],[101.791,-2.983],[101.775,-3],[101.755,-3.005],[101.747,-3.021],[101.702,-3.054],[101.713,-3.076],[101.669,-3.126],[101.639,-3.136],[101.596,-3.159],[101.576,-3.185],[101.597,-3.219],[101.626,-3.249],[101.762,-3.348],[101.841,-3.4],[101.896,-3.429],[101.926,-3.461],[101.926,-3.479],[101.964,-3.495],[102.076,-3.552],[102.131,-3.591],[102.138,-3.601],[102.205,-3.654],[102.224,-3.598],[102.268,-3.592],[102.292,-3.563],[102.344,-3.527],[102.383,-3.52],[102.422,-3.494]]]]},"properties":{"name":"Bengkulu Utara"}},
{"type":"Feature","geometry":{"type":"MultiPolygon","coordinates":[[[[118.468,1.466],[118.482,1.432],[118.466,1.424],[118.482,1.39],[118.503,1.38],[118.527,1.394],[118.5,1.412],[118.49,1.446],[118.468,1.466]]],[[[117.872,1.95],[117.857,1.959],[117.847,1.956],[117.844,1.95],[117.837,1.954],[117.83,1.953],[117.819,1.96],[117.818,1.956],[117.828,1.949],[117.836,1.912],[117.86,1.893],[117.871,1.907],[117.872,1.95]]],[[[117.85,1.986],[117.83,2.01],[117.821,1.996],[117.822,1.989],[117.821,1.987],[117.818,1.986],[117.81,1.988],[117.809,1.983],[117.814,1.982],[117.816,1.971],[117.821,1.966],[117.824,1.958],[117.831,1.954],[117.838,1.954],[117.843,1.953],[117.846,1.958],[117.859,1.961],[117.863,1.967],[117.85,1.986]]],[[[117.856,2.078],[117.833,2.095],[117.827,2.095],[117.811,2.088],[117.813,2.081],[117.823,2.079],[117.824,2.072],[117.807,2.048],[117.801,2.029],[117.843,2.042],[117.863,2.035],[117.911,2.046],[117.877,2.07],[117.856,2.078]]],[[[117.778,2.084],[117.767,2.099],[117.737,2.084],[117.713,2.079],[117.722,2.062],[117.706,2.051],[117.714,2.033],[117.733,2.052],[117.749,2.046],[117.763,2.024],[117.783,2.022],[117.786,2.047],[117.764,2.049],[117.752,2.057],[117.779,2.073],[117.778,2.084]]],[[[117.828,2.096],[117.826,2.107],[117.796,2.11],[117.778,2.092],[117.78,2.052],[117.787,2.047],[117.788,2.036],[117.823,2.072],[117.814,2.079],[117.809,2.084],[117.81,2.088],[117.811,2.09],[117.828,2.096]]],[[[117.897,2.079],[117.9,2.124],[117.863,2.145],[117.829,2.115],[117.864,2.086],[117.897,2.079]]],[[[117.804,2.165],[117.782,2.182],[117.768,2.165],[117.751,2.169],[117.714,2.162],[117.729,2.126],[117.726,2.108],[117.735,2.086],[117.802,2.121],[117.804,2.165]]],[[[117.839,2.19],[117.845,2.169],[117.866,2.157],[117.882,2.175],[117.839,2.19]]],[[[117.874,2.153],[117.843,2.168],[117.826,2.191],[117.801,2.183],[117.808,2.17],[117.81,2.128],[117.83,2.117],[117.864,2.148],[117.9,2.128],[117.901,2.107],[117.915,2.099],[117.955,2.119],[117.947,2.136],[117.913,2.143],[117.89,2.154],[117.874,2.153]]],[[[117.918,2.157],[117.923,2.182],[117.906,2.206],[117.893,2.188],[117.918,2.157]]],[[[117.986,2.436],[117.958,2.428],[117.952,2.414],[117.919,2.396],[117.899,2.405],[117.857,2.392],[117.83,2.366],[117.813,2.329],[117.798,2.326],[117.761,2.334],[117.749,2.327],[117.721,2.347],[117.708,2.39],[117.685,2.41],[117.667,2.449],[117.638,2.478],[117.612,2.522],[117.59,2.52],[117.571,2.502],[117.541,2.52],[117.499,2.523],[117.487,2.54],[117.452,2.558],[117.428,2.591],[117.405,2.609],[117.362,2.605],[117.335,2.622],[117.315,2.626],[117.282,2.622],[117.218,2.596],[117.145,2.605],[117.074,2.608],[117.001,2.583],[116.953,2.551],[116.917,2.534],[116.849,2.519],[116.777,2.482],[116.754,2.476],[116.731,2.456],[116.727,2.444],[116.646,2.431],[116.581,2.428],[116.553,2.455],[116.492,2.494],[116.449,2.51],[116.424,2.498],[116.443,2.482],[116.443,2.467],[116.402,2.393],[116.375,2.356],[116.36,2.324],[116.33,2.283],[116.31,2.266],[116.323,2.251],[116.322,2.13],[116.316,2.117],[116.296,2.119],[116.272,2.104],[116.234,2.103],[116.221,2.092],[116.226,2.053],[116.234,2.03],[116.229,2.011],[116.194,1.983],[116.195,1.955],[116.18,1.912],[116.176,1.871],[116.185,1.841],[116.229,1.844],[116.259,1.829],[116.3,1.827],[116.309,1.832],[116.349,1.803],[116.355,1.762],[116.383,1.762],[116.397,1.749],[116.399,1.721],[116.426,1.708],[116.435,1.72],[116.476,1.725],[116.504,1.676],[116.531,1.663],[116.542,1.629],[116.534,1.599],[116.556,1.586],[116.576,1.592],[116.603,1.611],[116.723,1.617],[116.757,1.622],[116.797,1.58],[116.86,1.594],[116.924,1.58],[116.935,1.561],[116.989,1.534],[116.986,1.496],[116.991,1.476],[116.971,1.442],[116.963,1.418],[116.989,1.409],[116.998,1.39],[116.99,1.353],[117.006,1.347],[117.034,1.354],[117.1,1.351],[117.112,1.373],[117.129,1.344],[117.163,1.305],[117.193,1.317],[117.258,1.363],[117.283,1.361],[117.319,1.388],[117.337,1.437],[117.343,1.476],[117.328,1.514],[117.335,1.549],[117.361,1.563],[117.385,1.605],[117.396,1.608],[117.441,1.581],[117.46,1.543],[117.503,1.511],[117.535,1.527],[117.54,1.595],[117.553,1.612],[117.574,1.625],[117.612,1.614],[117.624,1.602],[117.647,1.598],[117.671,1.621],[117.697,1.68],[117.718,1.68],[117.714,1.608],[117.749,1.6],[117.774,1.579],[117.795,1.579],[117.795,1.599],[117.815,1.627],[117.83,1.625],[117.841,1.569],[117.905,1.51],[117.914,1.494],[117.914,1.465],[117.904,1.405],[117.894,1.383],[117.859,1.364],[117.855,1.345],[117.882,1.321],[117.925,1.292],[117.959,1.28],[118.014,1.228],[118.033,1.188],[118.125,1.165],[118.159,1.168],[118.207,1.202],[118.197,1.226],[118.2,1.259],[118.228,1.254],[118.286,1.205],[118.308,1.206],[118.333,1.19],[118.357,1.192],[118.37,1.253],[118.38,1.274],[118.403,1.281],[118.411,1.26],[118.433,1.255],[118.444,1.273],[118.461,1.278],[118.486,1.263],[118.506,1.234],[118.533,1.214],[118.554,1.227],[118.561,1.25],[118.579,1.245],[118.59,1.212],[118.58,1.137],[118.585,1.113],[118.607,1.096],[118.633,1.091],[118.668,1.102],[118.743,1.107],[118.769,1.104],[118.78,1.082],[118.792,1.021],[118.806,1.004],[118.854,1.011],[118.892,1.028],[118.941,1.009],[118.966,1.01],[118.985,1.03],[118.966,1.036],[118.945,1.059],[118.872,1.067],[118.854,1.048],[118.836,1.051],[118.823,1.105],[118.8,1.114],[118.777,1.154],[118.768,1.195],[118.712,1.251],[118.645,1.301],[118.605,1.326],[118.582,1.353],[118.554,1.365],[118.516,1.363],[118.491,1.37],[118.468,1.385],[118.436,1.379],[118.422,1.451],[118.408,1.487],[118.378,1.482],[118.375,1.504],[118.344,1.513],[118.296,1.541],[118.262,1.554],[118.228,1.573],[118.211,1.589],[118.177,1.609],[118.165,1.627],[118.135,1.634],[118.119,1.648],[118.053,1.734],[118.067,1.762],[118.048,1.783],[118.013,1.783],[117.929,1.806],[117.911,1.821],[117.89,1.857],[117.89,1.873],[117.859,1.883],[117.833,1.91],[117.826,1.949],[117.817,1.955],[117.82,1.966],[117.815,1.971],[117.814,1.98],[117.808,1.983],[117.806,1.985],[117.809,1.988],[117.82,1.987],[117.819,1.996],[117.824,2.01],[117.767,2.013],[117.744,2.03],[117.721,2.027],[117.701,2.036],[117.699,2.058],[117.718,2.059],[117.711,2.074],[117.713,2.082],[117.723,2.139],[117.687,2.18],[117.741,2.192],[117.79,2.189],[117.816,2.201],[117.893,2.195],[117.908,2.209],[117.933,2.18],[118.01,2.2],[118.019,2.197],[118.055,2.229],[118.098,2.282],[118.094,2.311],[118.072,2.326],[118.067,2.357],[118.046,2.379],[118.038,2.362],[118.021,2.36],[118.017,2.396],[117.986,2.436]]]]},"properties":{"name":"Berau"}},
{"type":"Feature","geometry":{"type":"MultiPolygon","coordinates":[[[[136.225,-1.23],[136.199,-1.234],[136.205,-1.257],[136.225,-1.23]]],[[[136.324,-1.218],[136.293,-1.233],[136.305,-1.242],[136.324,-1.218]]],[[[136.6,-1.191],[136.586,-1.191],[136.591,-1.228],[136.612,-1.224],[136.6,-1.191]]],[[[134.857,-0.931],[134.844,-0.932],[134.806,-0.959],[134.793,-0.981],[134.801,-1.003],[134.795,-1.033],[134.824,-1.067],[134.836,-1.105],[134.863,-1.13],[134.89,-1.141],[134.952,-1.128],[134.979,-1.075],[134.986,-1.036],[134.981,-1.012],[134.954,-1.027],[134.961,-1.048],[134.924,-1.075],[134.92,-1.065],[134.948,-1.002],[134.944,-0.971],[134.927,-0.954],[134.883,-0.935],[134.857,-0.931]]],[[[135.709,-0.803],[135.741,-0.81],[135.767,-0.864],[135.766,-0.885],[135.789,-0.936],[135.788,-0.965],[135.801,-0.999],[135.825,-1.032],[135.818,-1.089],[135.802,-1.092],[135.823,-1.132],[135.858,-1.167],[135.906,-1.178],[135.913,-1.16],[135.945,-1.146],[135.956,-1.149],[136.001,-1.142],[136.038,-1.149],[136.056,-1.178],[136.107,-1.193],[136.149,-1.2],[136.163,-1.185],[136.213,-1.172],[136.241,-1.171],[136.282,-1.15],[136.314,-1.141],[136.355,-1.111],[136.359,-1.097],[136.379,-1.09],[136.386,-1.072],[136.362,-1.064],[136.332,-1.076],[136.296,-1.055],[136.29,-1.03],[136.257,-1.018],[136.237,-1.029],[136.208,-1.031],[136.19,-1.045],[136.161,-1.034],[136.159,-1.007],[136.099,-0.961],[136.098,-0.932],[136.077,-0.912],[136.06,-0.887],[136.046,-0.884],[136.052,-0.859],[136.03,-0.837],[135.973,-0.812],[135.937,-0.786],[135.925,-0.79],[135.909,-0.758],[135.866,-0.707],[135.812,-0.686],[135.804,-0.687],[135.804,-0.741],[135.739,-0.794],[135.709,-0.803]]]]},"properties":{"name":"Biak Numfor"}},
{"type":"Feature","geometry":{"type":"MultiPolygon","coordinates":[[[[119.275,-8.397],[119.266,-8.424],[119.268,-8.446],[119.29,-8.463],[119.307,-8.433],[119.322,-8.434],[119.328,-8.415],[119.313,-8.408],[119.278,-8.416],[119.275,-8.397]]],[[[118.714,-8.497],[118.688,-8.519],[118.66,-8.511],[118.664,-8.488],[118.687,-8.46],[118.693,-8.42],[118.691,-8.358],[118.658,-8.3],[118.622,-8.288],[118.584,-8.266],[118.514,-8.261],[118.495,-8.243],[118.464,-8.246],[118.444,-8.269],[118.473,-8.3],[118.48,-8.326],[118.507,-8.356],[118.527,-8.366],[118.543,-8.395],[118.525,-8.428],[118.502,-8.445],[118.514,-8.486],[118.514,-8.511],[118.492,-8.532],[118.508,-8.566],[118.507,-8.595],[118.521,-8.615],[118.52,-8.639],[118.536,-8.649],[118.536,-8.681],[118.513,-8.715],[118.495,-8.774],[118.501,-8.793],[118.477,-8.84],[118.478,-8.885],[118.519,-8.879],[118.558,-8.848],[118.602,-8.84],[118.637,-8.814],[118.665,-8.806],[118.7,-8.807],[118.707,-8.798],[118.753,-8.795],[118.788,-8.822],[118.806,-8.819],[118.818,-8.837],[118.844,-8.842],[118.904,-8.844],[118.937,-8.832],[118.956,-8.818],[118.944,-8.788],[118.92,-8.786],[118.909,-8.765],[118.827,-8.766],[118.774,-8.763],[118.76,-8.768],[118.719,-8.755],[118.716,-8.74],[118.761,-8.693],[118.775,-8.71],[118.815,-8.703],[118.85,-8.728],[118.881,-8.709],[118.881,-8.689],[118.908,-8.68],[118.929,-8.695],[118.954,-8.722],[118.966,-8.744],[119.018,-8.743],[119.036,-8.733],[119.066,-8.744],[119.128,-8.752],[119.147,-8.729],[119.149,-8.708],[119.168,-8.701],[119.157,-8.672],[119.159,-8.638],[119.18,-8.621],[119.176,-8.586],[119.147,-8.567],[119.146,-8.588],[119.131,-8.603],[119.128,-8.622],[119.08,-8.651],[119.055,-8.653],[119.032,-8.634],[119.037,-8.596],[119.013,-8.559],[119.013,-8.538],[119.037,-8.527],[119.049,-8.487],[119.036,-8.44],[118.991,-8.371],[118.989,-8.345],[119.001,-8.31],[118.969,-8.305],[118.944,-8.294],[118.928,-8.295],[118.89,-8.284],[118.859,-8.289],[118.816,-8.281],[118.786,-8.302],[118.765,-8.31],[118.755,-8.33],[118.729,-8.349],[118.747,-8.378],[118.742,-8.4],[118.765,-8.401],[118.793,-8.423],[118.809,-8.409],[118.841,-8.424],[118.864,-8.424],[118.867,-8.439],[118.886,-8.452],[118.882,-8.469],[118.896,-8.49],[118.842,-8.497],[118.819,-8.523],[118.801,-8.533],[118.782,-8.507],[118.768,-8.519],[118.732,-8.514],[118.714,-8.497]]],[[[119.068,-8.131],[119.054,-8.127],[119.012,-8.154],[119,-8.179],[119,-8.23],[119.012,-8.247],[119.051,-8.262],[119.083,-8.254],[119.115,-8.223],[119.123,-8.186],[119.113,-8.157],[119.089,-8.133],[119.068,-8.131]]],[[[118.317,-8.37],[118.291,-8.368],[118.234,-8.332],[118.218,-8.284],[118.184,-8.268],[118.163,-8.242],[118.16,-8.21],[118.148,-8.202],[118.147,-8.141],[118.14,-8.133],[118.092,-8.112],[118.081,-8.1],[118.044,-8.108],[118.006,-8.094],[117.961,-8.107],[117.944,-8.084],[117.924,-8.08],[117.901,-8.094],[117.868,-8.101],[117.829,-8.129],[117.787,-8.124],[117.765,-8.144],[117.779,-8.163],[117.802,-8.173],[117.815,-8.188],[117.851,-8.213],[117.874,-8.221],[117.888,-8.216],[117.929,-8.22],[117.973,-8.273],[118.025,-8.299],[118.045,-8.336],[118.087,-8.361],[118.103,-8.378],[118.139,-8.39],[118.145,-8.406],[118.185,-8.418],[118.205,-8.437],[118.243,-8.441],[118.272,-8.439],[118.298,-8.429],[118.321,-8.405],[118.317,-8.37]]]]},"properties":{"name":"Bima"}},
{"type":"Feature","geometry":{"type":"MultiPolygon","coordinates":[[[[104.659,0.753],[104.629,0.746],[104.631,0.722],[104.659,0.753]]],[[[104.719,0.758],[104.714,0.753],[104.716,0.746],[104.714,0.741],[104.732,0.719],[104.759,0.731],[104.748,0.746],[104.719,0.758]]],[[[104.693,0.763],[104.697,0.737],[104.715,0.745],[104.71,0.762],[104.693,0.763]]],[[[104.594,0.794],[104.594,0.755],[104.622,0.785],[104.594,0.794]]],[[[104.7,0.793],[104.687,0.775],[104.703,0.764],[104.746,0.751],[104.754,0.758],[104.747,0.788],[104.7,0.793]]],[[[104.548,0.797],[104.536,0.785],[104.535,0.765],[104.586,0.786],[104.548,0.797]]],[[[104.65,0.867],[104.633,0.846],[104.637,0.81],[104.665,0.821],[104.663,0.848],[104.65,0.867]]],[[[104.688,0.897],[104.679,0.896],[104.661,0.864],[104.677,0.845],[104.695,0.862],[104.688,0.897]]],[[[104.631,0.895],[104.619,0.885],[104.633,0.863],[104.662,0.88],[104.659,0.892],[104.631,0.895]]],[[[107.432,0.976],[107.427,0.961],[107.455,0.92],[107.474,0.949],[107.462,0.976],[107.447,0.965],[107.432,0.976]]],[[[107.538,1.027],[107.532,0.994],[107.543,0.978],[107.565,0.983],[107.571,0.969],[107.603,0.998],[107.587,1.011],[107.538,1.027]]],[[[104.788,1.028],[104.786,1.007],[104.803,1.004],[104.808,0.986],[104.825,0.98],[104.84,0.962],[104.849,0.987],[104.835,1.016],[104.804,1.018],[104.788,1.028]]],[[[104.514,0.844],[104.522,0.826],[104.555,0.814],[104.593,0.81],[104.611,0.833],[104.612,0.881],[104.629,0.906],[104.655,0.909],[104.66,0.94],[104.648,0.947],[104.635,0.988],[104.649,1.006],[104.658,1.032],[104.652,1.063],[104.638,1.083],[104.626,1.115],[104.597,1.126],[104.578,1.156],[104.577,1.193],[104.586,1.223],[104.569,1.23],[104.551,1.224],[104.546,1.203],[104.529,1.177],[104.501,1.17],[104.465,1.179],[104.407,1.203],[104.381,1.197],[104.365,1.178],[104.346,1.186],[104.319,1.174],[104.33,1.138],[104.306,1.138],[104.278,1.126],[104.24,1.12],[104.22,1.091],[104.215,1.065],[104.231,1.051],[104.226,1.022],[104.263,1],[104.304,1.001],[104.333,0.992],[104.337,1.02],[104.358,1.02],[104.374,1.01],[104.403,1.039],[104.426,1.052],[104.454,1.054],[104.476,1.027],[104.452,1.015],[104.441,0.996],[104.474,0.979],[104.499,0.989],[104.528,0.945],[104.553,0.922],[104.538,0.897],[104.532,0.862],[104.514,0.844]]]]},"properties":{"name":"Bintan"}},
{"type":"Feature","geometry":{"type":"Polygon","coordinates":[[[96.657,4.955],[96.661,4.974],[96.745,4.967],[96.786,4.942],[96.808,4.969],[96.817,4.99],[96.819,5.038],[96.827,5.054],[96.821,5.072],[96.845,5.084],[96.867,5.106],[96.891,5.151],[96.881,5.192],[96.915,5.2],[96.916,5.218],[96.908,5.25],[96.873,5.253],[96.859,5.275],[96.832,5.276],[96.779,5.258],[96.727,5.248],[96.64,5.214],[96.582,5.211],[96.531,5.198],[96.496,5.203],[96.48,5.214],[96.465,5.237],[96.431,5.219],[96.399,5.21],[96.342,5.227],[96.345,5.206],[96.335,5.185],[96.335,5.151],[96.348,5.123],[96.348,5.08],[96.366,5.046],[96.347,5.015],[96.348,4.991],[96.325,4.962],[96.342,4.944],[96.374,4.931],[96.397,4.942],[96.432,4.938],[96.45,4.925],[96.467,4.895],[96.497,4.89],[96.513,4.903],[96.536,4.935],[96.6,4.954],[96.657,4.955]]]},"properties":{"name":"Bireuen"}},
{"type":"Feature","geometry":{"type":"Polygon","coordinates":[[[112.359,-8.348],[112.385,-8.285],[112.381,-8.24],[112.393,-8.232],[112.383,-8.208],[112.385,-8.192],[112.366,-8.176],[112.422,-8.158],[112.453,-8.144],[112.454,-8.064],[112.468,-7.987],[112.479,-7.971],[112.445,-7.911],[112.37,-7.957],[112.341,-7.939],[112.307,-7.929],[112.298,-7.938],[112.263,-7.944],[112.18,-7.973],[112.114,-7.977],[112.096,-7.97],[112.091,-7.992],[112.054,-7.991],[112.019,-8],[111.957,-7.997],[111.975,-8.044],[111.995,-8.059],[111.991,-8.078],[112.003,-8.095],[112.033,-8.1],[112.082,-8.119],[112.095,-8.111],[112.12,-8.127],[112.117,-8.158],[112.104,-8.158],[112.079,-8.188],[112.058,-8.184],[112.029,-8.168],[112.023,-8.244],[112.031,-8.263],[112.024,-8.287],[112.028,-8.313],[112.034,-8.32],[112.09,-8.315],[112.143,-8.316],[112.167,-8.324],[112.219,-8.327],[112.221,-8.343],[112.241,-8.347],[112.296,-8.332],[112.316,-8.343],[112.334,-8.333],[112.359,-8.348]],[[112.185,-8.056],[112.198,-8.066],[112.198,-8.094],[112.16,-8.137],[112.137,-8.109],[112.148,-8.08],[112.162,-8.085],[112.173,-8.058],[112.185,-8.056]]]},"properties":{"name":"Blitar"}},
{"type":"Feature","geometry":{"type":"Polygon","coordinates":[[[111.263,-6.855],[111.239,-6.851],[111.203,-6.88],[111.198,-6.898],[111.115,-6.916],[111.107,-6.962],[111.111,-6.978],[111.161,-6.981],[111.188,-6.998],[111.218,-7.031],[111.216,-7.076],[111.24,-7.139],[111.247,-7.172],[111.238,-7.241],[111.212,-7.247],[111.244,-7.285],[111.286,-7.289],[111.333,-7.321],[111.347,-7.323],[111.382,-7.347],[111.416,-7.349],[111.453,-7.375],[111.462,-7.362],[111.446,-7.337],[111.457,-7.321],[111.426,-7.313],[111.451,-7.275],[111.488,-7.243],[111.502,-7.249],[111.528,-7.227],[111.564,-7.191],[111.587,-7.186],[111.59,-7.162],[111.608,-7.142],[111.62,-7.11],[111.614,-7.099],[111.628,-7.067],[111.613,-7.035],[111.613,-7.011],[111.623,-6.988],[111.605,-6.967],[111.572,-6.952],[111.575,-6.918],[111.539,-6.9],[111.496,-6.894],[111.454,-6.876],[111.426,-6.894],[111.414,-6.884],[111.39,-6.893],[111.348,-6.886],[111.338,-6.873],[111.314,-6.865],[111.285,-6.865],[111.263,-6.855]]]},"properties":{"name":"Blora"}},
{"type":"Feature","geometry":{"type":"Polygon","coordinates":[[[122.248,0.914],[122.209,0.899],[122.183,0.911],[122.159,0.906],[122.14,0.912],[122.117,0.905],[122.105,0.933],[122.084,0.921],[122.077,0.904],[122.088,0.894],[122.082,0.844],[122.09,0.823],[122.115,0.819],[122.125,0.683],[122.133,0.635],[122.135,0.596],[122.13,0.557],[122.119,0.543],[122.119,0.497],[122.169,0.471],[122.22,0.484],[122.281,0.475],[122.305,0.491],[122.327,0.493],[122.356,0.511],[122.366,0.502],[122.394,0.52],[122.438,0.5],[122.45,0.508],[122.493,0.501],[122.503,0.508],[122.54,0.495],[122.558,0.5],[122.609,0.488],[122.653,0.486],[122.647,0.521],[122.628,0.54],[122.639,0.563],[122.631,0.589],[122.612,0.607],[122.604,0.641],[122.569,0.67],[122.548,0.699],[122.497,0.725],[122.465,0.758],[122.444,0.765],[122.43,0.755],[122.402,0.764],[122.349,0.792],[122.32,0.796],[122.272,0.781],[122.253,0.795],[122.248,0.854],[122.255,0.874],[122.245,0.901],[122.248,0.914]]]},"properties":{"name":"Boalemo"}},
{"type":"Feature","geometry":{"type":"Polygon","coordinates":[[[106.994,-6.367],[106.97,-6.35],[106.962,-6.331],[106.944,-6.366],[106.919,-6.396],[106.899,-6.42],[106.882,-6.454],[106.832,-6.455],[106.816,-6.445],[106.766,-6.437],[106.738,-6.439],[106.731,-6.399],[106.717,-6.37],[106.721,-6.36],[106.666,-6.358],[106.651,-6.362],[106.594,-6.363],[106.573,-6.338],[106.549,-6.332],[106.519,-6.355],[106.499,-6.356],[106.483,-6.343],[106.483,-6.323],[106.469,-6.303],[106.442,-6.326],[106.427,-6.348],[106.434,-6.394],[106.454,-6.419],[106.44,-6.45],[106.401,-6.456],[106.413,-6.483],[106.403,-6.517],[106.423,-6.551],[106.43,-6.591],[106.429,-6.682],[106.449,-6.707],[106.451,-6.727],[106.467,-6.751],[106.498,-6.752],[106.525,-6.762],[106.548,-6.751],[106.569,-6.723],[106.599,-6.749],[106.632,-6.755],[106.699,-6.742],[106.725,-6.718],[106.741,-6.715],[106.758,-6.728],[106.778,-6.755],[106.793,-6.753],[106.814,-6.769],[106.904,-6.789],[106.921,-6.787],[106.947,-6.761],[106.965,-6.77],[106.974,-6.751],[106.999,-6.732],[106.993,-6.715],[107.007,-6.692],[106.991,-6.668],[107.016,-6.668],[107.043,-6.657],[107.089,-6.667],[107.121,-6.663],[107.135,-6.67],[107.153,-6.65],[107.192,-6.645],[107.215,-6.637],[107.215,-6.62],[107.227,-6.602],[107.221,-6.591],[107.193,-6.578],[107.179,-6.552],[107.165,-6.501],[107.172,-6.482],[107.135,-6.466],[107.108,-6.462],[107.059,-6.434],[107.051,-6.417],[107.01,-6.403],[106.994,-6.367]],[[106.779,-6.512],[106.789,-6.518],[106.793,-6.546],[106.818,-6.538],[106.837,-6.578],[106.831,-6.603],[106.847,-6.642],[106.848,-6.676],[106.819,-6.672],[106.811,-6.649],[106.783,-6.645],[106.784,-6.616],[106.763,-6.583],[106.735,-6.565],[106.741,-6.543],[106.765,-6.546],[106.765,-6.521],[106.779,-6.512]]]},"properties":{"name":"Bogor"}},
{"type":"Feature","geometry":{"type":"Polygon","coordinates":[[[111.462,-7.362],[111.472,-7.357],[111.514,-7.363],[111.524,-7.372],[111.56,-7.363],[111.575,-7.349],[111.614,-7.37],[111.631,-7.39],[111.671,-7.41],[111.727,-7.449],[111.767,-7.469],[111.8,-7.461],[111.821,-7.44],[111.862,-7.436],[111.878,-7.441],[111.905,-7.433],[111.94,-7.44],[111.959,-7.428],[111.971,-7.405],[112.012,-7.406],[112.024,-7.396],[112.069,-7.397],[112.082,-7.383],[112.089,-7.358],[112.073,-7.333],[112.09,-7.298],[112.084,-7.255],[112.089,-7.231],[112.113,-7.217],[112.137,-7.165],[112.151,-7.158],[112.162,-7.12],[112.155,-7.11],[112.108,-7.086],[112.086,-7.086],[112.082,-7.065],[112.021,-7.084],[111.986,-7.139],[111.951,-7.133],[111.899,-7.137],[111.877,-7.133],[111.839,-7.104],[111.826,-7.087],[111.778,-7.082],[111.737,-7.085],[111.704,-7.075],[111.695,-7.054],[111.66,-7.039],[111.653,-7],[111.623,-6.988],[111.613,-7.011],[111.613,-7.035],[111.628,-7.067],[111.614,-7.099],[111.62,-7.11],[111.608,-7.142],[111.59,-7.162],[111.587,-7.186],[111.564,-7.191],[111.528,-7.227],[111.502,-7.249],[111.488,-7.243],[111.451,-7.275],[111.426,-7.313],[111.457,-7.321],[111.446,-7.337],[111.462,-7.362]]]},"properties":{"name":"Bojonegoro"}},
{"type":"Feature","geometry":{"type":"Polygon","coordinates":[[[124.298,1.007],[124.275,0.999],[124.244,1.002],[124.229,0.99],[124.203,0.99],[124.181,0.973],[124.176,0.958],[124.137,0.928],[124.116,0.921],[124.072,0.921],[124.032,0.898],[123.974,0.877],[123.956,0.865],[123.937,0.834],[123.917,0.847],[123.88,0.839],[123.827,0.841],[123.812,0.845],[123.789,0.83],[123.776,0.84],[123.753,0.831],[123.731,0.862],[123.72,0.834],[123.72,0.815],[123.732,0.779],[123.718,0.725],[123.729,0.695],[123.741,0.685],[123.725,0.644],[123.701,0.614],[123.666,0.617],[123.633,0.601],[123.644,0.573],[123.684,0.563],[123.714,0.563],[123.721,0.526],[123.711,0.504],[123.691,0.486],[123.699,0.456],[123.713,0.467],[123.738,0.465],[123.776,0.455],[123.802,0.441],[123.827,0.443],[123.86,0.459],[123.895,0.451],[123.91,0.434],[123.933,0.433],[123.95,0.455],[123.99,0.463],[124.024,0.477],[124.046,0.508],[124.114,0.528],[124.139,0.559],[124.161,0.562],[124.195,0.528],[124.213,0.538],[124.274,0.544],[124.32,0.583],[124.338,0.617],[124.341,0.648],[124.318,0.667],[124.293,0.66],[124.289,0.699],[124.256,0.709],[124.257,0.745],[124.305,0.754],[124.321,0.775],[124.346,0.769],[124.356,0.755],[124.397,0.769],[124.416,0.769],[124.434,0.793],[124.433,0.817],[124.407,0.859],[124.379,0.87],[124.379,0.912],[124.367,0.921],[124.376,0.958],[124.352,0.986],[124.332,0.99],[124.317,1.004],[124.298,1.007]]]},"properties":{"name":"Bolaang Mongondow"}},
{"type":"Feature","geometry":{"type":"Polygon","coordinates":[[[123.644,0.573],[123.632,0.564],[123.607,0.563],[123.588,0.587],[123.565,0.578],[123.533,0.577],[123.531,0.534],[123.547,0.523],[123.545,0.497],[123.523,0.49],[123.526,0.454],[123.547,0.443],[123.53,0.408],[123.498,0.382],[123.494,0.357],[123.48,0.354],[123.477,0.317],[123.494,0.307],[123.547,0.323],[123.607,0.308],[123.621,0.294],[123.635,0.303],[123.68,0.303],[123.708,0.319],[123.736,0.324],[123.778,0.312],[123.797,0.317],[123.82,0.337],[123.838,0.328],[123.868,0.33],[123.881,0.347],[123.906,0.352],[123.921,0.344],[123.978,0.36],[123.982,0.371],[124.04,0.374],[124.052,0.365],[124.087,0.387],[124.114,0.387],[124.14,0.394],[124.158,0.391],[124.192,0.398],[124.221,0.388],[124.244,0.398],[124.278,0.402],[124.275,0.42],[124.289,0.427],[124.321,0.422],[124.324,0.446],[124.346,0.45],[124.37,0.441],[124.413,0.455],[124.43,0.446],[124.447,0.461],[124.476,0.466],[124.466,0.477],[124.469,0.499],[124.46,0.518],[124.438,0.535],[124.441,0.561],[124.42,0.564],[124.382,0.581],[124.375,0.599],[124.338,0.617],[124.32,0.583],[124.274,0.544],[124.213,0.538],[124.195,0.528],[124.161,0.562],[124.139,0.559],[124.114,0.528],[124.046,0.508],[124.024,0.477],[123.99,0.463],[123.95,0.455],[123.933,0.433],[123.91,0.434],[123.895,0.451],[123.86,0.459],[123.827,0.443],[123.802,0.441],[123.776,0.455],[123.738,0.465],[123.713,0.467],[123.699,0.456],[123.691,0.486],[123.711,0.504],[123.721,0.526],[123.714,0.563],[123.684,0.563],[123.644,0.573]]]},"properties":{"name":"Bolaang Mongondow Selatan"}},
{"type":"Feature","geometry":{"type":"Polygon","coordinates":[[[124.356,0.755],[124.349,0.731],[124.377,0.661],[124.341,0.648],[124.338,0.617],[124.375,0.599],[124.382,0.581],[124.42,0.564],[124.441,0.561],[124.438,0.535],[124.46,0.518],[124.469,0.499],[124.466,0.477],[124.476,0.466],[124.484,0.484],[124.502,0.492],[124.503,0.515],[124.493,0.548],[124.526,0.564],[124.539,0.588],[124.569,0.602],[124.553,0.635],[124.556,0.651],[124.629,0.713],[124.624,0.763],[124.639,0.791],[124.66,0.809],[124.67,0.829],[124.691,0.83],[124.699,0.844],[124.695,0.858],[124.66,0.891],[124.647,0.939],[124.613,0.948],[124.581,0.935],[124.578,0.915],[124.558,0.887],[124.56,0.867],[124.516,0.825],[124.498,0.821],[124.488,0.803],[124.489,0.766],[124.469,0.763],[124.453,0.771],[124.434,0.793],[124.416,0.769],[124.397,0.769],[124.356,0.755]]]},"properties":{"name":"Bolaang Mongondow Timur"}},
{"type":"Feature","geometry":{"type":"Polygon","coordinates":[[[123.731,0.862],[123.66,0.88],[123.613,0.9],[123.582,0.903],[123.56,0.889],[123.526,0.886],[123.471,0.892],[123.45,0.903],[123.417,0.891],[123.373,0.913],[123.357,0.903],[123.333,0.909],[123.262,0.914],[123.242,0.944],[123.215,0.947],[123.178,0.934],[123.199,0.92],[123.178,0.902],[123.163,0.903],[123.141,0.923],[123.115,0.924],[123.12,0.895],[123.152,0.871],[123.166,0.873],[123.243,0.831],[123.271,0.803],[123.269,0.768],[123.251,0.754],[123.252,0.718],[123.274,0.698],[123.322,0.699],[123.365,0.652],[123.384,0.64],[123.429,0.641],[123.486,0.627],[123.488,0.601],[123.509,0.584],[123.533,0.577],[123.565,0.578],[123.588,0.587],[123.607,0.563],[123.632,0.564],[123.644,0.573],[123.633,0.601],[123.666,0.617],[123.701,0.614],[123.725,0.644],[123.741,0.685],[123.729,0.695],[123.718,0.725],[123.732,0.779],[123.72,0.815],[123.72,0.834],[123.731,0.862]]]},"properties":{"name":"Bolaang Mongondow Utara"}},
{"type":"Feature","geometry":{"type":"MultiPolygon","coordinates":[[[[122.045,-5.401],[122.036,-5.332],[122.051,-5.316],[122.05,-5.24],[122.067,-5.228],[122.058,-5.186],[122.025,-5.15],[122.01,-5.161],[121.992,-5.159],[121.975,-5.123],[121.975,-5.07],[121.946,-5.064],[121.926,-5.102],[121.898,-5.089],[121.898,-5.059],[121.888,-5.056],[121.862,-5.076],[121.84,-5.109],[121.88,-5.143],[121.869,-5.158],[121.841,-5.15],[121.82,-5.177],[121.832,-5.202],[121.813,-5.203],[121.812,-5.227],[121.794,-5.277],[121.822,-5.293],[121.825,-5.317],[121.852,-5.347],[121.875,-5.388],[121.903,-5.404],[121.939,-5.436],[121.946,-5.474],[121.953,-5.456],[121.955,-5.405],[122.045,-5.401]]],[[[121.908,-4.378],[121.882,-4.377],[121.848,-4.397],[121.806,-4.405],[121.805,-4.414],[121.795,-4.437],[121.77,-4.464],[121.756,-4.466],[121.746,-4.486],[121.729,-4.491],[121.712,-4.536],[121.638,-4.568],[121.572,-4.58],[121.537,-4.574],[121.491,-4.592],[121.471,-4.591],[121.469,-4.639],[121.472,-4.689],[121.488,-4.689],[121.507,-4.736],[121.55,-4.773],[121.664,-4.811],[121.677,-4.844],[121.71,-4.855],[121.735,-4.837],[121.759,-4.844],[121.791,-4.835],[121.822,-4.839],[121.835,-4.853],[121.88,-4.876],[121.974,-4.891],[122.023,-4.893],[122.026,-4.871],[122.044,-4.875],[122.055,-4.858],[122.096,-4.824],[122.091,-4.797],[122.053,-4.774],[122.041,-4.756],[122.032,-4.719],[122.035,-4.669],[122.041,-4.648],[122.066,-4.603],[122.073,-4.576],[122.104,-4.53],[122.107,-4.508],[122.083,-4.494],[122.06,-4.492],[122.05,-4.473],[122,-4.428],[121.908,-4.378]]]]},"properties":{"name":"Bombana"}},
{"type":"Feature","geometry":{"type":"Polygon","coordinates":[[[114.224,-7.987],[114.212,-7.978],[114.175,-7.97],[114.141,-7.981],[114.128,-7.976],[114.117,-7.954],[114.111,-7.91],[114.094,-7.882],[114.096,-7.841],[114.089,-7.806],[114.062,-7.759],[114.007,-7.76],[114,-7.772],[113.963,-7.774],[113.951,-7.765],[113.933,-7.793],[113.897,-7.798],[113.849,-7.796],[113.837,-7.812],[113.8,-7.808],[113.768,-7.795],[113.747,-7.796],[113.734,-7.809],[113.729,-7.858],[113.7,-7.9],[113.673,-7.919],[113.66,-7.938],[113.624,-7.961],[113.644,-7.973],[113.671,-7.968],[113.672,-7.987],[113.687,-8.012],[113.709,-8.012],[113.726,-8.024],[113.752,-8.061],[113.773,-8.039],[113.782,-8.05],[113.806,-8.056],[113.813,-8.046],[113.854,-8.046],[113.885,-8.03],[113.886,-8.015],[113.919,-8.025],[113.962,-8.056],[114.009,-8.075],[114.028,-8.095],[114.035,-8.129],[114.043,-8.134],[114.06,-8.122],[114.079,-8.127],[114.092,-8.116],[114.117,-8.114],[114.146,-8.101],[114.184,-8.121],[114.196,-8.103],[114.214,-8.1],[114.218,-8.083],[114.247,-8.055],[114.236,-8.031],[114.238,-8.006],[114.224,-7.987]]]},"properties":{"name":"Bondowoso"}},
{"type":"Feature","geometry":{"type":"Polygon","coordinates":[[[119.697,-4.788],[119.701,-4.802],[119.721,-4.822],[119.752,-4.803],[119.768,-4.824],[119.789,-4.809],[119.807,-4.809],[119.812,-4.768],[119.843,-4.743],[119.867,-4.744],[119.885,-4.719],[119.911,-4.732],[119.925,-4.748],[119.968,-4.775],[119.953,-4.793],[119.936,-4.843],[119.918,-4.867],[119.935,-4.882],[119.917,-4.907],[119.896,-4.921],[119.884,-4.962],[119.884,-5.002],[119.847,-5.059],[119.864,-5.092],[119.893,-5.097],[119.899,-5.112],[119.923,-5.133],[119.938,-5.129],[119.97,-5.14],[119.982,-5.123],[120,-5.133],[120.011,-5.123],[120.052,-5.127],[120.085,-5.075],[120.133,-5.048],[120.164,-5.078],[120.181,-5.069],[120.202,-5.096],[120.248,-5.093],[120.287,-5.113],[120.288,-5.092],[120.301,-5.044],[120.289,-5.036],[120.306,-5],[120.297,-4.979],[120.293,-4.923],[120.305,-4.903],[120.301,-4.887],[120.318,-4.853],[120.345,-4.839],[120.365,-4.844],[120.383,-4.838],[120.385,-4.768],[120.398,-4.74],[120.4,-4.709],[120.409,-4.695],[120.451,-4.657],[120.433,-4.623],[120.4,-4.606],[120.384,-4.561],[120.385,-4.529],[120.377,-4.512],[120.402,-4.481],[120.372,-4.446],[120.347,-4.426],[120.347,-4.405],[120.39,-4.348],[120.388,-4.313],[120.365,-4.299],[120.366,-4.263],[120.373,-4.233],[120.367,-4.223],[120.335,-4.24],[120.279,-4.249],[120.25,-4.273],[120.234,-4.263],[120.232,-4.242],[120.192,-4.237],[120.174,-4.227],[120.139,-4.22],[120.12,-4.243],[120.1,-4.252],[120.076,-4.247],[120.073,-4.285],[120.085,-4.322],[120.077,-4.335],[120.096,-4.362],[120.095,-4.392],[120.08,-4.401],[120.049,-4.397],[120.065,-4.433],[120.057,-4.465],[120.058,-4.5],[120.038,-4.52],[120.014,-4.526],[119.994,-4.521],[119.971,-4.532],[119.939,-4.534],[119.901,-4.516],[119.875,-4.533],[119.821,-4.527],[119.806,-4.537],[119.798,-4.565],[119.798,-4.596],[119.765,-4.616],[119.754,-4.642],[119.76,-4.685],[119.787,-4.689],[119.813,-4.705],[119.823,-4.722],[119.821,-4.743],[119.8,-4.765],[119.787,-4.753],[119.77,-4.755],[119.749,-4.797],[119.697,-4.788]]]},"properties":{"name":"Bone"}},
{"type":"Feature","geometry":{"type":"Polygon","coordinates":[[[123.533,0.577],[123.509,0.584],[123.488,0.601],[123.486,0.627],[123.429,0.641],[123.384,0.64],[123.365,0.652],[123.322,0.699],[123.274,0.698],[123.252,0.718],[123.251,0.754],[123.23,0.763],[123.193,0.755],[123.164,0.759],[123.16,0.776],[123.134,0.765],[123.123,0.788],[123.091,0.803],[123.07,0.803],[123.064,0.781],[123.078,0.773],[123.074,0.742],[123.08,0.7],[123.071,0.675],[123.037,0.628],[123.07,0.607],[123.061,0.589],[123.091,0.58],[123.089,0.552],[123.079,0.523],[123.1,0.503],[123.087,0.48],[123.116,0.462],[123.144,0.416],[123.162,0.399],[123.195,0.394],[123.217,0.372],[123.228,0.348],[123.241,0.345],[123.279,0.319],[123.327,0.313],[123.345,0.306],[123.359,0.315],[123.416,0.312],[123.435,0.317],[123.459,0.338],[123.477,0.317],[123.48,0.354],[123.494,0.357],[123.498,0.382],[123.53,0.408],[123.547,0.443],[123.526,0.454],[123.523,0.49],[123.545,0.497],[123.547,0.523],[123.531,0.534],[123.533,0.577]]]},"properties":{"name":"Bone Bolango"}},
{"type":"Feature","geometry":{"type":"Polygon","coordinates":[[[140.848,-6.618],[140.884,-6.592],[140.894,-6.598],[140.91,-6.578],[140.907,-6.558],[140.929,-6.538],[140.919,-6.515],[140.929,-6.491],[140.948,-6.492],[140.945,-6.468],[140.923,-6.456],[140.918,-6.419],[140.947,-6.437],[140.962,-6.397],[140.944,-6.389],[140.945,-6.369],[140.96,-6.355],[140.974,-6.326],[141,-6.32],[141,-5.803],[141,-5.295],[140.764,-5.258],[140.231,-5.184],[140.147,-5.169],[140.098,-5.16],[139.644,-5.041],[139.705,-5.235],[139.727,-5.438],[139.727,-5.717],[139.87,-6.192],[139.835,-6.195],[139.823,-6.222],[139.825,-6.258],[139.857,-6.281],[139.854,-6.324],[139.848,-6.34],[139.801,-6.389],[139.788,-6.418],[140.072,-6.433],[140.065,-6.868],[140.058,-7.266],[140.426,-6.964],[140.848,-6.618]]]},"properties":{"name":"Boven Digoel"}},
{"type":"Feature","geometry":{"type":"Polygon","coordinates":[[[110.828,-7.247],[110.838,-7.221],[110.824,-7.212],[110.789,-7.243],[110.767,-7.244],[110.786,-7.194],[110.76,-7.186],[110.75,-7.149],[110.735,-7.144],[110.724,-7.165],[110.689,-7.192],[110.692,-7.24],[110.674,-7.238],[110.662,-7.224],[110.628,-7.219],[110.624,-7.234],[110.636,-7.264],[110.622,-7.289],[110.605,-7.29],[110.599,-7.307],[110.613,-7.334],[110.643,-7.326],[110.64,-7.351],[110.625,-7.382],[110.635,-7.39],[110.636,-7.43],[110.619,-7.446],[110.629,-7.464],[110.655,-7.481],[110.661,-7.496],[110.622,-7.491],[110.596,-7.483],[110.583,-7.43],[110.531,-7.433],[110.518,-7.439],[110.508,-7.412],[110.464,-7.409],[110.439,-7.454],[110.433,-7.478],[110.414,-7.497],[110.405,-7.517],[110.446,-7.542],[110.477,-7.557],[110.506,-7.59],[110.522,-7.621],[110.541,-7.628],[110.55,-7.603],[110.573,-7.584],[110.597,-7.588],[110.601,-7.571],[110.641,-7.586],[110.689,-7.586],[110.703,-7.593],[110.726,-7.554],[110.713,-7.542],[110.709,-7.532],[110.781,-7.524],[110.801,-7.534],[110.816,-7.523],[110.806,-7.491],[110.805,-7.459],[110.781,-7.453],[110.773,-7.392],[110.799,-7.37],[110.803,-7.328],[110.797,-7.308],[110.797,-7.306],[110.794,-7.275],[110.802,-7.256],[110.828,-7.247]]]},"properties":{"name":"Boyolali"}},
{"type":"Feature","geometry":{"type":"Polygon","coordinates":[[[109.167,-7.268],[109.168,-7.24],[109.15,-7.246],[109.108,-7.213],[109.08,-7.215],[109.077,-7.201],[109.056,-7.185],[109.081,-7.155],[109.082,-7.135],[109.062,-7.128],[109.057,-7.15],[109.036,-7.14],[109,-7.142],[108.99,-7.132],[108.965,-7.151],[108.951,-7.127],[108.977,-7.121],[108.986,-7.097],[108.969,-7.06],[108.988,-7.06],[109.019,-7.024],[109.027,-6.986],[109.045,-6.987],[109.077,-6.962],[109.082,-6.928],[109.075,-6.912],[109.077,-6.888],[109.082,-6.859],[109.102,-6.84],[109.067,-6.803],[109.052,-6.781],[109.029,-6.779],[109.006,-6.797],[108.947,-6.825],[108.928,-6.824],[108.853,-6.8],[108.833,-6.775],[108.834,-6.758],[108.826,-6.803],[108.825,-6.832],[108.802,-6.869],[108.759,-6.905],[108.753,-6.92],[108.764,-6.939],[108.759,-6.984],[108.778,-6.993],[108.791,-7.025],[108.775,-7.035],[108.785,-7.057],[108.774,-7.083],[108.771,-7.112],[108.726,-7.115],[108.693,-7.152],[108.722,-7.182],[108.79,-7.213],[108.811,-7.204],[108.866,-7.272],[108.893,-7.276],[108.914,-7.303],[108.952,-7.331],[108.967,-7.332],[109.017,-7.335],[109.037,-7.343],[109.065,-7.339],[109.084,-7.305],[109.105,-7.302],[109.135,-7.268],[109.167,-7.268]]]},"properties":{"name":"Brebes"}},
{"type":"Feature","geometry":{"type":"Polygon","coordinates":[[[115.232,-8.24],[115.243,-8.216],[115.242,-8.186],[115.26,-8.172],[115.288,-8.171],[115.32,-8.155],[115.345,-8.149],[115.409,-8.192],[115.436,-8.181],[115.457,-8.167],[115.415,-8.152],[115.389,-8.136],[115.358,-8.128],[115.339,-8.112],[115.294,-8.105],[115.264,-8.088],[115.206,-8.074],[115.185,-8.061],[115.158,-8.064],[115.113,-8.085],[115.078,-8.109],[115.048,-8.144],[114.983,-8.181],[114.929,-8.181],[114.876,-8.195],[114.824,-8.192],[114.817,-8.185],[114.748,-8.169],[114.693,-8.144],[114.655,-8.143],[114.645,-8.131],[114.62,-8.127],[114.594,-8.14],[114.591,-8.12],[114.55,-8.134],[114.528,-8.153],[114.523,-8.134],[114.494,-8.096],[114.451,-8.092],[114.435,-8.098],[114.432,-8.119],[114.443,-8.133],[114.445,-8.157],[114.458,-8.173],[114.459,-8.194],[114.494,-8.194],[114.51,-8.205],[114.532,-8.191],[114.553,-8.198],[114.59,-8.173],[114.621,-8.19],[114.633,-8.213],[114.652,-8.226],[114.674,-8.223],[114.701,-8.199],[114.756,-8.232],[114.776,-8.263],[114.808,-8.252],[114.824,-8.333],[114.858,-8.342],[114.87,-8.337],[114.896,-8.357],[114.903,-8.375],[114.932,-8.383],[114.961,-8.331],[114.965,-8.306],[114.994,-8.3],[115.009,-8.307],[115.037,-8.303],[115.072,-8.314],[115.101,-8.307],[115.118,-8.274],[115.132,-8.272],[115.186,-8.247],[115.204,-8.249],[115.232,-8.24]]]},"properties":{"name":"Buleleng"}},
{"type":"Feature","geometry":{"type":"Polygon","coordinates":[[[120.101,-5.586],[120.13,-5.588],[120.171,-5.565],[120.19,-5.566],[120.222,-5.54],[120.289,-5.532],[120.311,-5.508],[120.342,-5.512],[120.365,-5.536],[120.38,-5.571],[120.394,-5.587],[120.427,-5.609],[120.463,-5.607],[120.451,-5.548],[120.443,-5.49],[120.449,-5.474],[120.424,-5.465],[120.434,-5.452],[120.428,-5.43],[120.413,-5.407],[120.4,-5.366],[120.403,-5.339],[120.376,-5.333],[120.354,-5.314],[120.334,-5.288],[120.319,-5.295],[120.286,-5.287],[120.254,-5.302],[120.23,-5.297],[120.202,-5.301],[120.176,-5.313],[120.15,-5.3],[120.082,-5.324],[120.04,-5.347],[119.995,-5.323],[119.955,-5.355],[119.985,-5.392],[120.012,-5.387],[120.029,-5.393],[120.031,-5.413],[120.091,-5.491],[120.1,-5.549],[120.101,-5.586]]]},"properties":{"name":"Bulukumba"}},
{"type":"Feature","geometry":{"type":"MultiPolygon","coordinates":[[[[117.706,2.839],[117.693,2.852],[117.658,2.835],[117.641,2.814],[117.656,2.799],[117.678,2.796],[117.703,2.807],[117.729,2.807],[117.728,2.829],[117.706,2.839]]],[[[117.581,2.903],[117.546,2.908],[117.546,2.89],[117.573,2.884],[117.585,2.889],[117.594,2.861],[117.621,2.856],[117.635,2.85],[117.649,2.861],[117.667,2.855],[117.707,2.862],[117.717,2.872],[117.714,2.896],[117.653,2.893],[117.608,2.904],[117.581,2.903]]],[[[117.687,2.935],[117.589,2.915],[117.645,2.902],[117.711,2.904],[117.706,2.93],[117.687,2.935]]],[[[117.463,2.953],[117.466,2.939],[117.507,2.916],[117.548,2.913],[117.581,2.928],[117.559,2.951],[117.523,2.937],[117.504,2.939],[117.478,2.954],[117.463,2.953]]],[[[117.667,2.987],[117.635,2.979],[117.614,2.982],[117.589,2.974],[117.561,2.951],[117.583,2.928],[117.617,2.926],[117.693,2.946],[117.692,2.957],[117.667,2.964],[117.667,2.987]]],[[[117.547,2.957],[117.564,2.97],[117.558,2.984],[117.537,2.958],[117.53,2.969],[117.514,2.972],[117.5,2.962],[117.522,2.94],[117.547,2.957]]],[[[117.479,2.959],[117.505,2.971],[117.513,2.972],[117.518,2.978],[117.522,2.973],[117.54,2.969],[117.557,2.99],[117.544,3.012],[117.524,3.007],[117.482,2.983],[117.479,2.959]]],[[[117.623,3.059],[117.594,3.056],[117.555,3.04],[117.523,3.041],[117.524,3.015],[117.554,3.016],[117.576,2.981],[117.603,3.01],[117.619,3.018],[117.627,3.05],[117.623,3.059]]],[[[117.517,3.058],[117.496,3.031],[117.508,3.018],[117.523,3.029],[117.517,3.058]]],[[[117.53,3.068],[117.491,3.064],[117.446,3.054],[117.419,3.03],[117.414,3.019],[117.397,3.018],[117.378,3.004],[117.379,2.991],[117.359,2.958],[117.404,2.958],[117.43,2.968],[117.448,2.965],[117.46,3.005],[117.479,3.007],[117.489,3.043],[117.506,3.066],[117.553,3.04],[117.551,3.06],[117.53,3.068]]],[[[117.57,3.051],[117.619,3.067],[117.603,3.084],[117.552,3.073],[117.57,3.051]]],[[[117.529,3.098],[117.505,3.093],[117.52,3.075],[117.555,3.076],[117.565,3.093],[117.529,3.098]]],[[[117.388,3.09],[117.378,3.108],[117.363,3.108],[117.37,3.08],[117.355,3.048],[117.378,3.044],[117.394,3.062],[117.388,3.09]]],[[[117.459,3.112],[117.444,3.121],[117.428,3.108],[117.404,3.109],[117.395,3.06],[117.423,3.036],[117.446,3.08],[117.478,3.103],[117.459,3.112]]],[[[117.306,3.23],[117.27,3.23],[117.289,3.207],[117.306,3.23]]],[[[117.456,3.278],[117.399,3.275],[117.409,3.249],[117.426,3.25],[117.456,3.278]]],[[[117.447,3.341],[117.398,3.313],[117.384,3.287],[117.399,3.276],[117.449,3.285],[117.457,3.305],[117.474,3.297],[117.476,3.276],[117.517,3.276],[117.524,3.299],[117.506,3.321],[117.447,3.341]]],[[[117.489,3.408],[117.449,3.402],[117.453,3.348],[117.49,3.341],[117.505,3.356],[117.498,3.405],[117.489,3.408]]],[[[117.986,2.436],[117.966,2.447],[117.924,2.49],[117.903,2.52],[117.837,2.591],[117.812,2.609],[117.793,2.641],[117.788,2.66],[117.79,2.719],[117.785,2.748],[117.751,2.754],[117.732,2.772],[117.698,2.784],[117.615,2.795],[117.6,2.814],[117.636,2.817],[117.665,2.845],[117.653,2.855],[117.632,2.847],[117.595,2.858],[117.592,2.862],[117.585,2.888],[117.573,2.882],[117.546,2.89],[117.53,2.903],[117.46,2.932],[117.449,2.96],[117.431,2.965],[117.406,2.956],[117.369,2.95],[117.354,2.956],[117.371,2.984],[117.371,2.994],[117.385,3.013],[117.386,3.037],[117.355,3.046],[117.345,3.071],[117.366,3.08],[117.36,3.105],[117.367,3.117],[117.389,3.099],[117.406,3.115],[117.424,3.113],[117.452,3.128],[117.46,3.142],[117.425,3.173],[117.404,3.164],[117.369,3.181],[117.318,3.178],[117.304,3.208],[117.281,3.202],[117.263,3.232],[117.306,3.241],[117.317,3.212],[117.379,3.229],[117.397,3.257],[117.36,3.274],[117.388,3.323],[117.391,3.342],[117.331,3.38],[117.329,3.397],[117.299,3.419],[117.285,3.412],[117.275,3.381],[117.243,3.313],[117.231,3.332],[117.206,3.341],[117.195,3.331],[117.173,3.357],[117.126,3.346],[117.11,3.362],[117.095,3.365],[117.081,3.401],[117.066,3.397],[117.048,3.407],[117.006,3.39],[116.956,3.391],[116.924,3.399],[116.907,3.391],[116.881,3.395],[116.854,3.388],[116.835,3.391],[116.786,3.368],[116.776,3.38],[116.753,3.377],[116.773,3.348],[116.806,3.28],[116.802,3.257],[116.808,3.231],[116.805,3.2],[116.769,3.169],[116.742,3.17],[116.744,3.153],[116.724,3.105],[116.748,3.068],[116.742,3.036],[116.679,3.018],[116.661,3.005],[116.658,2.976],[116.639,2.974],[116.608,2.948],[116.61,2.933],[116.586,2.917],[116.581,2.89],[116.542,2.87],[116.494,2.829],[116.453,2.823],[116.434,2.808],[116.431,2.78],[116.405,2.765],[116.402,2.754],[116.375,2.733],[116.361,2.713],[116.333,2.699],[116.314,2.664],[116.324,2.647],[116.323,2.597],[116.301,2.545],[116.266,2.479],[116.234,2.489],[116.197,2.441],[116.182,2.408],[116.147,2.401],[116.106,2.384],[116.11,2.358],[116.089,2.351],[116.06,2.313],[116.053,2.283],[116.029,2.253],[115.989,2.261],[115.997,2.229],[116.017,2.192],[116.052,2.151],[116.095,2.171],[116.13,2.168],[116.157,2.133],[116.185,2.147],[116.228,2.133],[116.24,2.12],[116.272,2.104],[116.296,2.119],[116.316,2.117],[116.322,2.13],[116.323,2.251],[116.31,2.266],[116.33,2.283],[116.36,2.324],[116.375,2.356],[116.402,2.393],[116.443,2.467],[116.443,2.482],[116.424,2.498],[116.449,2.51],[116.492,2.494],[116.553,2.455],[116.581,2.428],[116.646,2.431],[116.727,2.444],[116.731,2.456],[116.754,2.476],[116.777,2.482],[116.849,2.519],[116.917,2.534],[116.953,2.551],[117.001,2.583],[117.074,2.608],[117.145,2.605],[117.218,2.596],[117.282,2.622],[117.315,2.626],[117.335,2.622],[117.362,2.605],[117.405,2.609],[117.428,2.591],[117.452,2.558],[117.487,2.54],[117.499,2.523],[117.541,2.52],[117.571,2.502],[117.59,2.52],[117.612,2.522],[117.638,2.478],[117.667,2.449],[117.685,2.41],[117.708,2.39],[117.721,2.347],[117.749,2.327],[117.761,2.334],[117.798,2.326],[117.813,2.329],[117.83,2.366],[117.857,2.392],[117.899,2.405],[117.919,2.396],[117.952,2.414],[117.958,2.428],[117.986,2.436]]],[[[117.445,3.55],[117.416,3.557],[117.415,3.542],[117.441,3.537],[117.441,3.519],[117.474,3.51],[117.486,3.498],[117.504,3.506],[117.547,3.471],[117.606,3.474],[117.609,3.501],[117.568,3.52],[117.5,3.546],[117.445,3.55]]],[[[117.622,3.576],[117.562,3.588],[117.535,3.562],[117.582,3.555],[117.628,3.537],[117.652,3.542],[117.656,3.56],[117.622,3.576]]],[[[117.817,3.577],[117.802,3.589],[117.759,3.567],[117.752,3.533],[117.759,3.517],[117.815,3.478],[117.843,3.455],[117.871,3.455],[117.874,3.471],[117.857,3.505],[117.851,3.536],[117.817,3.577]]]]},"properties":{"name":"Bulungan"}},
{"type":"Feature","geometry":{"type":"Polygon","coordinates":[[[102.519,-1.646],[102.487,-1.637],[102.489,-1.595],[102.48,-1.57],[102.46,-1.564],[102.392,-1.567],[102.338,-1.574],[102.314,-1.569],[102.312,-1.541],[102.323,-1.503],[102.296,-1.458],[102.255,-1.478],[102.204,-1.471],[102.191,-1.453],[102.153,-1.46],[102.124,-1.422],[102.098,-1.418],[102.077,-1.395],[102.039,-1.395],[102.029,-1.389],[101.948,-1.37],[101.905,-1.352],[101.887,-1.339],[101.872,-1.315],[101.905,-1.259],[101.955,-1.256],[101.972,-1.215],[101.953,-1.215],[101.945,-1.197],[101.971,-1.16],[101.968,-1.141],[101.947,-1.132],[101.905,-1.128],[101.885,-1.135],[101.876,-1.14],[101.814,-1.221],[101.794,-1.22],[101.775,-1.238],[101.734,-1.235],[101.722,-1.241],[101.715,-1.264],[101.695,-1.291],[101.722,-1.348],[101.723,-1.367],[101.697,-1.394],[101.718,-1.419],[101.724,-1.439],[101.695,-1.464],[101.672,-1.501],[101.631,-1.543],[101.582,-1.577],[101.549,-1.596],[101.51,-1.656],[101.502,-1.679],[101.484,-1.673],[101.436,-1.695],[101.48,-1.75],[101.565,-1.829],[101.589,-1.848],[101.631,-1.891],[101.661,-1.875],[101.716,-1.88],[101.758,-1.861],[101.791,-1.832],[101.81,-1.833],[101.827,-1.821],[101.885,-1.848],[101.901,-1.838],[101.959,-1.858],[101.995,-1.91],[102.007,-1.901],[102.034,-1.907],[102.046,-1.89],[102.071,-1.872],[102.107,-1.884],[102.144,-1.825],[102.134,-1.793],[102.166,-1.787],[102.208,-1.788],[102.225,-1.762],[102.248,-1.743],[102.281,-1.731],[102.309,-1.707],[102.324,-1.704],[102.345,-1.679],[102.363,-1.677],[102.407,-1.715],[102.444,-1.698],[102.467,-1.681],[102.487,-1.658],[102.519,-1.646]]]},"properties":{"name":"Bungo"}},
{"type":"Feature","geometry":{"type":"Polygon","coordinates":[[[122.195,1.038],[122.173,1.047],[122.09,1.065],[122.063,1.064],[121.987,1.023],[121.956,1.038],[121.95,1.068],[121.935,1.079],[121.934,1.1],[121.891,1.091],[121.874,1.082],[121.848,1.094],[121.819,1.081],[121.787,1.083],[121.767,1.071],[121.711,1.082],[121.698,1.056],[121.685,1.072],[121.639,1.055],[121.613,1.062],[121.602,1.055],[121.558,1.062],[121.527,1.083],[121.51,1.088],[121.454,1.141],[121.434,1.163],[121.422,1.189],[121.436,1.209],[121.44,1.241],[121.472,1.263],[121.463,1.309],[121.435,1.308],[121.425,1.285],[121.404,1.262],[121.385,1.262],[121.354,1.248],[121.308,1.256],[121.295,1.242],[121.255,1.231],[121.242,1.233],[121.177,1.261],[121.137,1.206],[121.098,1.184],[121.08,1.152],[121.093,1.108],[121.087,1.09],[121.056,1.078],[121.04,1.049],[121.007,1.032],[121.024,1.014],[121.005,0.892],[121.006,0.861],[120.99,0.842],[120.964,0.836],[120.933,0.822],[120.913,0.795],[120.892,0.788],[120.879,0.75],[120.85,0.701],[120.861,0.709],[120.935,0.686],[120.971,0.69],[121.011,0.708],[121.052,0.691],[121.063,0.701],[121.096,0.699],[121.126,0.682],[121.163,0.677],[121.173,0.685],[121.187,0.722],[121.182,0.743],[121.192,0.767],[121.208,0.768],[121.216,0.792],[121.246,0.801],[121.27,0.796],[121.326,0.792],[121.353,0.795],[121.347,0.848],[121.386,0.854],[121.401,0.843],[121.462,0.845],[121.477,0.838],[121.532,0.853],[121.537,0.876],[121.574,0.871],[121.603,0.873],[121.646,0.895],[121.702,0.907],[121.735,0.93],[121.762,0.932],[121.831,0.961],[121.863,0.991],[121.902,0.964],[121.922,0.928],[121.938,0.928],[121.955,0.908],[121.982,0.907],[121.994,0.942],[122.023,0.958],[122.042,0.989],[122.076,1.006],[122.093,1],[122.126,1.018],[122.141,1.018],[122.176,1.036],[122.195,1.038]]]},"properties":{"name":"Buol"}},
{"type":"Feature","geometry":{"type":"Polygon","coordinates":[[[127.239,-3.634],[127.252,-3.592],[127.245,-3.569],[127.251,-3.544],[127.248,-3.45],[127.255,-3.412],[127.269,-3.389],[127.257,-3.372],[127.224,-3.362],[127.182,-3.356],[127.164,-3.335],[127.142,-3.35],[127.14,-3.374],[127.12,-3.383],[127.092,-3.372],[127.076,-3.374],[127.069,-3.346],[127.073,-3.322],[127.043,-3.329],[127.035,-3.264],[127.081,-3.262],[127.099,-3.285],[127.122,-3.274],[127.112,-3.257],[127.111,-3.234],[127.06,-3.183],[126.984,-3.138],[126.933,-3.143],[126.913,-3.125],[126.891,-3.127],[126.882,-3.108],[126.858,-3.09],[126.838,-3.085],[126.791,-3.059],[126.753,-3.061],[126.711,-3.056],[126.697,-3.067],[126.645,-3.071],[126.598,-3.064],[126.568,-3.072],[126.516,-3.071],[126.464,-3.085],[126.406,-3.081],[126.389,-3.093],[126.346,-3.101],[126.3,-3.093],[126.273,-3.115],[126.261,-3.132],[126.234,-3.133],[126.222,-3.153],[126.222,-3.184],[126.189,-3.185],[126.144,-3.167],[126.126,-3.152],[126.113,-3.157],[126.13,-3.226],[126.133,-3.265],[126.124,-3.295],[126.133,-3.302],[126.229,-3.337],[126.326,-3.361],[126.381,-3.385],[126.462,-3.412],[126.51,-3.436],[126.727,-3.48],[126.902,-3.519],[127.196,-3.609],[127.239,-3.634]]]},"properties":{"name":"Buru"}},
{"type":"Feature","geometry":{"type":"MultiPolygon","coordinates":[[[[127.206,-3.82],[127.164,-3.824],[127.142,-3.848],[127.152,-3.871],[127.17,-3.886],[127.223,-3.905],[127.227,-3.882],[127.239,-3.879],[127.236,-3.838],[127.206,-3.82]]],[[[126.126,-3.152],[126.111,-3.135],[126.107,-3.117],[126.089,-3.114],[126.082,-3.128],[126.047,-3.149],[126.022,-3.173],[126.012,-3.194],[126.015,-3.233],[126.005,-3.263],[126.01,-3.277],[126.008,-3.325],[126.018,-3.335],[126.007,-3.359],[126.036,-3.396],[126.045,-3.441],[126.074,-3.478],[126.125,-3.502],[126.161,-3.541],[126.163,-3.582],[126.18,-3.611],[126.197,-3.624],[126.232,-3.619],[126.265,-3.642],[126.28,-3.664],[126.336,-3.68],[126.349,-3.702],[126.372,-3.705],[126.414,-3.733],[126.522,-3.795],[126.553,-3.791],[126.597,-3.808],[126.619,-3.822],[126.634,-3.821],[126.674,-3.856],[126.694,-3.862],[126.706,-3.851],[126.744,-3.849],[126.787,-3.818],[126.848,-3.79],[126.944,-3.77],[126.999,-3.723],[127.05,-3.689],[127.1,-3.681],[127.117,-3.666],[127.136,-3.661],[127.19,-3.676],[127.219,-3.66],[127.239,-3.634],[127.196,-3.609],[126.902,-3.519],[126.727,-3.48],[126.51,-3.436],[126.462,-3.412],[126.381,-3.385],[126.326,-3.361],[126.229,-3.337],[126.133,-3.302],[126.124,-3.295],[126.133,-3.265],[126.13,-3.226],[126.113,-3.157],[126.126,-3.152]]]]},"properties":{"name":"Buru Selatan"}},
{"type":"Feature","geometry":{"type":"Polygon","coordinates":[[[122.954,-5.141],[122.939,-5.128],[122.892,-5.106],[122.829,-5.098],[122.786,-5.101],[122.737,-5.17],[122.757,-5.192],[122.748,-5.221],[122.76,-5.224],[122.784,-5.184],[122.806,-5.202],[122.812,-5.219],[122.794,-5.242],[122.755,-5.255],[122.732,-5.242],[122.708,-5.273],[122.686,-5.321],[122.71,-5.332],[122.726,-5.352],[122.748,-5.361],[122.759,-5.376],[122.763,-5.404],[122.753,-5.459],[122.739,-5.491],[122.807,-5.532],[122.812,-5.588],[122.821,-5.625],[122.834,-5.639],[122.861,-5.611],[122.873,-5.587],[122.899,-5.56],[122.897,-5.518],[122.881,-5.507],[122.863,-5.522],[122.844,-5.522],[122.849,-5.486],[122.872,-5.455],[122.895,-5.439],[122.923,-5.437],[122.963,-5.408],[122.972,-5.396],[122.995,-5.399],[123.005,-5.425],[123.024,-5.442],[123.064,-5.419],[123.114,-5.4],[123.131,-5.399],[123.159,-5.363],[123.173,-5.358],[123.197,-5.32],[123.217,-5.303],[123.224,-5.279],[123.196,-5.271],[123.176,-5.246],[123.152,-5.248],[123.107,-5.194],[123.034,-5.136],[123.008,-5.146],[122.97,-5.189],[122.952,-5.218],[122.934,-5.206],[122.921,-5.175],[122.94,-5.164],[122.954,-5.141]]]},"properties":{"name":"Buton"}},
{"type":"Feature","geometry":{"type":"MultiPolygon","coordinates":[[[[122.511,-5.624],[122.506,-5.647],[122.484,-5.671],[122.464,-5.68],[122.489,-5.699],[122.536,-5.693],[122.554,-5.671],[122.557,-5.653],[122.544,-5.627],[122.511,-5.624]]],[[[122.525,-5.501],[122.484,-5.514],[122.471,-5.53],[122.473,-5.548],[122.504,-5.563],[122.511,-5.525],[122.525,-5.501]]],[[[122.739,-5.491],[122.726,-5.495],[122.669,-5.496],[122.638,-5.515],[122.622,-5.505],[122.605,-5.525],[122.574,-5.538],[122.579,-5.569],[122.602,-5.62],[122.613,-5.633],[122.61,-5.655],[122.635,-5.694],[122.649,-5.699],[122.671,-5.685],[122.696,-5.64],[122.712,-5.619],[122.723,-5.629],[122.71,-5.675],[122.721,-5.686],[122.739,-5.66],[122.759,-5.644],[122.766,-5.666],[122.754,-5.694],[122.785,-5.702],[122.803,-5.696],[122.811,-5.672],[122.834,-5.639],[122.821,-5.625],[122.812,-5.588],[122.807,-5.532],[122.739,-5.491]]]]},"properties":{"name":"Buton Selatan"}},
{"type":"Feature","geometry":{"type":"MultiPolygon","coordinates":[[[[122.053,-5.491],[122.017,-5.507],[122.029,-5.519],[122.053,-5.491]]],[[[121.946,-5.474],[121.979,-5.477],[121.997,-5.467],[122.032,-5.475],[122.047,-5.455],[122.045,-5.401],[121.955,-5.405],[121.953,-5.456],[121.946,-5.474]]],[[[122.316,-5.142],[122.316,-5.187],[122.304,-5.196],[122.315,-5.238],[122.292,-5.28],[122.275,-5.296],[122.266,-5.327],[122.269,-5.384],[122.279,-5.395],[122.326,-5.397],[122.365,-5.389],[122.382,-5.36],[122.37,-5.342],[122.382,-5.333],[122.397,-5.383],[122.406,-5.398],[122.446,-5.407],[122.465,-5.403],[122.498,-5.339],[122.48,-5.316],[122.48,-5.3],[122.523,-5.279],[122.52,-5.311],[122.538,-5.325],[122.525,-5.397],[122.513,-5.406],[122.52,-5.437],[122.546,-5.44],[122.571,-5.412],[122.59,-5.435],[122.602,-5.403],[122.593,-5.392],[122.6,-5.357],[122.639,-5.357],[122.646,-5.291],[122.64,-5.265],[122.624,-5.25],[122.577,-5.247],[122.594,-5.229],[122.617,-5.218],[122.626,-5.204],[122.608,-5.213],[122.562,-5.217],[122.524,-5.193],[122.505,-5.225],[122.441,-5.227],[122.376,-5.192],[122.358,-5.169],[122.354,-5.151],[122.316,-5.142]]]]},"properties":{"name":"Buton Tengah"}},
{"type":"Feature","geometry":{"type":"MultiPolygon","coordinates":[[[[123.085,-4.797],[123.068,-4.801],[123.039,-4.823],[123.052,-4.841],[123.083,-4.847],[123.113,-4.847],[123.117,-4.798],[123.085,-4.797]]],[[[122.954,-5.141],[122.972,-5.114],[122.979,-5.059],[122.969,-5.027],[122.955,-5.029],[122.955,-5.002],[122.971,-4.95],[123,-4.939],[123.009,-4.904],[123.004,-4.854],[122.994,-4.826],[123.04,-4.802],[123.031,-4.75],[123.052,-4.764],[123.062,-4.753],[123.084,-4.76],[123.077,-4.791],[123.1,-4.795],[123.11,-4.771],[123.102,-4.735],[123.121,-4.716],[123.145,-4.727],[123.147,-4.741],[123.169,-4.782],[123.172,-4.834],[123.184,-4.851],[123.212,-4.864],[123.214,-4.826],[123.208,-4.818],[123.202,-4.777],[123.212,-4.715],[123.207,-4.675],[123.189,-4.686],[123.178,-4.675],[123.184,-4.634],[123.205,-4.623],[123.192,-4.581],[123.171,-4.543],[123.147,-4.516],[123.142,-4.487],[123.114,-4.476],[123.106,-4.46],[123.077,-4.457],[123.078,-4.443],[123.052,-4.43],[123.052,-4.413],[123.073,-4.407],[123.084,-4.389],[123.08,-4.367],[123.057,-4.374],[123.042,-4.369],[123.011,-4.394],[122.95,-4.425],[122.946,-4.435],[122.908,-4.46],[122.907,-4.471],[122.88,-4.504],[122.867,-4.526],[122.868,-4.546],[122.848,-4.591],[122.849,-4.609],[122.925,-4.613],[122.927,-4.628],[122.921,-4.686],[122.914,-4.797],[122.924,-4.837],[122.922,-4.873],[122.892,-4.948],[122.878,-5.027],[122.869,-5.049],[122.855,-5.055],[122.848,-5.077],[122.829,-5.098],[122.892,-5.106],[122.939,-5.128],[122.954,-5.141]]]]},"properties":{"name":"Buton Utara"}},
{"type":"Feature","geometry":{"type":"Polygon","coordinates":[[[108.386,-7.073],[108.36,-7.052],[108.34,-7.069],[108.314,-7.057],[108.282,-7.058],[108.245,-7.067],[108.227,-7.055],[108.194,-7.059],[108.176,-7.068],[108.213,-7.082],[108.22,-7.123],[108.2,-7.146],[108.191,-7.168],[108.2,-7.19],[108.199,-7.232],[108.193,-7.269],[108.202,-7.286],[108.284,-7.336],[108.313,-7.34],[108.408,-7.365],[108.395,-7.411],[108.42,-7.422],[108.43,-7.501],[108.456,-7.51],[108.485,-7.536],[108.527,-7.529],[108.521,-7.559],[108.529,-7.571],[108.549,-7.557],[108.577,-7.567],[108.607,-7.554],[108.623,-7.555],[108.654,-7.529],[108.658,-7.498],[108.647,-7.469],[108.668,-7.46],[108.707,-7.471],[108.716,-7.466],[108.721,-7.444],[108.697,-7.4],[108.684,-7.386],[108.676,-7.357],[108.662,-7.352],[108.651,-7.387],[108.631,-7.382],[108.599,-7.395],[108.565,-7.438],[108.534,-7.416],[108.469,-7.382],[108.489,-7.35],[108.523,-7.359],[108.55,-7.342],[108.559,-7.326],[108.56,-7.293],[108.584,-7.243],[108.581,-7.207],[108.558,-7.193],[108.528,-7.182],[108.511,-7.136],[108.494,-7.125],[108.442,-7.119],[108.427,-7.096],[108.386,-7.073]]]},"properties":{"name":"Ciamis"}},
{"type":"Feature","geometry":{"type":"Polygon","coordinates":[[[107.312,-7.108],[107.272,-7.073],[107.253,-7.049],[107.224,-7.057],[107.186,-7.058],[107.196,-7.021],[107.185,-6.983],[107.19,-6.968],[107.255,-6.927],[107.283,-6.923],[107.312,-6.904],[107.323,-6.888],[107.342,-6.886],[107.349,-6.866],[107.323,-6.84],[107.317,-6.823],[107.304,-6.797],[107.261,-6.756],[107.276,-6.741],[107.25,-6.726],[107.269,-6.708],[107.284,-6.707],[107.25,-6.697],[107.259,-6.68],[107.264,-6.636],[107.227,-6.602],[107.215,-6.62],[107.215,-6.637],[107.192,-6.645],[107.153,-6.65],[107.135,-6.67],[107.121,-6.663],[107.089,-6.667],[107.043,-6.657],[107.016,-6.668],[106.991,-6.668],[107.007,-6.692],[106.993,-6.715],[106.999,-6.732],[106.974,-6.751],[106.965,-6.77],[106.993,-6.805],[107.005,-6.848],[107.033,-6.874],[107.047,-6.91],[107.049,-6.942],[107.063,-6.956],[107.037,-6.969],[107.032,-6.981],[107.05,-7.005],[107.039,-7.043],[107.008,-7.037],[106.977,-7.015],[106.959,-7.034],[106.954,-7.068],[106.944,-7.075],[106.937,-7.123],[106.966,-7.145],[106.958,-7.165],[106.972,-7.184],[106.979,-7.236],[106.96,-7.26],[106.976,-7.284],[106.967,-7.312],[106.95,-7.321],[106.92,-7.322],[106.908,-7.339],[106.861,-7.363],[106.832,-7.358],[106.795,-7.397],[106.791,-7.438],[106.836,-7.434],[106.883,-7.435],[107.006,-7.448],[107.078,-7.453],[107.165,-7.469],[107.248,-7.489],[107.32,-7.494],[107.352,-7.5],[107.393,-7.495],[107.423,-7.506],[107.42,-7.462],[107.434,-7.42],[107.474,-7.402],[107.474,-7.382],[107.485,-7.357],[107.466,-7.327],[107.455,-7.292],[107.477,-7.257],[107.424,-7.26],[107.357,-7.236],[107.346,-7.239],[107.325,-7.204],[107.302,-7.209],[107.251,-7.208],[107.253,-7.195],[107.306,-7.164],[107.315,-7.153],[107.312,-7.108]]]},"properties":{"name":"Cianjur"}},
{"type":"Feature","geometry":{"type":"Polygon","coordinates":[[[108.967,-7.332],[108.952,-7.331],[108.914,-7.303],[108.893,-7.276],[108.866,-7.272],[108.811,-7.204],[108.79,-7.213],[108.722,-7.182],[108.693,-7.152],[108.659,-7.156],[108.646,-7.142],[108.619,-7.141],[108.568,-7.165],[108.558,-7.193],[108.581,-7.207],[108.584,-7.243],[108.56,-7.293],[108.559,-7.326],[108.583,-7.35],[108.612,-7.344],[108.662,-7.352],[108.676,-7.357],[108.684,-7.386],[108.697,-7.4],[108.721,-7.444],[108.716,-7.466],[108.723,-7.489],[108.751,-7.545],[108.752,-7.585],[108.737,-7.611],[108.755,-7.64],[108.801,-7.674],[108.797,-7.688],[108.8,-7.712],[108.79,-7.738],[108.814,-7.735],[108.91,-7.752],[109.007,-7.778],[109.05,-7.775],[109.044,-7.76],[109.019,-7.761],[109.024,-7.728],[109.033,-7.714],[109.063,-7.695],[109.089,-7.688],[109.243,-7.696],[109.326,-7.706],[109.368,-7.715],[109.392,-7.726],[109.395,-7.696],[109.386,-7.661],[109.359,-7.64],[109.263,-7.62],[109.268,-7.593],[109.254,-7.591],[109.199,-7.557],[109.173,-7.553],[109.167,-7.575],[109.094,-7.578],[109.067,-7.573],[109.058,-7.556],[109.042,-7.559],[109.003,-7.544],[109.005,-7.529],[108.981,-7.52],[108.959,-7.491],[108.964,-7.473],[108.942,-7.464],[108.9,-7.468],[108.891,-7.448],[108.915,-7.445],[108.93,-7.423],[108.94,-7.386],[108.962,-7.354],[108.967,-7.332]]]},"properties":{"name":"Cilacap"}},
{"type":"Feature","geometry":{"type":"Polygon","coordinates":[[[108.834,-6.758],[108.809,-6.764],[108.796,-6.791],[108.75,-6.815],[108.692,-6.805],[108.68,-6.794],[108.679,-6.769],[108.651,-6.755],[108.629,-6.771],[108.611,-6.769],[108.595,-6.745],[108.57,-6.75],[108.555,-6.766],[108.55,-6.793],[108.53,-6.779],[108.536,-6.762],[108.52,-6.735],[108.547,-6.727],[108.552,-6.697],[108.562,-6.691],[108.556,-6.659],[108.56,-6.644],[108.543,-6.591],[108.546,-6.56],[108.539,-6.516],[108.491,-6.545],[108.468,-6.57],[108.448,-6.571],[108.449,-6.537],[108.438,-6.522],[108.361,-6.555],[108.354,-6.576],[108.331,-6.594],[108.323,-6.621],[108.343,-6.623],[108.347,-6.639],[108.34,-6.674],[108.359,-6.681],[108.36,-6.711],[108.373,-6.759],[108.411,-6.787],[108.454,-6.784],[108.456,-6.799],[108.486,-6.789],[108.513,-6.791],[108.508,-6.852],[108.525,-6.858],[108.534,-6.88],[108.601,-6.903],[108.637,-6.911],[108.654,-6.902],[108.675,-6.928],[108.715,-6.944],[108.726,-6.963],[108.722,-6.989],[108.759,-6.984],[108.764,-6.939],[108.753,-6.92],[108.759,-6.905],[108.802,-6.869],[108.825,-6.832],[108.826,-6.803],[108.834,-6.758]]]},"properties":{"name":"Cirebon"}},
{"type":"Feature","geometry":{"type":"Polygon","coordinates":[[[97.935,2.99],[97.965,2.973],[97.949,2.895],[97.992,2.882],[98.039,2.848],[98.056,2.819],[98.098,2.819],[98.105,2.79],[98.117,2.785],[98.161,2.768],[98.197,2.735],[98.246,2.71],[98.272,2.72],[98.295,2.704],[98.329,2.697],[98.356,2.661],[98.42,2.638],[98.441,2.588],[98.467,2.553],[98.487,2.547],[98.554,2.584],[98.566,2.686],[98.578,2.735],[98.551,2.781],[98.528,2.794],[98.521,2.875],[98.49,2.869],[98.44,2.89],[98.429,2.917],[98.369,2.932],[98.344,2.966],[98.311,2.971],[98.269,2.954],[98.249,2.931],[98.222,2.952],[98.196,2.994],[98.192,3.021],[98.198,3.046],[98.174,3.08],[98.139,3.048],[98.109,3.055],[98.098,3.071],[98.077,3.075],[98.068,3.103],[98.053,3.119],[98.036,3.124],[98.028,3.106],[98.032,3.078],[97.983,3.087],[97.961,3.065],[97.939,3.076],[97.93,3.054],[97.947,3.006],[97.935,2.99]]]},"properties":{"name":"Dairi"}},
{"type":"Feature","geometry":{"type":"MultiPolygon","coordinates":[[[[103.947,-4.898],[103.949,-4.876],[103.978,-4.868],[103.995,-4.882],[104.016,-4.865],[104.003,-4.845],[103.967,-4.82],[103.941,-4.812],[103.913,-4.817],[103.899,-4.849],[103.883,-4.858],[103.875,-4.884],[103.851,-4.919],[103.881,-4.926],[103.916,-4.96],[103.923,-4.943],[103.914,-4.92],[103.947,-4.898]]],[[[100.572,-0.608],[100.56,-0.577],[100.543,-0.553],[100.516,-0.548],[100.505,-0.535],[100.483,-0.545],[100.498,-0.602],[100.521,-0.635],[100.54,-0.664],[100.563,-0.676],[100.562,-0.691],[100.583,-0.698],[100.596,-0.692],[100.585,-0.643],[100.572,-0.608]]],[[[124.917,1.284],[124.902,1.271],[124.901,1.254],[124.868,1.233],[124.858,1.202],[124.899,1.174],[124.91,1.225],[124.928,1.24],[124.934,1.264],[124.917,1.284]]]]},"properties":{"name":"Danau"}},
{"type":"Feature","geometry":{"type":"Polygon","coordinates":[[[98.578,2.735],[98.627,2.684],[98.628,2.666],[98.615,2.65],[98.646,2.629],[98.671,2.627],[98.693,2.61],[98.687,2.587],[98.659,2.563],[98.677,2.54],[98.696,2.534],[98.715,2.551],[98.722,2.528],[98.751,2.504],[98.775,2.467],[98.789,2.435],[98.808,2.429],[98.818,2.381],[98.835,2.356],[98.816,2.346],[98.834,2.321],[98.858,2.335],[98.888,2.348],[98.912,2.349],[98.945,2.36],[98.967,2.343],[98.989,2.337],[99.013,2.34],[99.026,2.362],[99.058,2.335],[99.074,2.349],[99.11,2.359],[99.114,2.376],[99.132,2.373],[99.148,2.385],[99.154,2.42],[99.145,2.436],[99.121,2.432],[99.115,2.417],[99.048,2.396],[99.042,2.41],[99.059,2.443],[99.049,2.46],[99.048,2.489],[99.028,2.521],[99.011,2.528],[98.993,2.551],[98.924,2.586],[98.908,2.63],[98.925,2.654],[98.941,2.656],[98.935,2.676],[98.887,2.717],[98.842,2.741],[98.819,2.771],[98.792,2.794],[98.736,2.824],[98.726,2.839],[98.692,2.851],[98.674,2.873],[98.647,2.856],[98.63,2.867],[98.549,2.891],[98.52,2.896],[98.521,2.875],[98.528,2.794],[98.551,2.781],[98.578,2.735]],[[98.734,2.759],[98.758,2.741],[98.781,2.742],[98.804,2.724],[98.83,2.685],[98.853,2.674],[98.888,2.622],[98.891,2.603],[98.926,2.545],[98.972,2.511],[98.993,2.474],[98.991,2.462],[98.961,2.445],[98.892,2.427],[98.864,2.434],[98.821,2.469],[98.801,2.465],[98.799,2.49],[98.78,2.509],[98.757,2.502],[98.725,2.536],[98.706,2.596],[98.691,2.614],[98.688,2.653],[98.691,2.708],[98.698,2.733],[98.734,2.759]]]},"properties":{"name":"Danau Toba"}},
{"type":"Feature","geometry":{"type":"Polygon","coordinates":[[[136.731,-4.127],[136.694,-4.108],[136.686,-4.055],[136.679,-4.041],[136.647,-4.026],[136.533,-4.016],[136.401,-4.008],[136.277,-3.994],[136.227,-3.992],[136.193,-4.028],[136.18,-4.02],[136.151,-4.018],[136.122,-4.032],[136.094,-4.065],[136.088,-4.138],[136.091,-4.176],[136.086,-4.225],[136.095,-4.254],[136.119,-4.257],[136.156,-4.238],[136.186,-4.243],[136.229,-4.274],[136.249,-4.296],[136.264,-4.284],[136.265,-4.262],[136.331,-4.274],[136.342,-4.296],[136.38,-4.289],[136.392,-4.3],[136.425,-4.294],[136.428,-4.319],[136.443,-4.314],[136.486,-4.317],[136.523,-4.31],[136.536,-4.296],[136.508,-4.254],[136.501,-4.212],[136.582,-4.213],[136.622,-4.218],[136.671,-4.218],[136.703,-4.189],[136.726,-4.146],[136.731,-4.127]]]},"properties":{"name":"Deiyai"}},
{"type":"Feature","geometry":{"type":"Polygon","coordinates":[[[98.71,3.794],[98.702,3.813],[98.688,3.895],[98.665,3.908],[98.651,3.905],[98.636,3.884],[98.619,3.883],[98.577,3.816],[98.532,3.787],[98.507,3.737],[98.51,3.729],[98.501,3.673],[98.511,3.673],[98.512,3.632],[98.526,3.629],[98.536,3.607],[98.533,3.568],[98.501,3.569],[98.52,3.524],[98.504,3.454],[98.502,3.407],[98.496,3.391],[98.505,3.362],[98.501,3.338],[98.509,3.308],[98.471,3.278],[98.472,3.236],[98.466,3.23],[98.488,3.227],[98.514,3.244],[98.537,3.238],[98.562,3.201],[98.588,3.219],[98.622,3.232],[98.627,3.222],[98.601,3.177],[98.603,3.158],[98.624,3.132],[98.622,3.105],[98.605,3.104],[98.62,3.089],[98.627,3.062],[98.673,3.071],[98.694,3.052],[98.706,3.064],[98.709,3.103],[98.73,3.175],[98.724,3.207],[98.748,3.218],[98.753,3.24],[98.774,3.267],[98.789,3.276],[98.796,3.298],[98.83,3.315],[98.858,3.344],[98.913,3.358],[98.921,3.399],[98.914,3.449],[98.935,3.491],[98.937,3.515],[98.926,3.545],[98.934,3.567],[98.919,3.582],[98.919,3.6],[98.939,3.625],[98.946,3.647],[98.944,3.676],[98.874,3.687],[98.843,3.705],[98.782,3.727],[98.759,3.76],[98.725,3.774],[98.707,3.772],[98.705,3.744],[98.727,3.733],[98.708,3.717],[98.71,3.673],[98.693,3.627],[98.71,3.627],[98.707,3.602],[98.742,3.599],[98.727,3.551],[98.742,3.529],[98.698,3.531],[98.698,3.518],[98.662,3.515],[98.655,3.496],[98.632,3.506],[98.592,3.498],[98.602,3.516],[98.599,3.547],[98.612,3.554],[98.602,3.587],[98.607,3.61],[98.653,3.615],[98.665,3.626],[98.649,3.683],[98.633,3.684],[98.626,3.713],[98.653,3.732],[98.625,3.76],[98.632,3.775],[98.654,3.782],[98.674,3.773],[98.681,3.788],[98.71,3.794]]]},"properties":{"name":"Deli Serdang"}},
{"type":"Feature","geometry":{"type":"Polygon","coordinates":[[[110.759,-6.792],[110.721,-6.788],[110.704,-6.794],[110.694,-6.775],[110.667,-6.765],[110.664,-6.717],[110.621,-6.709],[110.592,-6.724],[110.549,-6.728],[110.566,-6.777],[110.544,-6.821],[110.529,-6.833],[110.514,-6.872],[110.483,-6.913],[110.463,-6.932],[110.501,-6.953],[110.505,-6.976],[110.49,-7.004],[110.481,-7.054],[110.495,-7.068],[110.478,-7.085],[110.5,-7.097],[110.5,-7.119],[110.521,-7.133],[110.538,-7.128],[110.558,-7.14],[110.593,-7.123],[110.562,-7.095],[110.568,-7.076],[110.594,-7.068],[110.595,-7.056],[110.62,-7.021],[110.624,-6.994],[110.638,-6.976],[110.658,-6.973],[110.68,-6.997],[110.673,-7.008],[110.729,-7.033],[110.763,-7.022],[110.775,-6.999],[110.765,-6.966],[110.774,-6.951],[110.783,-6.922],[110.808,-6.881],[110.837,-6.855],[110.799,-6.832],[110.778,-6.802],[110.759,-6.792]]]},"properties":{"name":"Demak"}},
{"type":"Feature","geometry":{"type":"Polygon","coordinates":[[[101.885,-1.135],[101.885,-1.113],[101.854,-1.1],[101.837,-1.11],[101.825,-1.088],[101.822,-1.059],[101.833,-0.982],[101.799,-0.968],[101.756,-0.975],[101.733,-0.956],[101.689,-0.94],[101.714,-0.9],[101.713,-0.869],[101.689,-0.87],[101.671,-0.837],[101.654,-0.828],[101.617,-0.824],[101.593,-0.836],[101.558,-0.834],[101.524,-0.812],[101.495,-0.805],[101.461,-0.84],[101.44,-0.84],[101.422,-0.881],[101.409,-0.885],[101.414,-0.915],[101.394,-0.941],[101.361,-0.938],[101.338,-0.958],[101.273,-0.95],[101.249,-0.934],[101.233,-0.931],[101.194,-0.906],[101.187,-0.951],[101.203,-0.978],[101.188,-0.987],[101.191,-1.004],[101.178,-1.033],[101.146,-1.035],[101.162,-1.057],[101.168,-1.102],[101.196,-1.108],[101.232,-1.151],[101.261,-1.141],[101.308,-1.146],[101.351,-1.131],[101.34,-1.079],[101.348,-1.062],[101.344,-1.045],[101.375,-1.048],[101.405,-1.038],[101.429,-1.005],[101.456,-1.015],[101.459,-1.032],[101.441,-1.058],[101.436,-1.098],[101.414,-1.122],[101.404,-1.149],[101.409,-1.18],[101.445,-1.22],[101.452,-1.251],[101.466,-1.26],[101.468,-1.282],[101.524,-1.304],[101.513,-1.336],[101.542,-1.334],[101.549,-1.326],[101.586,-1.326],[101.601,-1.345],[101.65,-1.37],[101.671,-1.389],[101.627,-1.411],[101.607,-1.438],[101.579,-1.448],[101.559,-1.445],[101.556,-1.463],[101.528,-1.497],[101.539,-1.513],[101.524,-1.528],[101.505,-1.575],[101.489,-1.579],[101.44,-1.628],[101.431,-1.644],[101.428,-1.679],[101.436,-1.695],[101.484,-1.673],[101.502,-1.679],[101.51,-1.656],[101.549,-1.596],[101.582,-1.577],[101.631,-1.543],[101.672,-1.501],[101.695,-1.464],[101.724,-1.439],[101.718,-1.419],[101.697,-1.394],[101.723,-1.367],[101.722,-1.348],[101.695,-1.291],[101.715,-1.264],[101.722,-1.241],[101.734,-1.235],[101.775,-1.238],[101.794,-1.22],[101.814,-1.221],[101.876,-1.14],[101.885,-1.135]]]},"properties":{"name":"Dharmasraya"}},
{"type":"Feature","geometry":{"type":"Polygon","coordinates":[[[136.227,-3.992],[136.227,-3.952],[136.191,-3.929],[136.149,-3.855],[136.119,-3.808],[136.082,-3.735],[136.056,-3.723],[136.021,-3.735],[136.001,-3.762],[135.966,-3.767],[135.941,-3.777],[135.885,-3.783],[135.882,-3.816],[135.861,-3.841],[135.839,-3.838],[135.808,-3.843],[135.79,-3.859],[135.747,-3.86],[135.716,-3.869],[135.692,-3.866],[135.663,-3.885],[135.622,-3.904],[135.6,-3.907],[135.579,-3.934],[135.548,-3.932],[135.524,-3.908],[135.462,-3.867],[135.407,-3.862],[135.377,-3.866],[135.282,-3.84],[135.203,-3.82],[135.139,-3.905],[135.047,-4.045],[135.063,-4.144],[135.066,-4.149],[135.298,-4.156],[135.335,-4.178],[135.364,-4.158],[135.398,-4.161],[135.441,-4.192],[135.496,-4.202],[135.56,-4.208],[135.596,-4.206],[135.618,-4.219],[135.649,-4.216],[135.692,-4.191],[135.707,-4.203],[135.752,-4.214],[135.786,-4.209],[135.814,-4.226],[135.905,-4.231],[135.949,-4.227],[135.99,-4.252],[136.069,-4.272],[136.095,-4.254],[136.086,-4.225],[136.091,-4.176],[136.088,-4.138],[136.094,-4.065],[136.122,-4.032],[136.151,-4.018],[136.18,-4.02],[136.193,-4.028],[136.227,-3.992]]]},"properties":{"name":"Dogiyai"}},
{"type":"Feature","geometry":{"type":"Polygon","coordinates":[[[118.444,-8.269],[118.41,-8.296],[118.388,-8.305],[118.38,-8.334],[118.338,-8.345],[118.335,-8.365],[118.317,-8.37],[118.321,-8.405],[118.298,-8.429],[118.272,-8.439],[118.243,-8.441],[118.205,-8.437],[118.185,-8.418],[118.145,-8.406],[118.139,-8.39],[118.103,-8.378],[118.087,-8.361],[118.045,-8.336],[118.025,-8.299],[117.973,-8.273],[117.929,-8.22],[117.888,-8.216],[117.874,-8.221],[117.851,-8.213],[117.815,-8.188],[117.802,-8.173],[117.779,-8.163],[117.765,-8.144],[117.719,-8.164],[117.694,-8.241],[117.711,-8.243],[117.734,-8.261],[117.742,-8.28],[117.764,-8.289],[117.775,-8.311],[117.817,-8.351],[117.828,-8.373],[117.842,-8.371],[117.904,-8.417],[117.968,-8.447],[117.986,-8.466],[118.04,-8.452],[118.082,-8.451],[118.095,-8.465],[118.102,-8.49],[118.123,-8.482],[118.143,-8.514],[118.18,-8.532],[118.187,-8.563],[118.209,-8.552],[118.23,-8.551],[118.249,-8.567],[118.251,-8.587],[118.272,-8.587],[118.288,-8.619],[118.274,-8.653],[118.248,-8.667],[118.194,-8.672],[118.176,-8.655],[118.178,-8.692],[118.189,-8.706],[118.24,-8.703],[118.272,-8.693],[118.314,-8.694],[118.333,-8.713],[118.354,-8.685],[118.394,-8.683],[118.391,-8.645],[118.381,-8.626],[118.398,-8.621],[118.422,-8.626],[118.433,-8.674],[118.418,-8.693],[118.427,-8.723],[118.407,-8.759],[118.386,-8.764],[118.38,-8.788],[118.38,-8.828],[118.397,-8.855],[118.418,-8.872],[118.451,-8.885],[118.478,-8.885],[118.477,-8.84],[118.501,-8.793],[118.495,-8.774],[118.513,-8.715],[118.536,-8.681],[118.536,-8.649],[118.52,-8.639],[118.521,-8.615],[118.507,-8.595],[118.508,-8.566],[118.492,-8.532],[118.514,-8.511],[118.514,-8.486],[118.502,-8.445],[118.525,-8.428],[118.543,-8.395],[118.527,-8.366],[118.507,-8.356],[118.48,-8.326],[118.473,-8.3],[118.444,-8.269]]]},"properties":{"name":"Dompu"}},
{"type":"Feature","geometry":{"type":"MultiPolygon","coordinates":[[[[119.805,-0.803],[119.788,-0.77],[119.762,-0.685],[119.727,-0.646],[119.722,-0.664],[119.69,-0.701],[119.67,-0.703],[119.685,-0.741],[119.68,-0.769],[119.623,-0.801],[119.614,-0.835],[119.561,-0.851],[119.572,-0.866],[119.57,-0.889],[119.553,-0.938],[119.56,-0.985],[119.557,-1.01],[119.578,-1.03],[119.573,-1.05],[119.591,-1.115],[119.609,-1.12],[119.603,-1.159],[119.572,-1.149],[119.565,-1.201],[119.542,-1.201],[119.542,-1.223],[119.504,-1.276],[119.501,-1.32],[119.464,-1.319],[119.448,-1.341],[119.452,-1.367],[119.478,-1.398],[119.491,-1.391],[119.519,-1.412],[119.522,-1.424],[119.551,-1.432],[119.592,-1.396],[119.61,-1.406],[119.623,-1.397],[119.644,-1.406],[119.655,-1.423],[119.697,-1.453],[119.728,-1.42],[119.74,-1.429],[119.764,-1.424],[119.747,-1.384],[119.729,-1.359],[119.743,-1.322],[119.75,-1.291],[119.743,-1.264],[119.753,-1.239],[119.768,-1.233],[119.787,-1.185],[119.804,-1.089],[119.785,-1.068],[119.78,-1.042],[119.761,-1.027],[119.753,-1.009],[119.719,-1.005],[119.704,-1.02],[119.683,-1.014],[119.655,-0.989],[119.648,-0.97],[119.654,-0.951],[119.672,-0.941],[119.705,-0.935],[119.731,-0.901],[119.752,-0.91],[119.781,-0.898],[119.768,-0.893],[119.77,-0.861],[119.76,-0.835],[119.797,-0.817],[119.805,-0.803]]],[[[120.137,0.745],[120.092,0.739],[120.077,0.742],[120.041,0.712],[120.039,0.695],[120.018,0.674],[120.014,0.652],[120.033,0.61],[120.047,0.513],[120.001,0.484],[119.951,0.474],[119.901,0.479],[119.882,0.458],[119.876,0.436],[119.888,0.419],[119.889,0.394],[119.848,0.352],[119.847,0.338],[119.873,0.294],[119.888,0.293],[119.906,0.232],[119.887,0.211],[119.868,0.218],[119.834,0.216],[119.808,0.236],[119.782,0.227],[119.77,0.213],[119.778,0.191],[119.812,0.158],[119.829,0.147],[119.868,0.106],[119.877,0.084],[119.875,0.043],[119.886,-0.001],[119.883,-0.021],[119.867,-0.058],[119.842,-0.098],[119.822,-0.116],[119.772,-0.104],[119.769,-0.077],[119.739,-0.061],[119.74,-0.03],[119.722,-0.01],[119.679,0.008],[119.666,-0.017],[119.637,-0.009],[119.607,-0.015],[119.632,-0.056],[119.643,-0.061],[119.654,-0.094],[119.674,-0.116],[119.721,-0.144],[119.754,-0.138],[119.779,-0.124],[119.802,-0.124],[119.81,-0.142],[119.799,-0.155],[119.813,-0.176],[119.816,-0.201],[119.805,-0.213],[119.795,-0.256],[119.779,-0.277],[119.774,-0.312],[119.752,-0.365],[119.765,-0.4],[119.754,-0.437],[119.767,-0.506],[119.79,-0.573],[119.792,-0.606],[119.812,-0.629],[119.806,-0.642],[119.822,-0.688],[119.844,-0.697],[119.855,-0.663],[119.904,-0.635],[119.925,-0.645],[119.875,-0.682],[119.872,-0.695],[119.926,-0.697],[119.955,-0.681],[119.961,-0.698],[119.941,-0.715],[119.906,-0.719],[119.878,-0.739],[119.895,-0.751],[119.877,-0.765],[119.887,-0.778],[119.913,-0.774],[119.917,-0.789],[119.954,-0.798],[119.974,-0.808],[119.992,-0.795],[120.015,-0.795],[120.027,-0.812],[120.037,-0.848],[120.044,-0.83],[120.018,-0.751],[120.026,-0.747],[120.02,-0.708],[120.033,-0.684],[120.017,-0.665],[120.02,-0.642],[120.002,-0.633],[120.008,-0.615],[120.001,-0.591],[119.99,-0.587],[119.951,-0.527],[119.931,-0.505],[119.941,-0.46],[119.923,-0.444],[119.918,-0.413],[119.926,-0.399],[119.913,-0.37],[119.914,-0.352],[119.93,-0.335],[119.92,-0.316],[119.929,-0.304],[119.905,-0.27],[119.921,-0.254],[119.912,-0.237],[119.933,-0.206],[119.924,-0.172],[119.914,-0.169],[119.9,-0.139],[119.922,-0.109],[119.936,-0.101],[119.948,-0.072],[119.94,-0.026],[119.945,0.014],[119.957,0.032],[119.954,0.054],[119.961,0.084],[119.986,0.095],[120.001,0.123],[120.034,0.127],[120.046,0.147],[120.052,0.181],[120.091,0.198],[120.097,0.221],[120.079,0.274],[120.055,0.286],[120.062,0.306],[120.057,0.335],[120.075,0.346],[120.083,0.386],[120.114,0.395],[120.129,0.415],[120.114,0.429],[120.13,0.458],[120.157,0.468],[120.161,0.503],[120.159,0.531],[120.176,0.541],[120.192,0.573],[120.193,0.616],[120.2,0.673],[120.197,0.701],[120.151,0.725],[120.137,0.745]]]]},"properties":{"name":"Donggala"}},
{"type":"Feature","geometry":{"type":"Polygon","coordinates":[[[102.992,-3.412],[102.998,-3.426],[102.991,-3.461],[102.998,-3.469],[102.986,-3.495],[102.992,-3.513],[102.978,-3.527],[102.944,-3.54],[102.935,-3.578],[102.892,-3.609],[102.886,-3.579],[102.848,-3.537],[102.81,-3.53],[102.811,-3.552],[102.794,-3.586],[102.809,-3.609],[102.798,-3.626],[102.766,-3.643],[102.752,-3.667],[102.738,-3.722],[102.739,-3.748],[102.662,-3.772],[102.642,-3.793],[102.619,-3.801],[102.652,-3.812],[102.669,-3.824],[102.69,-3.862],[102.745,-3.891],[102.755,-3.911],[102.775,-3.929],[102.792,-3.953],[102.845,-3.977],[102.86,-3.993],[102.887,-3.989],[102.912,-3.971],[102.934,-3.986],[102.94,-4.001],[102.963,-4.021],[102.997,-4.019],[103.032,-4.021],[103.086,-4.008],[103.11,-4.022],[103.121,-4.016],[103.125,-3.999],[103.142,-3.979],[103.143,-3.944],[103.124,-3.94],[103.108,-3.92],[103.108,-3.882],[103.116,-3.86],[103.142,-3.853],[103.172,-3.8],[103.152,-3.77],[103.145,-3.735],[103.156,-3.674],[103.128,-3.652],[103.126,-3.603],[103.164,-3.549],[103.169,-3.506],[103.195,-3.49],[103.176,-3.464],[103.136,-3.483],[103.112,-3.488],[103.058,-3.434],[103.042,-3.423],[102.992,-3.412]]]},"properties":{"name":"Empat Lawang"}},
{"type":"Feature","geometry":{"type":"MultiPolygon","coordinates":[[[[121.529,-8.856],[121.507,-8.892],[121.516,-8.907],[121.535,-8.889],[121.529,-8.856]]],[[[122.007,-8.514],[122.009,-8.487],[122.019,-8.472],[122.025,-8.442],[121.983,-8.447],[121.953,-8.455],[121.923,-8.49],[121.871,-8.499],[121.844,-8.482],[121.831,-8.5],[121.8,-8.511],[121.726,-8.494],[121.68,-8.512],[121.665,-8.497],[121.642,-8.499],[121.64,-8.475],[121.615,-8.476],[121.603,-8.507],[121.601,-8.541],[121.577,-8.539],[121.575,-8.576],[121.553,-8.576],[121.541,-8.6],[121.52,-8.614],[121.519,-8.635],[121.495,-8.639],[121.455,-8.67],[121.432,-8.671],[121.426,-8.686],[121.4,-8.712],[121.398,-8.728],[121.417,-8.744],[121.416,-8.788],[121.462,-8.799],[121.486,-8.799],[121.542,-8.809],[121.567,-8.798],[121.587,-8.803],[121.604,-8.822],[121.633,-8.833],[121.642,-8.849],[121.625,-8.893],[121.647,-8.905],[121.66,-8.889],[121.666,-8.851],[121.683,-8.846],[121.723,-8.863],[121.733,-8.877],[121.776,-8.883],[121.85,-8.851],[121.858,-8.837],[121.884,-8.828],[121.925,-8.832],[121.997,-8.806],[121.99,-8.795],[121.99,-8.755],[121.948,-8.748],[121.937,-8.705],[121.947,-8.679],[121.959,-8.671],[121.963,-8.616],[121.982,-8.605],[121.988,-8.567],[121.977,-8.551],[122.007,-8.514]]]]},"properties":{"name":"Ende"}},
{"type":"Feature","geometry":{"type":"Polygon","coordinates":[[[120.034,-3.374],[120.002,-3.334],[119.996,-3.302],[119.945,-3.294],[119.922,-3.264],[119.886,-3.258],[119.851,-3.279],[119.84,-3.256],[119.814,-3.245],[119.775,-3.247],[119.77,-3.274],[119.737,-3.282],[119.717,-3.298],[119.724,-3.332],[119.721,-3.352],[119.695,-3.35],[119.69,-3.36],[119.699,-3.427],[119.69,-3.461],[119.706,-3.473],[119.7,-3.512],[119.719,-3.556],[119.723,-3.646],[119.76,-3.676],[119.759,-3.699],[119.782,-3.719],[119.797,-3.723],[119.82,-3.752],[119.823,-3.768],[119.844,-3.779],[119.85,-3.798],[119.869,-3.816],[119.901,-3.824],[119.936,-3.802],[119.945,-3.81],[119.966,-3.787],[119.95,-3.779],[119.94,-3.759],[119.939,-3.72],[119.922,-3.694],[119.927,-3.679],[119.951,-3.66],[119.98,-3.667],[119.995,-3.649],[119.994,-3.633],[120.015,-3.609],[120.039,-3.559],[120.041,-3.541],[120.063,-3.536],[120.077,-3.509],[120.097,-3.498],[120.096,-3.483],[120.066,-3.438],[120.053,-3.405],[120.032,-3.403],[120.021,-3.379],[120.034,-3.374]]]},"properties":{"name":"Enrekang"}},
{"type":"Feature","geometry":{"type":"MultiPolygon","coordinates":[[[[132.651,-3.404],[132.63,-3.42],[132.639,-3.435],[132.683,-3.457],[132.68,-3.496],[132.701,-3.517],[132.723,-3.512],[132.724,-3.483],[132.707,-3.459],[132.688,-3.449],[132.685,-3.426],[132.651,-3.404]]],[[[132.45,-3.103],[132.46,-3.127],[132.479,-3.137],[132.546,-3.142],[132.519,-3.126],[132.45,-3.103]]],[[[132.483,-2.634],[132.467,-2.631],[132.464,-2.669],[132.499,-2.66],[132.51,-2.639],[132.483,-2.634]]],[[[133.678,-3.004],[133.644,-2.965],[133.597,-2.936],[133.5,-2.857],[133.438,-2.827],[133.383,-2.792],[133.369,-2.778],[133.196,-2.644],[133.041,-2.514],[133.015,-2.545],[132.976,-2.599],[132.942,-2.633],[132.924,-2.659],[132.828,-2.752],[132.794,-2.775],[132.772,-2.784],[132.748,-2.805],[132.735,-2.808],[132.693,-2.789],[132.667,-2.767],[132.642,-2.728],[132.599,-2.709],[132.593,-2.697],[132.536,-2.684],[132.501,-2.681],[132.471,-2.694],[132.456,-2.733],[132.445,-2.704],[132.43,-2.704],[132.419,-2.685],[132.395,-2.69],[132.357,-2.668],[132.23,-2.655],[132.198,-2.656],[132.183,-2.665],[132.143,-2.666],[132.135,-2.688],[132.162,-2.696],[132.15,-2.718],[132.117,-2.719],[132.098,-2.749],[132.051,-2.732],[132.016,-2.745],[132,-2.758],[132.004,-2.781],[132.042,-2.773],[132.052,-2.806],[132.008,-2.819],[132.002,-2.829],[132.032,-2.845],[132.031,-2.871],[132,-2.889],[132.032,-2.901],[132.039,-2.924],[132.065,-2.91],[132.08,-2.919],[132.075,-2.937],[132.087,-2.963],[132.146,-2.946],[132.17,-2.931],[132.2,-2.933],[132.237,-2.925],[132.313,-2.934],[132.393,-2.989],[132.422,-2.997],[132.452,-3.023],[132.481,-3.039],[132.502,-3.063],[132.562,-3.113],[132.557,-3.155],[132.596,-3.171],[132.614,-3.185],[132.636,-3.183],[132.648,-3.201],[132.64,-3.225],[132.598,-3.225],[132.649,-3.29],[132.654,-3.306],[132.679,-3.329],[132.72,-3.346],[132.733,-3.342],[132.738,-3.317],[132.731,-3.288],[132.754,-3.284],[132.773,-3.269],[132.791,-3.275],[132.813,-3.268],[132.813,-3.299],[132.84,-3.309],[132.831,-3.338],[132.81,-3.354],[132.805,-3.382],[132.814,-3.391],[132.825,-3.44],[132.82,-3.451],[132.846,-3.478],[132.859,-3.483],[132.882,-3.47],[132.916,-3.558],[132.943,-3.557],[132.925,-3.582],[132.91,-3.585],[132.9,-3.606],[132.906,-3.641],[132.896,-3.651],[132.854,-3.65],[132.832,-3.644],[132.769,-3.643],[132.754,-3.633],[132.731,-3.642],[132.738,-3.688],[132.754,-3.719],[132.768,-3.764],[132.788,-3.796],[132.788,-3.826],[132.799,-3.838],[132.812,-3.877],[132.826,-3.892],[132.852,-3.867],[132.882,-3.831],[132.947,-3.77],[132.993,-3.72],[133.035,-3.683],[133.123,-3.588],[133.145,-3.555],[133.22,-3.451],[133.294,-3.364],[133.374,-3.28],[133.396,-3.264],[133.432,-3.22],[133.461,-3.196],[133.514,-3.141],[133.55,-3.113],[133.62,-3.051],[133.678,-3.004]]]]},"properties":{"name":"Fakfak"}},
{"type":"Feature","geometry":{"type":"MultiPolygon","coordinates":[[[[123.146,-8.424],[123.109,-8.433],[123.037,-8.436],[123.021,-8.449],[122.996,-8.435],[122.976,-8.436],[122.953,-8.46],[122.945,-8.493],[122.921,-8.501],[122.885,-8.524],[122.881,-8.555],[122.87,-8.584],[122.886,-8.609],[122.908,-8.611],[122.942,-8.589],[122.953,-8.553],[122.97,-8.534],[122.983,-8.507],[123.022,-8.477],[123.05,-8.492],[123.079,-8.489],[123.104,-8.472],[123.148,-8.462],[123.165,-8.446],[123.146,-8.424]]],[[[123.211,-8.225],[123.16,-8.241],[123.149,-8.232],[123.109,-8.265],[123.08,-8.276],[123.033,-8.308],[122.999,-8.368],[123.006,-8.413],[123.028,-8.4],[123.053,-8.398],[123.109,-8.403],[123.129,-8.391],[123.167,-8.392],[123.179,-8.385],[123.276,-8.395],[123.295,-8.388],[123.308,-8.36],[123.305,-8.297],[123.332,-8.275],[123.334,-8.264],[123.301,-8.246],[123.276,-8.251],[123.253,-8.232],[123.211,-8.225]]],[[[122.654,-8.637],[122.677,-8.622],[122.726,-8.625],[122.732,-8.611],[122.752,-8.605],[122.773,-8.612],[122.831,-8.59],[122.844,-8.563],[122.838,-8.53],[122.822,-8.509],[122.79,-8.484],[122.78,-8.451],[122.798,-8.422],[122.872,-8.455],[122.888,-8.449],[122.893,-8.42],[122.878,-8.384],[122.914,-8.329],[122.929,-8.328],[122.964,-8.352],[122.983,-8.347],[123.02,-8.317],[123.018,-8.281],[122.998,-8.27],[122.98,-8.215],[122.965,-8.202],[122.971,-8.174],[122.973,-8.135],[122.935,-8.109],[122.892,-8.087],[122.867,-8.063],[122.814,-8.095],[122.783,-8.108],[122.778,-8.136],[122.785,-8.15],[122.762,-8.178],[122.759,-8.194],[122.731,-8.217],[122.732,-8.227],[122.767,-8.226],[122.788,-8.236],[122.809,-8.198],[122.856,-8.188],[122.866,-8.176],[122.901,-8.18],[122.918,-8.194],[122.919,-8.208],[122.895,-8.257],[122.893,-8.277],[122.872,-8.294],[122.851,-8.29],[122.811,-8.298],[122.789,-8.317],[122.766,-8.363],[122.724,-8.36],[122.682,-8.383],[122.685,-8.439],[122.676,-8.467],[122.687,-8.485],[122.665,-8.52],[122.663,-8.548],[122.652,-8.582],[122.648,-8.628],[122.654,-8.637]]]]},"properties":{"name":"Flores Timur"}},
{"type":"Feature","geometry":{"type":"Polygon","coordinates":[[[107.477,-7.257],[107.455,-7.292],[107.466,-7.327],[107.485,-7.357],[107.474,-7.382],[107.474,-7.402],[107.434,-7.42],[107.42,-7.462],[107.423,-7.506],[107.474,-7.519],[107.483,-7.539],[107.513,-7.54],[107.533,-7.551],[107.606,-7.573],[107.611,-7.581],[107.669,-7.621],[107.683,-7.638],[107.691,-7.669],[107.721,-7.667],[107.81,-7.688],[107.835,-7.705],[107.843,-7.735],[107.9,-7.74],[107.91,-7.732],[107.931,-7.686],[107.924,-7.665],[107.925,-7.618],[107.917,-7.597],[107.941,-7.581],[107.933,-7.556],[107.947,-7.538],[107.942,-7.502],[107.95,-7.487],[107.951,-7.422],[107.934,-7.388],[107.905,-7.36],[107.928,-7.351],[107.94,-7.316],[107.928,-7.313],[107.924,-7.286],[107.967,-7.273],[108.014,-7.241],[108.019,-7.231],[108.06,-7.225],[108.069,-7.211],[108.067,-7.187],[108.085,-7.162],[108.068,-7.13],[108.086,-7.109],[108.114,-7.103],[108.118,-7.078],[108.136,-7.061],[108.129,-7.041],[108.1,-7.02],[108.091,-6.984],[108.074,-6.982],[108.055,-6.996],[108.016,-6.98],[107.991,-6.982],[107.967,-6.959],[107.915,-6.953],[107.897,-6.983],[107.907,-6.992],[107.907,-7.025],[107.923,-7.053],[107.877,-7.05],[107.835,-7.069],[107.831,-7.091],[107.812,-7.099],[107.808,-7.144],[107.798,-7.157],[107.754,-7.173],[107.74,-7.167],[107.722,-7.198],[107.731,-7.213],[107.707,-7.228],[107.71,-7.248],[107.733,-7.26],[107.738,-7.274],[107.709,-7.309],[107.674,-7.313],[107.658,-7.29],[107.641,-7.304],[107.628,-7.299],[107.605,-7.308],[107.599,-7.283],[107.582,-7.277],[107.557,-7.251],[107.546,-7.258],[107.477,-7.257]]]},"properties":{"name":"Garut"}},
{"type":"Feature","geometry":{"type":"Polygon","coordinates":[[[97.154,3.746],[97.18,3.724],[97.206,3.694],[97.255,3.695],[97.264,3.685],[97.316,3.677],[97.494,3.703],[97.511,3.7],[97.556,3.711],[97.622,3.722],[97.635,3.733],[97.703,3.735],[97.781,3.749],[97.825,3.75],[97.896,3.808],[97.922,3.845],[97.909,3.869],[97.916,3.885],[97.9,3.936],[97.882,3.937],[97.861,3.923],[97.85,3.934],[97.822,3.986],[97.792,4.022],[97.795,4.056],[97.778,4.107],[97.73,4.145],[97.715,4.204],[97.718,4.247],[97.669,4.242],[97.644,4.22],[97.622,4.245],[97.606,4.254],[97.576,4.211],[97.573,4.186],[97.531,4.194],[97.515,4.186],[97.5,4.156],[97.466,4.159],[97.42,4.176],[97.357,4.209],[97.273,4.17],[97.252,4.17],[97.225,4.213],[97.217,4.235],[97.194,4.258],[97.177,4.263],[97.162,4.281],[97.128,4.255],[97.103,4.246],[97.067,4.22],[97.018,4.207],[96.99,4.19],[96.95,4.187],[96.922,4.199],[96.91,4.213],[96.887,4.221],[96.844,4.268],[96.821,4.285],[96.793,4.286],[96.795,4.241],[96.802,4.223],[96.786,4.201],[96.751,4.171],[96.735,4.134],[96.725,4.097],[96.756,4.083],[96.789,4.055],[96.802,4.027],[96.809,3.983],[96.836,3.959],[96.883,3.951],[96.98,3.942],[97.014,3.959],[97.067,3.959],[97.098,3.949],[97.118,3.922],[97.108,3.892],[97.114,3.864],[97.106,3.845],[97.154,3.746]]]},"properties":{"name":"Gayo Lues"}},
{"type":"Feature","geometry":{"type":"Polygon","coordinates":[[[115.242,-8.603],[115.26,-8.636],[115.275,-8.65],[115.306,-8.622],[115.371,-8.575],[115.358,-8.521],[115.336,-8.524],[115.33,-8.505],[115.325,-8.452],[115.318,-8.439],[115.331,-8.414],[115.337,-8.38],[115.328,-8.331],[115.292,-8.332],[115.251,-8.314],[115.225,-8.391],[115.23,-8.445],[115.242,-8.465],[115.243,-8.5],[115.231,-8.518],[115.231,-8.538],[115.249,-8.571],[115.242,-8.603]]]},"properties":{"name":"Gianyar"}},
{"type":"Feature","geometry":{"type":"Polygon","coordinates":[[[122.647,0.521],[122.685,0.504],[122.701,0.481],[122.738,0.486],[122.771,0.483],[122.786,0.495],[122.816,0.489],[122.828,0.496],[122.888,0.486],[122.918,0.492],[122.927,0.486],[122.958,0.491],[122.989,0.485],[123.042,0.496],[123.039,0.513],[123.015,0.524],[122.997,0.542],[123.061,0.589],[123.07,0.607],[123.037,0.628],[123.071,0.675],[123.08,0.7],[123.074,0.742],[123.078,0.773],[123.064,0.781],[123.07,0.803],[123.026,0.781],[123.014,0.791],[122.985,0.763],[122.979,0.731],[122.966,0.715],[122.931,0.712],[122.926,0.694],[122.901,0.699],[122.907,0.731],[122.902,0.758],[122.877,0.765],[122.845,0.762],[122.821,0.752],[122.798,0.761],[122.778,0.758],[122.756,0.765],[122.73,0.785],[122.71,0.792],[122.699,0.81],[122.65,0.841],[122.621,0.852],[122.6,0.848],[122.596,0.863],[122.575,0.874],[122.536,0.871],[122.515,0.883],[122.489,0.885],[122.474,0.878],[122.459,0.888],[122.425,0.885],[122.401,0.896],[122.36,0.907],[122.351,0.922],[122.313,0.931],[122.295,0.913],[122.279,0.912],[122.26,0.926],[122.248,0.914],[122.245,0.901],[122.255,0.874],[122.248,0.854],[122.253,0.795],[122.272,0.781],[122.32,0.796],[122.349,0.792],[122.402,0.764],[122.43,0.755],[122.444,0.765],[122.465,0.758],[122.497,0.725],[122.548,0.699],[122.569,0.67],[122.604,0.641],[122.612,0.607],[122.631,0.589],[122.639,0.563],[122.628,0.54],[122.647,0.521]]]},"properties":{"name":"Gorontalo"}},
{"type":"Feature","geometry":{"type":"MultiPolygon","coordinates":[[[[122.772,0.914],[122.756,0.906],[122.791,0.874],[122.808,0.895],[122.772,0.914]]],[[[122.248,0.914],[122.26,0.926],[122.279,0.912],[122.295,0.913],[122.313,0.931],[122.351,0.922],[122.36,0.907],[122.401,0.896],[122.425,0.885],[122.459,0.888],[122.474,0.878],[122.489,0.885],[122.515,0.883],[122.536,0.871],[122.575,0.874],[122.596,0.863],[122.6,0.848],[122.621,0.852],[122.65,0.841],[122.699,0.81],[122.71,0.792],[122.73,0.785],[122.756,0.765],[122.778,0.758],[122.798,0.761],[122.821,0.752],[122.845,0.762],[122.877,0.765],[122.902,0.758],[122.907,0.731],[122.901,0.699],[122.926,0.694],[122.931,0.712],[122.966,0.715],[122.979,0.731],[122.985,0.763],[123.014,0.791],[123.026,0.781],[123.07,0.803],[123.091,0.803],[123.123,0.788],[123.134,0.765],[123.16,0.776],[123.164,0.759],[123.193,0.755],[123.23,0.763],[123.251,0.754],[123.269,0.768],[123.271,0.803],[123.243,0.831],[123.166,0.873],[123.152,0.871],[123.12,0.895],[123.115,0.924],[123.095,0.912],[123.067,0.917],[123.047,0.94],[123.02,0.933],[122.986,0.968],[122.939,0.958],[122.946,0.938],[122.946,0.895],[122.931,0.885],[122.921,0.861],[122.898,0.852],[122.88,0.831],[122.861,0.828],[122.859,0.809],[122.832,0.818],[122.818,0.831],[122.797,0.835],[122.794,0.857],[122.774,0.878],[122.764,0.862],[122.742,0.88],[122.716,0.881],[122.682,0.9],[122.664,0.935],[122.65,0.949],[122.615,0.957],[122.596,0.953],[122.56,0.96],[122.488,0.991],[122.452,1.032],[122.439,1.021],[122.435,0.994],[122.414,0.992],[122.394,1.014],[122.374,0.994],[122.362,0.997],[122.336,1.031],[122.315,1.006],[122.284,1.005],[122.262,1.012],[122.227,0.993],[122.221,1.008],[122.195,1.038],[122.176,1.036],[122.141,1.018],[122.126,1.018],[122.093,1],[122.076,1.006],[122.042,0.989],[122.023,0.958],[121.994,0.942],[121.982,0.907],[121.999,0.89],[122.03,0.886],[122.058,0.901],[122.077,0.904],[122.084,0.921],[122.105,0.933],[122.117,0.905],[122.14,0.912],[122.159,0.906],[122.183,0.911],[122.209,0.899],[122.248,0.914]]]]},"properties":{"name":"Gorontalo Utara"}},
{"type":"Feature","geometry":{"type":"Polygon","coordinates":[[[119.937,-5.356],[119.929,-5.338],[119.954,-5.29],[119.974,-5.277],[119.976,-5.257],[119.998,-5.23],[119.992,-5.206],[120.029,-5.186],[120.004,-5.165],[119.972,-5.158],[119.97,-5.14],[119.938,-5.129],[119.923,-5.133],[119.899,-5.112],[119.893,-5.097],[119.864,-5.092],[119.859,-5.108],[119.871,-5.12],[119.857,-5.15],[119.863,-5.161],[119.835,-5.192],[119.798,-5.211],[119.775,-5.207],[119.748,-5.182],[119.72,-5.182],[119.688,-5.168],[119.657,-5.168],[119.651,-5.177],[119.626,-5.17],[119.601,-5.153],[119.572,-5.175],[119.548,-5.164],[119.519,-5.166],[119.513,-5.195],[119.489,-5.191],[119.464,-5.177],[119.41,-5.203],[119.401,-5.233],[119.408,-5.253],[119.386,-5.269],[119.376,-5.292],[119.406,-5.33],[119.406,-5.352],[119.387,-5.389],[119.363,-5.409],[119.371,-5.425],[119.401,-5.408],[119.417,-5.419],[119.426,-5.398],[119.457,-5.376],[119.458,-5.355],[119.483,-5.312],[119.502,-5.323],[119.521,-5.301],[119.585,-5.289],[119.586,-5.302],[119.615,-5.348],[119.618,-5.368],[119.647,-5.397],[119.636,-5.431],[119.648,-5.453],[119.665,-5.508],[119.699,-5.501],[119.707,-5.545],[119.73,-5.561],[119.782,-5.567],[119.816,-5.535],[119.818,-5.517],[119.833,-5.504],[119.837,-5.481],[119.874,-5.432],[119.908,-5.42],[119.937,-5.387],[119.937,-5.356]]]},"properties":{"name":"Gowa"}},
{"type":"Feature","geometry":{"type":"MultiPolygon","coordinates":[[[[112.661,-7.193],[112.671,-7.173],[112.659,-7.147],[112.627,-7.131],[112.622,-7.119],[112.633,-7.069],[112.649,-7.058],[112.651,-7.019],[112.616,-6.993],[112.599,-6.956],[112.593,-6.929],[112.619,-6.913],[112.609,-6.88],[112.587,-6.891],[112.574,-6.862],[112.559,-6.848],[112.523,-6.866],[112.54,-6.884],[112.52,-6.906],[112.474,-6.898],[112.456,-6.884],[112.446,-6.874],[112.441,-6.875],[112.441,-6.899],[112.428,-6.904],[112.425,-6.949],[112.404,-6.958],[112.375,-6.958],[112.372,-6.985],[112.392,-6.986],[112.428,-7.002],[112.462,-7.007],[112.482,-7.003],[112.497,-7.024],[112.524,-7.039],[112.548,-7.066],[112.536,-7.096],[112.501,-7.107],[112.496,-7.127],[112.476,-7.126],[112.472,-7.157],[112.498,-7.164],[112.502,-7.192],[112.453,-7.208],[112.434,-7.229],[112.419,-7.232],[112.397,-7.265],[112.412,-7.274],[112.409,-7.306],[112.368,-7.325],[112.391,-7.333],[112.41,-7.318],[112.442,-7.308],[112.477,-7.306],[112.485,-7.341],[112.477,-7.353],[112.476,-7.382],[112.494,-7.409],[112.549,-7.404],[112.567,-7.397],[112.592,-7.372],[112.629,-7.368],[112.656,-7.357],[112.649,-7.315],[112.629,-7.312],[112.627,-7.283],[112.632,-7.262],[112.617,-7.258],[112.592,-7.207],[112.613,-7.209],[112.661,-7.193]]],[[[112.703,-5.735],[112.69,-5.727],[112.666,-5.738],[112.648,-5.731],[112.613,-5.753],[112.612,-5.771],[112.59,-5.775],[112.575,-5.829],[112.591,-5.856],[112.61,-5.858],[112.634,-5.843],[112.67,-5.854],[112.714,-5.845],[112.739,-5.792],[112.737,-5.766],[112.725,-5.762],[112.727,-5.738],[112.703,-5.735]]]]},"properties":{"name":"Gresik"}},
{"type":"Feature","geometry":{"type":"Polygon","coordinates":[[[111.115,-6.916],[111.079,-6.945],[111.07,-6.969],[111.05,-6.967],[110.934,-6.974],[110.912,-6.966],[110.9,-6.988],[110.886,-6.969],[110.856,-6.987],[110.811,-7],[110.804,-6.98],[110.793,-6.959],[110.774,-6.951],[110.765,-6.966],[110.775,-6.999],[110.763,-7.022],[110.729,-7.033],[110.673,-7.008],[110.68,-6.997],[110.658,-6.973],[110.638,-6.976],[110.624,-6.994],[110.62,-7.021],[110.595,-7.056],[110.594,-7.068],[110.568,-7.076],[110.562,-7.095],[110.593,-7.123],[110.558,-7.14],[110.542,-7.182],[110.546,-7.195],[110.57,-7.189],[110.584,-7.203],[110.613,-7.199],[110.628,-7.219],[110.662,-7.224],[110.674,-7.238],[110.692,-7.24],[110.689,-7.192],[110.724,-7.165],[110.735,-7.144],[110.75,-7.149],[110.76,-7.186],[110.786,-7.194],[110.767,-7.244],[110.789,-7.243],[110.824,-7.212],[110.838,-7.221],[110.828,-7.247],[110.852,-7.27],[110.867,-7.265],[110.901,-7.282],[110.925,-7.275],[110.955,-7.283],[110.995,-7.274],[111.018,-7.259],[111.058,-7.271],[111.08,-7.254],[111.107,-7.247],[111.149,-7.264],[111.178,-7.264],[111.212,-7.247],[111.238,-7.241],[111.247,-7.172],[111.24,-7.139],[111.216,-7.076],[111.218,-7.031],[111.188,-6.998],[111.161,-6.981],[111.111,-6.978],[111.107,-6.962],[111.115,-6.916]]]},"properties":{"name":"Grobogan"}},
{"type":"Feature","geometry":{"type":"Polygon","coordinates":[[[110.34,-8.028],[110.375,-8.072],[110.416,-8.083],[110.434,-8.099],[110.545,-8.135],[110.603,-8.145],[110.644,-8.168],[110.697,-8.187],[110.715,-8.197],[110.781,-8.196],[110.83,-8.201],[110.833,-8.174],[110.812,-8.147],[110.787,-8.153],[110.79,-8.126],[110.779,-8.068],[110.754,-8.026],[110.768,-7.979],[110.771,-7.902],[110.784,-7.872],[110.786,-7.817],[110.742,-7.807],[110.713,-7.793],[110.692,-7.808],[110.664,-7.793],[110.638,-7.8],[110.608,-7.798],[110.562,-7.782],[110.544,-7.794],[110.546,-7.816],[110.52,-7.831],[110.489,-7.837],[110.468,-7.867],[110.477,-7.888],[110.498,-7.901],[110.488,-7.945],[110.476,-7.965],[110.444,-7.951],[110.444,-7.967],[110.422,-7.974],[110.396,-7.97],[110.381,-7.982],[110.367,-7.973],[110.351,-7.996],[110.331,-7.999],[110.34,-8.028]]]},"properties":{"name":"Gunung Kidul"}},
{"type":"Feature","geometry":{"type":"Polygon","coordinates":[[[113.761,-0.484],[113.747,-0.455],[113.714,-0.411],[113.681,-0.401],[113.624,-0.393],[113.579,-0.374],[113.536,-0.342],[113.49,-0.326],[113.442,-0.303],[113.407,-0.305],[113.365,-0.319],[113.307,-0.382],[113.265,-0.42],[113.264,-0.442],[113.246,-0.45],[113.23,-0.476],[113.219,-0.506],[113.206,-0.562],[113.169,-0.621],[113.131,-0.692],[113.076,-0.766],[113.032,-0.814],[113.018,-0.844],[113.02,-0.885],[113.031,-0.909],[113.049,-0.925],[113.092,-0.935],[113.134,-0.981],[113.186,-1.025],[113.229,-1.072],[113.233,-1.129],[113.198,-1.184],[113.187,-1.214],[113.186,-1.252],[113.199,-1.284],[113.339,-1.485],[113.361,-1.526],[113.43,-1.561],[113.435,-1.578],[113.483,-1.603],[113.492,-1.658],[113.519,-1.671],[113.552,-1.642],[113.567,-1.637],[113.6,-1.655],[113.667,-1.645],[113.704,-1.631],[113.758,-1.624],[113.827,-1.631],[113.888,-1.617],[113.914,-1.575],[113.969,-1.542],[113.994,-1.508],[114.008,-1.475],[113.997,-1.362],[113.995,-1.283],[113.997,-1.23],[113.969,-1.112],[113.977,-1.064],[113.973,-1.045],[113.934,-1.003],[113.851,-0.977],[113.763,-0.938],[113.723,-0.888],[113.679,-0.774],[113.65,-0.738],[113.671,-0.679],[113.737,-0.601],[113.756,-0.546],[113.761,-0.484]]]},"properties":{"name":"Gunung Mas"}},
{"type":"Feature","geometry":{"type":"MultiPolygon","coordinates":[[[[127.525,1.72],[127.512,1.696],[127.528,1.684],[127.537,1.701],[127.525,1.72]]],[[[127.709,0.821],[127.695,0.818],[127.665,0.839],[127.606,0.916],[127.595,0.967],[127.598,0.987],[127.618,1.028],[127.61,1.035],[127.602,1.071],[127.615,1.081],[127.604,1.108],[127.626,1.126],[127.62,1.14],[127.634,1.167],[127.64,1.196],[127.636,1.22],[127.624,1.238],[127.647,1.252],[127.635,1.275],[127.64,1.296],[127.636,1.322],[127.654,1.328],[127.667,1.366],[127.676,1.377],[127.657,1.411],[127.68,1.443],[127.671,1.464],[127.703,1.473],[127.73,1.54],[127.727,1.593],[127.735,1.604],[127.731,1.631],[127.718,1.642],[127.714,1.683],[127.704,1.703],[127.718,1.765],[127.719,1.789],[127.732,1.799],[127.749,1.846],[127.744,1.857],[127.76,1.885],[127.783,1.913],[127.768,1.959],[127.744,1.959],[127.712,1.947],[127.682,1.907],[127.676,1.887],[127.644,1.838],[127.638,1.821],[127.614,1.795],[127.614,1.783],[127.572,1.752],[127.569,1.724],[127.559,1.715],[127.58,1.694],[127.582,1.664],[127.551,1.663],[127.548,1.636],[127.553,1.607],[127.547,1.584],[127.534,1.586],[127.511,1.558],[127.527,1.552],[127.525,1.534],[127.536,1.489],[127.517,1.427],[127.486,1.392],[127.486,1.361],[127.465,1.318],[127.446,1.302],[127.406,1.229],[127.402,1.199],[127.431,1.146],[127.427,1.119],[127.399,1.084],[127.397,1.061],[127.424,1.032],[127.434,1.046],[127.479,1.064],[127.502,1.041],[127.496,0.995],[127.512,0.973],[127.512,0.953],[127.492,0.928],[127.492,0.893],[127.522,0.886],[127.539,0.86],[127.551,0.873],[127.589,0.861],[127.604,0.865],[127.639,0.836],[127.633,0.807],[127.618,0.79],[127.639,0.768],[127.652,0.776],[127.7,0.756],[127.731,0.759],[127.722,0.803],[127.709,0.821]]]]},"properties":{"name":"Halmahera Barat"}},
{"type":"Feature","geometry":{"type":"MultiPolygon","coordinates":[[[[127.635,-1.821],[127.602,-1.822],[127.575,-1.838],[127.572,-1.866],[127.621,-1.852],[127.645,-1.834],[127.635,-1.821]]],[[[128.351,-1.602],[128.322,-1.608],[128.304,-1.623],[128.294,-1.644],[128.318,-1.664],[128.33,-1.664],[128.362,-1.646],[128.365,-1.617],[128.351,-1.602]]],[[[127.397,-1.491],[127.381,-1.494],[127.378,-1.522],[127.396,-1.525],[127.397,-1.491]]],[[[127.361,-1.364],[127.342,-1.373],[127.315,-1.397],[127.285,-1.406],[127.294,-1.433],[127.314,-1.435],[127.329,-1.449],[127.341,-1.435],[127.375,-1.426],[127.4,-1.401],[127.368,-1.378],[127.361,-1.364]]],[[[127.642,-1.33],[127.62,-1.352],[127.581,-1.364],[127.577,-1.375],[127.534,-1.409],[127.513,-1.417],[127.508,-1.448],[127.458,-1.439],[127.439,-1.446],[127.416,-1.48],[127.42,-1.496],[127.403,-1.538],[127.412,-1.568],[127.396,-1.622],[127.409,-1.662],[127.434,-1.68],[127.483,-1.703],[127.505,-1.726],[127.528,-1.725],[127.563,-1.735],[127.597,-1.738],[127.626,-1.719],[127.648,-1.731],[127.669,-1.722],[127.68,-1.704],[127.704,-1.691],[127.774,-1.689],[127.817,-1.701],[127.837,-1.693],[127.855,-1.698],[127.889,-1.683],[127.981,-1.699],[128.024,-1.727],[128.039,-1.718],[128.089,-1.722],[128.111,-1.702],[128.156,-1.684],[128.168,-1.637],[128.165,-1.615],[128.121,-1.566],[128.09,-1.584],[128.072,-1.579],[128.046,-1.546],[127.99,-1.505],[127.978,-1.484],[127.957,-1.474],[127.934,-1.448],[127.887,-1.426],[127.878,-1.439],[127.836,-1.435],[127.832,-1.424],[127.798,-1.409],[127.793,-1.373],[127.78,-1.376],[127.758,-1.352],[127.707,-1.336],[127.691,-1.35],[127.674,-1.331],[127.654,-1.341],[127.642,-1.33]]],[[[127.398,-1.312],[127.422,-1.332],[127.435,-1.318],[127.398,-1.312]]],[[[127.558,-1.179],[127.511,-1.178],[127.504,-1.208],[127.48,-1.217],[127.466,-1.24],[127.467,-1.253],[127.488,-1.27],[127.516,-1.268],[127.532,-1.25],[127.561,-1.248],[127.61,-1.262],[127.639,-1.283],[127.689,-1.282],[127.697,-1.257],[127.695,-1.227],[127.642,-1.221],[127.611,-1.208],[127.599,-1.21],[127.558,-1.179]]],[[[127.426,-1.148],[127.411,-1.137],[127.408,-1.199],[127.428,-1.222],[127.44,-1.213],[127.444,-1.188],[127.426,-1.148]]],[[[128.377,-1.077],[128.354,-1.077],[128.344,-1.089],[128.377,-1.121],[128.411,-1.088],[128.377,-1.077]]],[[[128.32,-0.938],[128.308,-0.945],[128.309,-0.966],[128.34,-0.981],[128.332,-1.004],[128.346,-1.03],[128.363,-1.041],[128.399,-1.039],[128.42,-1.021],[128.405,-0.99],[128.373,-0.992],[128.337,-0.961],[128.32,-0.938]]],[[[127.244,-0.603],[127.221,-0.603],[127.207,-0.619],[127.207,-0.676],[127.168,-0.708],[127.17,-0.751],[127.181,-0.767],[127.21,-0.781],[127.227,-0.78],[127.246,-0.766],[127.277,-0.78],[127.294,-0.799],[127.335,-0.786],[127.294,-0.731],[127.302,-0.681],[127.264,-0.662],[127.246,-0.629],[127.27,-0.618],[127.244,-0.603]]],[[[127.338,-0.612],[127.341,-0.646],[127.366,-0.665],[127.399,-0.655],[127.416,-0.644],[127.398,-0.621],[127.376,-0.609],[127.367,-0.617],[127.338,-0.612]]],[[[128.412,-0.559],[128.433,-0.589],[128.442,-0.574],[128.412,-0.559]]],[[[128.376,-0.532],[128.361,-0.54],[128.399,-0.558],[128.401,-0.547],[128.376,-0.532]]],[[[127.745,-0.327],[127.74,-0.383],[127.758,-0.373],[127.758,-0.357],[127.745,-0.327]]],[[[127.525,-0.302],[127.514,-0.326],[127.493,-0.342],[127.475,-0.366],[127.479,-0.388],[127.457,-0.416],[127.441,-0.415],[127.418,-0.393],[127.409,-0.356],[127.37,-0.316],[127.354,-0.333],[127.32,-0.342],[127.335,-0.362],[127.338,-0.384],[127.319,-0.429],[127.296,-0.436],[127.291,-0.457],[127.295,-0.482],[127.309,-0.496],[127.31,-0.517],[127.333,-0.531],[127.376,-0.592],[127.39,-0.588],[127.406,-0.614],[127.458,-0.632],[127.48,-0.63],[127.478,-0.66],[127.455,-0.693],[127.442,-0.737],[127.448,-0.77],[127.46,-0.788],[127.463,-0.814],[127.475,-0.824],[127.5,-0.801],[127.545,-0.787],[127.572,-0.77],[127.611,-0.763],[127.631,-0.741],[127.653,-0.75],[127.665,-0.781],[127.658,-0.811],[127.682,-0.839],[127.718,-0.855],[127.732,-0.871],[127.816,-0.854],[127.858,-0.825],[127.87,-0.827],[127.902,-0.782],[127.903,-0.771],[127.879,-0.75],[127.874,-0.719],[127.826,-0.699],[127.799,-0.679],[127.765,-0.692],[127.742,-0.686],[127.716,-0.69],[127.692,-0.71],[127.671,-0.71],[127.651,-0.683],[127.655,-0.647],[127.642,-0.626],[127.612,-0.631],[127.598,-0.619],[127.6,-0.577],[127.611,-0.574],[127.638,-0.537],[127.676,-0.499],[127.678,-0.481],[127.693,-0.456],[127.658,-0.439],[127.645,-0.412],[127.615,-0.402],[127.608,-0.373],[127.592,-0.364],[127.569,-0.316],[127.54,-0.313],[127.525,-0.302]]],[[[127.241,-0.246],[127.219,-0.258],[127.206,-0.255],[127.175,-0.264],[127.146,-0.263],[127.123,-0.28],[127.115,-0.303],[127.14,-0.313],[127.129,-0.37],[127.115,-0.4],[127.122,-0.442],[127.15,-0.462],[127.147,-0.477],[127.121,-0.473],[127.123,-0.51],[127.164,-0.531],[127.208,-0.515],[127.216,-0.518],[127.248,-0.496],[127.265,-0.465],[127.278,-0.456],[127.267,-0.431],[127.265,-0.405],[127.287,-0.4],[127.288,-0.374],[127.273,-0.355],[127.253,-0.312],[127.265,-0.289],[127.259,-0.27],[127.241,-0.246]]],[[[127.061,-0.228],[127.043,-0.241],[127.029,-0.283],[127.036,-0.288],[127.092,-0.258],[127.084,-0.238],[127.061,-0.228]]],[[[127.136,-0.178],[127.105,-0.216],[127.089,-0.224],[127.094,-0.256],[127.127,-0.235],[127.136,-0.203],[127.136,-0.178]]],[[[127.269,-0.072],[127.24,-0.078],[127.205,-0.123],[127.227,-0.14],[127.261,-0.126],[127.269,-0.072]]],[[[127.418,-0.018],[127.403,-0.072],[127.429,-0.047],[127.418,-0.018]]],[[[127.437,0.13],[127.415,0.095],[127.414,0.056],[127.406,0.012],[127.431,0.022],[127.443,0.005],[127.432,-0.006],[127.454,-0.032],[127.468,-0.034],[127.466,-0.002],[127.458,0.007],[127.467,0.073],[127.446,0.076],[127.437,0.13]]],[[[127.7,-0.01],[127.697,-0.089],[127.687,-0.137],[127.661,-0.209],[127.663,-0.221],[127.689,-0.248],[127.687,-0.27],[127.703,-0.278],[127.756,-0.32],[127.803,-0.34],[127.818,-0.338],[127.851,-0.364],[127.864,-0.366],[127.881,-0.39],[127.884,-0.41],[127.905,-0.446],[127.906,-0.474],[127.938,-0.504],[127.955,-0.556],[127.996,-0.63],[127.996,-0.658],[128.02,-0.686],[128.066,-0.718],[128.132,-0.738],[128.187,-0.761],[128.225,-0.77],[128.265,-0.811],[128.226,-0.833],[128.245,-0.857],[128.274,-0.868],[128.29,-0.881],[128.314,-0.865],[128.352,-0.89],[128.372,-0.878],[128.393,-0.882],[128.424,-0.901],[128.451,-0.896],[128.381,-0.853],[128.348,-0.816],[128.309,-0.79],[128.307,-0.777],[128.286,-0.754],[128.247,-0.729],[128.21,-0.692],[128.187,-0.643],[128.185,-0.629],[128.161,-0.596],[128.126,-0.539],[128.091,-0.492],[128.079,-0.458],[128.049,-0.417],[128.041,-0.386],[128.016,-0.323],[127.982,-0.264],[127.965,-0.164],[127.946,-0.111],[127.911,-0.057],[127.894,-0.018],[127.888,0.031],[127.895,0.067],[127.888,0.083],[127.904,0.105],[127.925,0.108],[127.922,0.177],[127.897,0.176],[127.894,0.147],[127.877,0.131],[127.844,0.134],[127.824,0.125],[127.809,0.15],[127.789,0.152],[127.79,0.087],[127.797,0.054],[127.817,0.032],[127.787,0.006],[127.77,0.004],[127.768,0.026],[127.737,0.018],[127.733,0.005],[127.713,0.003],[127.7,-0.01]]],[[[127.417,0.375],[127.374,0.362],[127.346,0.336],[127.35,0.309],[127.375,0.285],[127.395,0.275],[127.422,0.283],[127.441,0.316],[127.443,0.337],[127.417,0.375]]]]},"properties":{"name":"Halmahera Selatan"}},
{"type":"Feature","geometry":{"type":"MultiPolygon","coordinates":[[[[129.63,-0.031],[129.603,-0.004],[129.584,-0.01],[129.588,-0.045],[129.608,-0.065],[129.654,-0.048],[129.63,-0.031]]],[[[129.314,0.035],[129.363,-0.003],[129.382,-0.031],[129.382,-0.052],[129.402,-0.071],[129.426,-0.076],[129.462,-0.099],[129.486,-0.142],[129.512,-0.166],[129.521,-0.2],[129.537,-0.213],[129.558,-0.209],[129.573,-0.179],[129.547,-0.13],[129.505,-0.101],[129.473,-0.087],[129.46,-0.067],[129.434,-0.054],[129.401,-0.013],[129.314,0.035]]],[[[128.811,0.566],[128.806,0.554],[128.83,0.509],[128.863,0.497],[128.828,0.553],[128.811,0.566]]],[[[127.922,0.177],[127.924,0.215],[127.914,0.254],[127.915,0.272],[127.874,0.298],[127.882,0.336],[127.879,0.353],[127.905,0.371],[127.912,0.401],[127.901,0.431],[127.917,0.455],[127.939,0.468],[127.956,0.468],[127.968,0.482],[128.014,0.471],[128.04,0.479],[128.064,0.469],[128.079,0.477],[128.089,0.461],[128.121,0.454],[128.141,0.464],[128.174,0.454],[128.182,0.433],[128.199,0.431],[128.222,0.413],[128.243,0.413],[128.284,0.396],[128.316,0.397],[128.339,0.405],[128.356,0.399],[128.38,0.406],[128.405,0.394],[128.441,0.403],[128.485,0.39],[128.501,0.354],[128.534,0.34],[128.559,0.318],[128.598,0.32],[128.645,0.309],[128.675,0.295],[128.697,0.297],[128.731,0.283],[128.755,0.282],[128.829,0.259],[128.846,0.26],[128.853,0.239],[128.868,0.241],[128.865,0.266],[128.836,0.292],[128.794,0.314],[128.763,0.316],[128.714,0.333],[128.678,0.336],[128.666,0.361],[128.687,0.405],[128.682,0.431],[128.688,0.443],[128.68,0.477],[128.668,0.491],[128.679,0.506],[128.651,0.514],[128.618,0.468],[128.621,0.443],[128.595,0.439],[128.562,0.416],[128.544,0.422],[128.502,0.455],[128.501,0.48],[128.438,0.505],[128.403,0.502],[128.358,0.511],[128.317,0.555],[128.271,0.55],[128.237,0.587],[128.211,0.601],[128.161,0.59],[128.117,0.591],[128.084,0.615],[128.066,0.616],[128.057,0.643],[128.024,0.644],[127.995,0.657],[127.978,0.638],[127.928,0.625],[127.863,0.631],[127.854,0.618],[127.829,0.623],[127.827,0.639],[127.792,0.643],[127.81,0.615],[127.81,0.598],[127.823,0.567],[127.826,0.542],[127.807,0.526],[127.806,0.49],[127.784,0.488],[127.769,0.454],[127.775,0.413],[127.807,0.374],[127.807,0.34],[127.799,0.317],[127.804,0.297],[127.82,0.273],[127.797,0.25],[127.824,0.209],[127.796,0.174],[127.789,0.152],[127.809,0.15],[127.824,0.125],[127.844,0.134],[127.877,0.131],[127.894,0.147],[127.897,0.176],[127.922,0.177]]]]},"properties":{"name":"Halmahera Tengah"}},
{"type":"Feature","geometry":{"type":"Polygon","coordinates":[[[127.731,0.759],[127.751,0.758],[127.767,0.731],[127.768,0.707],[127.783,0.692],[127.782,0.672],[127.792,0.643],[127.827,0.639],[127.829,0.623],[127.854,0.618],[127.863,0.631],[127.928,0.625],[127.978,0.638],[127.995,0.657],[128.024,0.644],[128.057,0.643],[128.066,0.616],[128.084,0.615],[128.117,0.591],[128.161,0.59],[128.211,0.601],[128.237,0.587],[128.271,0.55],[128.317,0.555],[128.358,0.511],[128.403,0.502],[128.438,0.505],[128.501,0.48],[128.502,0.455],[128.544,0.422],[128.562,0.416],[128.595,0.439],[128.621,0.443],[128.618,0.468],[128.651,0.514],[128.679,0.506],[128.69,0.529],[128.679,0.55],[128.653,0.544],[128.623,0.558],[128.572,0.562],[128.523,0.592],[128.476,0.6],[128.434,0.632],[128.389,0.645],[128.365,0.639],[128.338,0.659],[128.311,0.664],[128.296,0.695],[128.26,0.738],[128.239,0.735],[128.213,0.764],[128.198,0.79],[128.206,0.808],[128.24,0.816],[128.249,0.841],[128.282,0.82],[128.3,0.828],[128.298,0.844],[128.28,0.866],[128.304,0.893],[128.335,0.912],[128.385,0.911],[128.416,0.931],[128.447,0.932],[128.462,0.949],[128.505,0.972],[128.539,0.976],[128.552,0.996],[128.574,1.01],[128.61,1.042],[128.634,1.045],[128.683,1.068],[128.695,1.117],[128.691,1.198],[128.702,1.234],[128.721,1.256],[128.709,1.283],[128.721,1.301],[128.739,1.309],[128.748,1.346],[128.742,1.364],[128.755,1.384],[128.712,1.418],[128.687,1.46],[128.68,1.495],[128.696,1.508],[128.697,1.537],[128.722,1.527],[128.723,1.572],[128.67,1.59],[128.643,1.579],[128.627,1.583],[128.6,1.569],[128.561,1.57],[128.543,1.549],[128.507,1.532],[128.494,1.549],[128.467,1.551],[128.415,1.527],[128.37,1.501],[128.345,1.46],[128.311,1.44],[128.244,1.42],[128.219,1.394],[128.192,1.39],[128.171,1.371],[128.148,1.34],[128.138,1.313],[128.12,1.29],[128.094,1.285],[128.087,1.262],[128.09,1.244],[128.146,1.254],[128.18,1.243],[128.198,1.21],[128.195,1.165],[128.181,1.156],[128.166,1.125],[128.144,1.12],[128.129,1.128],[128.109,1.121],[128.089,1.127],[128.062,1.116],[128.033,1.116],[128.018,1.104],[127.981,1.087],[127.977,1.062],[127.962,1.045],[127.952,1.019],[127.932,1.005],[127.936,0.978],[127.925,0.966],[127.933,0.917],[127.931,0.877],[127.903,0.854],[127.888,0.85],[127.871,0.826],[127.844,0.805],[127.798,0.796],[127.78,0.807],[127.754,0.808],[127.734,0.825],[127.736,0.836],[127.709,0.852],[127.694,0.879],[127.697,0.834],[127.709,0.821],[127.722,0.803],[127.731,0.759]]]},"properties":{"name":"Halmahera Timur"}},
{"type":"Feature","geometry":{"type":"MultiPolygon","coordinates":[[[[127.723,2.193],[127.732,2.176],[127.76,2.165],[127.759,2.19],[127.723,2.193]]],[[[127.709,0.821],[127.697,0.834],[127.694,0.879],[127.663,0.879],[127.654,0.906],[127.634,0.915],[127.629,0.984],[127.649,1.002],[127.656,1.028],[127.709,1.042],[127.735,1.062],[127.758,1.069],[127.765,1.082],[127.801,1.106],[127.816,1.135],[127.847,1.153],[127.903,1.15],[127.902,1.172],[127.914,1.195],[127.919,1.228],[127.945,1.242],[127.952,1.26],[127.974,1.28],[127.978,1.307],[128.01,1.314],[127.994,1.332],[127.987,1.365],[127.995,1.392],[128.024,1.405],[128.01,1.426],[128.024,1.469],[128.023,1.49],[128.035,1.531],[128.03,1.545],[128.034,1.589],[128.003,1.596],[127.991,1.661],[128.022,1.691],[128.009,1.736],[127.992,1.762],[127.959,1.773],[127.954,1.792],[127.939,1.805],[127.92,1.808],[127.886,1.798],[127.863,1.805],[127.847,1.821],[127.842,1.848],[127.853,1.867],[127.848,1.907],[127.852,1.926],[127.888,1.953],[127.92,1.961],[127.929,1.979],[127.952,1.991],[127.948,2.023],[127.955,2.04],[128.016,2.104],[128.065,2.172],[128.068,2.197],[128.019,2.196],[127.986,2.181],[127.977,2.209],[127.93,2.175],[127.93,2.163],[127.886,2.128],[127.837,2.082],[127.788,2.024],[127.786,2.009],[127.769,1.994],[127.744,1.959],[127.768,1.959],[127.783,1.913],[127.76,1.885],[127.744,1.857],[127.749,1.846],[127.732,1.799],[127.719,1.789],[127.718,1.765],[127.704,1.703],[127.714,1.683],[127.718,1.642],[127.731,1.631],[127.735,1.604],[127.727,1.593],[127.73,1.54],[127.703,1.473],[127.671,1.464],[127.68,1.443],[127.657,1.411],[127.676,1.377],[127.667,1.366],[127.654,1.328],[127.636,1.322],[127.64,1.296],[127.635,1.275],[127.647,1.252],[127.624,1.238],[127.636,1.22],[127.64,1.196],[127.634,1.167],[127.62,1.14],[127.626,1.126],[127.604,1.108],[127.615,1.081],[127.602,1.071],[127.61,1.035],[127.618,1.028],[127.598,0.987],[127.595,0.967],[127.606,0.916],[127.665,0.839],[127.695,0.818],[127.709,0.821]]],[[[127.778,2.294],[127.757,2.263],[127.774,2.241],[127.773,2.22],[127.795,2.217],[127.817,2.23],[127.825,2.27],[127.78,2.275],[127.778,2.294]]]]},"properties":{"name":"Halmahera Utara"}},
{"type":"Feature","geometry":{"type":"Polygon","coordinates":[[[115.557,-2.828],[115.573,-2.811],[115.587,-2.778],[115.597,-2.735],[115.599,-2.722],[115.575,-2.711],[115.548,-2.729],[115.496,-2.718],[115.451,-2.766],[115.445,-2.78],[115.409,-2.766],[115.4,-2.748],[115.378,-2.744],[115.358,-2.716],[115.329,-2.702],[115.303,-2.699],[115.24,-2.678],[115.227,-2.688],[115.212,-2.668],[115.212,-2.653],[115.189,-2.632],[115.172,-2.636],[115.158,-2.611],[115.166,-2.569],[115.178,-2.555],[115.142,-2.549],[115.111,-2.536],[114.998,-2.499],[114.915,-2.519],[114.891,-2.515],[114.866,-2.532],[114.967,-2.705],[114.997,-2.756],[115.021,-2.777],[115.076,-2.79],[115.063,-2.84],[115.09,-2.83],[115.174,-2.855],[115.198,-2.869],[115.231,-2.871],[115.245,-2.888],[115.263,-2.893],[115.283,-2.93],[115.318,-2.925],[115.322,-2.936],[115.354,-2.935],[115.379,-2.919],[115.383,-2.882],[115.41,-2.893],[115.45,-2.885],[115.458,-2.873],[115.507,-2.885],[115.557,-2.828]]]},"properties":{"name":"Hulu Sungai Selatan"}},
{"type":"Feature","geometry":{"type":"Polygon","coordinates":[[[115.402,-2.441],[115.384,-2.485],[115.369,-2.496],[115.349,-2.483],[115.316,-2.504],[115.288,-2.513],[115.285,-2.524],[115.25,-2.529],[115.178,-2.555],[115.166,-2.569],[115.158,-2.611],[115.172,-2.636],[115.189,-2.632],[115.212,-2.653],[115.212,-2.668],[115.227,-2.688],[115.24,-2.678],[115.303,-2.699],[115.329,-2.702],[115.358,-2.716],[115.378,-2.744],[115.4,-2.748],[115.409,-2.766],[115.445,-2.78],[115.451,-2.766],[115.496,-2.718],[115.548,-2.729],[115.575,-2.711],[115.599,-2.722],[115.597,-2.735],[115.627,-2.723],[115.657,-2.723],[115.706,-2.702],[115.72,-2.682],[115.725,-2.659],[115.764,-2.659],[115.791,-2.639],[115.812,-2.633],[115.824,-2.611],[115.857,-2.616],[115.887,-2.613],[115.888,-2.556],[115.878,-2.527],[115.84,-2.509],[115.804,-2.504],[115.771,-2.529],[115.759,-2.569],[115.721,-2.591],[115.699,-2.572],[115.693,-2.546],[115.681,-2.539],[115.686,-2.514],[115.638,-2.509],[115.604,-2.499],[115.598,-2.485],[115.559,-2.486],[115.501,-2.462],[115.471,-2.462],[115.402,-2.441]]]},"properties":{"name":"Hulu Sungai Tengah"}},
{"type":"Feature","geometry":{"type":"Polygon","coordinates":[[[115.356,-2.342],[115.311,-2.344],[115.283,-2.359],[115.251,-2.354],[115.213,-2.34],[115.154,-2.305],[115.003,-2.4],[114.979,-2.42],[114.915,-2.459],[114.886,-2.504],[114.861,-2.522],[114.862,-2.524],[114.866,-2.532],[114.891,-2.515],[114.915,-2.519],[114.998,-2.499],[115.111,-2.536],[115.142,-2.549],[115.178,-2.555],[115.25,-2.529],[115.285,-2.524],[115.288,-2.513],[115.316,-2.504],[115.349,-2.483],[115.369,-2.496],[115.384,-2.485],[115.402,-2.441],[115.359,-2.421],[115.345,-2.401],[115.318,-2.402],[115.319,-2.359],[115.343,-2.354],[115.356,-2.342]]]},"properties":{"name":"Hulu Sungai Utara"}},
{"type":"Feature","geometry":{"type":"Polygon","coordinates":[[[98.835,2.356],[98.807,2.375],[98.778,2.42],[98.749,2.439],[98.667,2.428],[98.616,2.402],[98.611,2.453],[98.582,2.487],[98.511,2.487],[98.474,2.465],[98.446,2.487],[98.415,2.48],[98.404,2.466],[98.363,2.466],[98.346,2.449],[98.338,2.425],[98.303,2.425],[98.287,2.414],[98.298,2.392],[98.288,2.336],[98.257,2.346],[98.251,2.329],[98.253,2.276],[98.264,2.265],[98.284,2.2],[98.275,2.188],[98.304,2.161],[98.334,2.16],[98.386,2.119],[98.417,2.113],[98.45,2.093],[98.506,2.08],[98.539,2.083],[98.554,2.074],[98.592,2.083],[98.607,2.062],[98.606,2.023],[98.644,2.003],[98.655,2.018],[98.679,1.99],[98.683,2.008],[98.726,2.116],[98.766,2.144],[98.817,2.161],[98.811,2.188],[98.858,2.2],[98.895,2.222],[98.928,2.234],[98.941,2.262],[98.973,2.275],[98.954,2.321],[98.94,2.32],[98.858,2.335],[98.834,2.321],[98.816,2.346],[98.835,2.356]]]},"properties":{"name":"Humbang Hasundutan"}},
{"type":"Feature","geometry":{"type":"Polygon","coordinates":[[[110.349,-7.151],[110.339,-7.173],[110.341,-7.194],[110.349,-7.183],[110.391,-7.163],[110.369,-7.148],[110.349,-7.151]]]},"properties":{"name":"Hutan"}},
{"type":"Feature","geometry":{"type":"MultiPolygon","coordinates":[[[[103.342,-0.642],[103.316,-0.666],[103.254,-0.681],[103.254,-0.698],[103.287,-0.702],[103.324,-0.692],[103.376,-0.688],[103.397,-0.693],[103.41,-0.685],[103.42,-0.66],[103.397,-0.647],[103.372,-0.652],[103.342,-0.642]]],[[[103.429,-0.606],[103.42,-0.603],[103.376,-0.611],[103.344,-0.638],[103.372,-0.647],[103.42,-0.633],[103.429,-0.606]]],[[[103.368,-0.374],[103.331,-0.357],[103.308,-0.38],[103.333,-0.399],[103.335,-0.412],[103.329,-0.433],[103.335,-0.436],[103.367,-0.43],[103.379,-0.442],[103.399,-0.515],[103.42,-0.521],[103.468,-0.504],[103.508,-0.516],[103.551,-0.497],[103.6,-0.441],[103.601,-0.414],[103.569,-0.395],[103.54,-0.399],[103.513,-0.369],[103.47,-0.381],[103.446,-0.37],[103.393,-0.379],[103.368,-0.374]]],[[[103.307,-0.252],[103.269,-0.247],[103.252,-0.268],[103.233,-0.278],[103.27,-0.296],[103.293,-0.318],[103.322,-0.33],[103.341,-0.349],[103.376,-0.359],[103.426,-0.358],[103.452,-0.341],[103.459,-0.313],[103.438,-0.302],[103.421,-0.303],[103.404,-0.293],[103.381,-0.297],[103.344,-0.28],[103.343,-0.251],[103.307,-0.252]]],[[[103.57,-0.221],[103.536,-0.22],[103.517,-0.24],[103.475,-0.298],[103.451,-0.359],[103.468,-0.373],[103.512,-0.36],[103.535,-0.385],[103.579,-0.384],[103.605,-0.396],[103.628,-0.388],[103.665,-0.366],[103.694,-0.355],[103.739,-0.346],[103.778,-0.347],[103.786,-0.34],[103.759,-0.3],[103.71,-0.257],[103.692,-0.261],[103.655,-0.246],[103.637,-0.227],[103.57,-0.221]]],[[[103.472,-0.283],[103.52,-0.213],[103.515,-0.201],[103.448,-0.214],[103.407,-0.239],[103.345,-0.251],[103.362,-0.284],[103.379,-0.295],[103.405,-0.292],[103.423,-0.301],[103.445,-0.301],[103.459,-0.31],[103.472,-0.283]]],[[[103.556,-0.175],[103.511,-0.182],[103.514,-0.197],[103.533,-0.205],[103.567,-0.194],[103.556,-0.175]]],[[[103.517,-0.104],[103.514,-0.095],[103.504,-0.086],[103.475,-0.107],[103.493,-0.118],[103.504,-0.105],[103.517,-0.104]]],[[[103.582,-0.077],[103.548,-0.078],[103.517,-0.094],[103.521,-0.103],[103.516,-0.106],[103.507,-0.106],[103.507,-0.119],[103.532,-0.123],[103.585,-0.102],[103.582,-0.077]]],[[[103.67,-0.05],[103.682,-0.041],[103.664,-0.021],[103.641,-0.015],[103.649,-0.044],[103.67,-0.05]]],[[[103.642,-0.03],[103.616,-0.008],[103.6,-0.019],[103.625,-0.044],[103.642,-0.03]]],[[[103.588,0.408],[103.591,0.416],[103.565,0.444],[103.546,0.436],[103.588,0.408]]],[[[103.442,-0.74],[103.423,-0.706],[103.398,-0.705],[103.376,-0.695],[103.329,-0.698],[103.288,-0.706],[103.253,-0.701],[103.236,-0.681],[103.313,-0.664],[103.344,-0.626],[103.374,-0.61],[103.418,-0.6],[103.432,-0.581],[103.437,-0.553],[103.429,-0.531],[103.39,-0.516],[103.377,-0.48],[103.373,-0.439],[103.364,-0.434],[103.324,-0.439],[103.334,-0.41],[103.306,-0.382],[103.319,-0.345],[103.283,-0.326],[103.262,-0.305],[103.246,-0.305],[103.245,-0.288],[103.232,-0.284],[103.227,-0.271],[103.247,-0.264],[103.277,-0.236],[103.319,-0.244],[103.385,-0.231],[103.405,-0.223],[103.462,-0.176],[103.495,-0.158],[103.498,-0.134],[103.471,-0.12],[103.472,-0.104],[103.488,-0.093],[103.481,-0.062],[103.536,-0.08],[103.583,-0.061],[103.597,-0.043],[103.578,-0.029],[103.616,-0.006],[103.679,-0.022],[103.705,-0.022],[103.748,-0.012],[103.807,-0.012],[103.815,0],[103.788,0.056],[103.776,0.101],[103.766,0.185],[103.743,0.251],[103.715,0.297],[103.679,0.326],[103.651,0.339],[103.614,0.347],[103.588,0.392],[103.534,0.44],[103.489,0.462],[103.461,0.489],[103.415,0.523],[103.357,0.537],[103.337,0.485],[103.264,0.452],[103.208,0.408],[103.145,0.34],[103.116,0.325],[103.028,0.301],[103.004,0.291],[102.96,0.257],[102.918,0.219],[102.884,0.177],[102.859,0.153],[102.814,0.126],[102.782,0.117],[102.745,0.114],[102.717,0.105],[102.717,-0.454],[102.707,-0.477],[102.691,-0.469],[102.687,-0.539],[102.663,-0.605],[102.667,-0.672],[102.645,-0.69],[102.639,-0.716],[102.639,-0.806],[102.626,-0.827],[102.591,-0.858],[102.576,-0.889],[102.567,-0.937],[102.563,-1.02],[102.555,-1.09],[102.617,-1.095],[102.642,-1.121],[102.65,-1.119],[102.672,-1.11],[102.675,-1.096],[102.735,-1.072],[102.733,-1.054],[102.771,-1.034],[102.774,-1.014],[102.825,-0.96],[102.883,-0.913],[102.928,-0.867],[103.012,-0.755],[103.093,-0.758],[103.122,-0.747],[103.345,-0.793],[103.357,-0.807],[103.44,-0.771],[103.442,-0.74]]]]},"properties":{"name":"Indragiri Hilir"}},
{"type":"Feature","geometry":{"type":"Polygon","coordinates":[[[102.717,0.105],[102.593,0.101],[102.566,0.093],[102.538,0.075],[102.515,0.049],[102.496,0.012],[102.485,-0.069],[102.475,-0.098],[102.433,-0.147],[102.407,-0.166],[102.368,-0.179],[102.301,-0.174],[102.253,-0.166],[102.225,-0.166],[102.195,-0.18],[102.179,-0.212],[102.174,-0.247],[102.15,-0.27],[102.097,-0.276],[102.047,-0.312],[102.019,-0.35],[101.97,-0.4],[101.951,-0.408],[101.893,-0.396],[101.89,-0.425],[101.908,-0.468],[101.912,-0.504],[101.906,-0.538],[101.885,-0.573],[101.806,-0.66],[101.807,-0.675],[101.793,-0.709],[101.785,-0.78],[101.777,-0.794],[101.786,-0.814],[101.783,-0.843],[101.84,-0.88],[101.853,-0.922],[101.882,-0.909],[101.896,-0.891],[101.915,-0.883],[101.928,-0.905],[101.947,-0.9],[101.959,-0.91],[101.984,-0.88],[102.008,-0.879],[102.048,-0.897],[102.062,-0.89],[102.117,-0.921],[102.139,-0.899],[102.167,-0.906],[102.189,-0.923],[102.188,-0.942],[102.219,-0.945],[102.254,-0.922],[102.307,-0.917],[102.33,-0.966],[102.358,-0.97],[102.386,-0.993],[102.375,-1.006],[102.382,-1.027],[102.443,-1.025],[102.47,-1.058],[102.482,-1.08],[102.517,-1.08],[102.555,-1.09],[102.563,-1.02],[102.567,-0.937],[102.576,-0.889],[102.591,-0.858],[102.626,-0.827],[102.639,-0.806],[102.639,-0.716],[102.645,-0.69],[102.667,-0.672],[102.663,-0.605],[102.687,-0.539],[102.691,-0.469],[102.707,-0.477],[102.717,-0.454],[102.717,0.105]]]},"properties":{"name":"Indragiri Hulu"}},
{"type":"Feature","geometry":{"type":"Polygon","coordinates":[[[108.539,-6.516],[108.535,-6.481],[108.494,-6.464],[108.448,-6.431],[108.385,-6.358],[108.373,-6.332],[108.372,-6.305],[108.361,-6.258],[108.286,-6.248],[108.256,-6.249],[108.212,-6.236],[108.202,-6.242],[108.21,-6.274],[108.198,-6.279],[108.158,-6.315],[108.121,-6.329],[108.098,-6.328],[108.031,-6.307],[108.004,-6.287],[107.949,-6.257],[107.924,-6.252],[107.922,-6.311],[107.93,-6.319],[107.917,-6.348],[107.924,-6.36],[107.898,-6.39],[107.891,-6.41],[107.897,-6.426],[107.89,-6.455],[107.92,-6.509],[107.909,-6.539],[107.881,-6.567],[107.856,-6.579],[107.904,-6.593],[107.94,-6.626],[107.97,-6.639],[107.989,-6.67],[108.025,-6.67],[108.043,-6.639],[108.068,-6.613],[108.073,-6.579],[108.128,-6.544],[108.142,-6.565],[108.149,-6.606],[108.185,-6.611],[108.21,-6.573],[108.276,-6.591],[108.275,-6.617],[108.289,-6.622],[108.323,-6.621],[108.331,-6.594],[108.354,-6.576],[108.361,-6.555],[108.438,-6.522],[108.449,-6.537],[108.448,-6.571],[108.468,-6.57],[108.491,-6.545],[108.539,-6.516]]]},"properties":{"name":"Indramayu"}},
{"type":"Feature","geometry":{"type":"Polygon","coordinates":[[[136.882,-3.241],[136.834,-3.27],[136.83,-3.281],[136.788,-3.266],[136.746,-3.282],[136.723,-3.28],[136.714,-3.269],[136.691,-3.268],[136.67,-3.258],[136.647,-3.258],[136.626,-3.237],[136.569,-3.251],[136.537,-3.227],[136.509,-3.233],[136.487,-3.227],[136.456,-3.189],[136.441,-3.158],[136.442,-3.113],[136.435,-3.085],[136.408,-3.072],[136.385,-3.05],[136.355,-3.032],[136.343,-2.98],[136.352,-2.942],[136.336,-2.94],[136.33,-2.919],[136.3,-2.912],[136.305,-2.952],[136.297,-2.974],[136.307,-3.004],[136.323,-3.019],[136.334,-3.051],[136.329,-3.067],[136.336,-3.099],[136.314,-3.133],[136.321,-3.164],[136.356,-3.187],[136.379,-3.236],[136.381,-3.266],[136.391,-3.279],[136.394,-3.313],[136.392,-3.352],[136.344,-3.377],[136.39,-3.441],[136.442,-3.526],[136.514,-3.632],[136.538,-3.661],[136.63,-3.745],[136.727,-3.843],[136.727,-3.905],[137.1,-3.907],[137.189,-3.909],[137.172,-3.877],[137.126,-3.818],[137.106,-3.751],[137.109,-3.721],[137.127,-3.673],[137.144,-3.598],[137.105,-3.586],[137.08,-3.591],[137.024,-3.552],[137.024,-3.502],[136.984,-3.486],[136.979,-3.417],[136.956,-3.413],[136.95,-3.336],[136.916,-3.309],[136.882,-3.241]]]},"properties":{"name":"Intan Jaya"}},
{"type":"Feature","geometry":{"type":"Polygon","coordinates":[[[140.653,-2.476],[140.634,-2.468],[140.609,-2.44],[140.597,-2.455],[140.544,-2.449],[140.529,-2.43],[140.502,-2.443],[140.479,-2.429],[140.461,-2.432],[140.443,-2.42],[140.413,-2.414],[140.386,-2.4],[140.356,-2.403],[140.376,-2.432],[140.364,-2.455],[140.34,-2.462],[140.335,-2.448],[140.305,-2.445],[140.296,-2.432],[140.266,-2.424],[140.249,-2.399],[140.228,-2.415],[140.208,-2.408],[140.189,-2.38],[140.152,-2.37],[140.157,-2.358],[140.115,-2.337],[140.111,-2.319],[140.083,-2.33],[140.08,-2.349],[140.058,-2.36],[140,-2.362],[139.983,-2.404],[139.984,-2.43],[139.789,-2.408],[139.747,-2.402],[139.616,-2.431],[139.441,-2.466],[139.423,-2.471],[139.431,-2.536],[139.433,-2.591],[139.443,-2.679],[139.464,-2.844],[139.493,-3.096],[139.497,-3.12],[139.511,-3.134],[139.499,-3.16],[139.477,-3.168],[139.492,-3.208],[139.497,-3.283],[139.513,-3.307],[139.496,-3.336],[139.496,-3.358],[139.47,-3.399],[139.474,-3.415],[139.443,-3.429],[139.461,-3.458],[139.476,-3.458],[139.487,-3.476],[139.481,-3.502],[139.505,-3.494],[139.506,-3.519],[139.545,-3.537],[139.561,-3.533],[139.578,-3.51],[139.597,-3.497],[139.615,-3.508],[139.585,-3.533],[139.596,-3.55],[139.625,-3.555],[139.653,-3.529],[139.675,-3.535],[139.688,-3.529],[139.703,-3.541],[139.713,-3.522],[139.739,-3.55],[139.785,-3.567],[139.804,-3.564],[139.845,-3.589],[139.862,-3.583],[139.894,-3.621],[139.917,-3.624],[139.961,-3.609],[139.959,-3.632],[139.983,-3.656],[140.006,-3.65],[140.019,-3.636],[140.034,-3.648],[140.041,-3.671],[140.066,-3.648],[140.076,-3.67],[140.118,-3.683],[140.134,-3.696],[140.163,-3.707],[140.207,-3.712],[140.315,-3.739],[140.333,-3.747],[140.352,-3.738],[140.382,-3.737],[140.386,-3.72],[140.362,-3.709],[140.365,-3.683],[140.395,-3.624],[140.378,-3.564],[140.374,-3.533],[140.379,-3.514],[140.366,-3.494],[140.345,-3.49],[140.366,-3.453],[140.362,-3.418],[140.349,-3.401],[140.371,-3.374],[140.347,-3.356],[140.306,-3.308],[140.317,-3.299],[140.32,-3.26],[140.332,-3.244],[140.337,-3.209],[140.319,-3.194],[140.326,-3.177],[140.342,-3.177],[140.368,-3.151],[140.357,-3.126],[140.364,-3],[140.36,-2.805],[140.388,-2.77],[140.438,-2.776],[140.477,-2.751],[140.493,-2.756],[140.502,-2.773],[140.532,-2.776],[140.567,-2.761],[140.586,-2.762],[140.613,-2.776],[140.625,-2.758],[140.62,-2.744],[140.632,-2.716],[140.627,-2.704],[140.621,-2.615],[140.626,-2.583],[140.625,-2.532],[140.653,-2.476]]]},"properties":{"name":"Jayapura"}},
{"type":"Feature","geometry":{"type":"Polygon","coordinates":[[[138.978,-3.923],[138.943,-3.904],[138.919,-3.9],[138.894,-3.86],[138.902,-3.803],[138.805,-3.76],[138.784,-3.823],[138.714,-3.788],[138.642,-3.781],[138.611,-3.784],[138.602,-3.846],[138.658,-3.843],[138.718,-3.849],[138.708,-3.888],[138.728,-3.912],[138.704,-3.946],[138.677,-3.969],[138.648,-4.027],[138.634,-4.077],[138.615,-4.096],[138.599,-4.141],[138.64,-4.138],[138.68,-4.149],[138.726,-4.173],[138.705,-4.193],[138.66,-4.244],[138.629,-4.288],[138.61,-4.329],[138.609,-4.352],[138.594,-4.379],[138.593,-4.402],[138.601,-4.437],[138.623,-4.486],[138.72,-4.472],[138.715,-4.442],[138.709,-4.329],[138.839,-4.267],[138.899,-4.252],[139.014,-4.205],[139.048,-4.193],[139.162,-4.162],[139.362,-4.114],[139.349,-4.089],[139.291,-4.048],[139.247,-4.012],[139.205,-4.01],[139.147,-4.018],[139.025,-4.043],[138.98,-3.941],[138.978,-3.923]]]},"properties":{"name":"Jayawijaya"}},
{"type":"Feature","geometry":{"type":"MultiPolygon","coordinates":[[[[113.301,-8.447],[113.274,-8.464],[113.262,-8.487],[113.27,-8.496],[113.307,-8.509],[113.341,-8.501],[113.364,-8.502],[113.41,-8.491],[113.41,-8.467],[113.397,-8.455],[113.371,-8.459],[113.353,-8.449],[113.317,-8.453],[113.301,-8.447]]],[[[114.043,-8.134],[114.035,-8.129],[114.028,-8.095],[114.009,-8.075],[113.962,-8.056],[113.919,-8.025],[113.886,-8.015],[113.885,-8.03],[113.854,-8.046],[113.813,-8.046],[113.806,-8.056],[113.782,-8.05],[113.773,-8.039],[113.752,-8.061],[113.726,-8.024],[113.709,-8.012],[113.687,-8.012],[113.672,-7.987],[113.671,-7.968],[113.644,-7.973],[113.62,-7.988],[113.604,-7.981],[113.561,-7.987],[113.528,-8.013],[113.494,-8.005],[113.471,-8.022],[113.444,-8.024],[113.425,-8.011],[113.406,-8.009],[113.363,-8.028],[113.349,-8.055],[113.367,-8.086],[113.362,-8.101],[113.377,-8.136],[113.379,-8.158],[113.366,-8.168],[113.368,-8.185],[113.349,-8.207],[113.333,-8.208],[113.313,-8.229],[113.32,-8.266],[113.303,-8.307],[113.329,-8.322],[113.358,-8.35],[113.388,-8.4],[113.432,-8.379],[113.473,-8.384],[113.479,-8.41],[113.527,-8.431],[113.57,-8.426],[113.587,-8.443],[113.601,-8.436],[113.638,-8.455],[113.646,-8.495],[113.695,-8.496],[113.708,-8.482],[113.722,-8.497],[113.71,-8.523],[113.754,-8.52],[113.789,-8.49],[113.808,-8.496],[113.807,-8.526],[113.816,-8.546],[113.837,-8.554],[113.855,-8.515],[113.843,-8.503],[113.855,-8.43],[113.89,-8.41],[113.91,-8.442],[113.932,-8.425],[113.944,-8.397],[113.924,-8.384],[113.913,-8.34],[113.928,-8.32],[113.92,-8.308],[113.934,-8.281],[113.934,-8.255],[113.959,-8.243],[113.968,-8.221],[113.957,-8.206],[113.971,-8.19],[113.991,-8.183],[114.023,-8.141],[114.043,-8.134]]]]},"properties":{"name":"Jember"}},
{"type":"Feature","geometry":{"type":"Polygon","coordinates":[[[114.458,-8.173],[114.433,-8.165],[114.448,-8.219],[114.469,-8.245],[114.484,-8.276],[114.521,-8.312],[114.529,-8.339],[114.575,-8.384],[114.582,-8.398],[114.623,-8.407],[114.687,-8.398],[114.731,-8.396],[114.8,-8.413],[114.825,-8.435],[114.885,-8.451],[114.916,-8.468],[114.927,-8.448],[114.924,-8.422],[114.937,-8.392],[114.932,-8.383],[114.903,-8.375],[114.896,-8.357],[114.87,-8.337],[114.858,-8.342],[114.824,-8.333],[114.808,-8.252],[114.776,-8.263],[114.756,-8.232],[114.701,-8.199],[114.674,-8.223],[114.652,-8.226],[114.633,-8.213],[114.621,-8.19],[114.59,-8.173],[114.553,-8.198],[114.532,-8.191],[114.51,-8.205],[114.494,-8.194],[114.459,-8.194],[114.458,-8.173]]]},"properties":{"name":"Jembrana"}},
{"type":"Feature","geometry":{"type":"Polygon","coordinates":[[[119.937,-5.387],[119.908,-5.42],[119.874,-5.432],[119.837,-5.481],[119.833,-5.504],[119.818,-5.517],[119.816,-5.535],[119.782,-5.567],[119.73,-5.561],[119.707,-5.545],[119.699,-5.501],[119.665,-5.508],[119.648,-5.453],[119.636,-5.431],[119.573,-5.447],[119.53,-5.432],[119.506,-5.457],[119.522,-5.485],[119.487,-5.492],[119.487,-5.511],[119.511,-5.537],[119.51,-5.565],[119.55,-5.604],[119.547,-5.638],[119.575,-5.658],[119.588,-5.646],[119.594,-5.618],[119.65,-5.628],[119.66,-5.648],[119.641,-5.66],[119.647,-5.682],[119.705,-5.703],[119.739,-5.698],[119.764,-5.703],[119.794,-5.701],[119.822,-5.673],[119.839,-5.673],[119.854,-5.656],[119.84,-5.635],[119.861,-5.627],[119.867,-5.609],[119.895,-5.594],[119.907,-5.577],[119.898,-5.557],[119.856,-5.554],[119.873,-5.519],[119.88,-5.491],[119.923,-5.435],[119.937,-5.408],[119.937,-5.387]]]},"properties":{"name":"Jeneponto"}},
{"type":"Feature","geometry":{"type":"MultiPolygon","coordinates":[[[[110.759,-6.792],[110.768,-6.77],[110.815,-6.749],[110.825,-6.736],[110.82,-6.709],[110.833,-6.689],[110.847,-6.652],[110.859,-6.647],[110.86,-6.623],[110.902,-6.624],[110.912,-6.601],[110.908,-6.561],[110.914,-6.529],[110.913,-6.5],[110.929,-6.496],[110.969,-6.464],[110.975,-6.41],[110.955,-6.414],[110.92,-6.406],[110.885,-6.409],[110.836,-6.408],[110.811,-6.427],[110.785,-6.426],[110.756,-6.442],[110.736,-6.443],[110.714,-6.459],[110.692,-6.496],[110.677,-6.496],[110.682,-6.528],[110.653,-6.554],[110.662,-6.574],[110.654,-6.609],[110.638,-6.619],[110.646,-6.653],[110.626,-6.691],[110.592,-6.724],[110.621,-6.709],[110.664,-6.717],[110.667,-6.765],[110.694,-6.775],[110.704,-6.794],[110.721,-6.788],[110.759,-6.792]]],[[[110.484,-5.77],[110.464,-5.795],[110.445,-5.834],[110.417,-5.843],[110.446,-5.876],[110.473,-5.849],[110.49,-5.822],[110.476,-5.787],[110.484,-5.77]]]]},"properties":{"name":"Jepara"}},
{"type":"Feature","geometry":{"type":"Polygon","coordinates":[[[112.069,-7.397],[112.063,-7.417],[112.081,-7.452],[112.084,-7.475],[112.123,-7.455],[112.157,-7.466],[112.169,-7.49],[112.152,-7.504],[112.151,-7.529],[112.134,-7.535],[112.112,-7.565],[112.112,-7.591],[112.122,-7.607],[112.166,-7.613],[112.183,-7.641],[112.218,-7.676],[112.222,-7.692],[112.255,-7.727],[112.302,-7.727],[112.349,-7.749],[112.361,-7.761],[112.397,-7.776],[112.422,-7.767],[112.456,-7.779],[112.447,-7.759],[112.43,-7.7],[112.412,-7.674],[112.404,-7.623],[112.376,-7.594],[112.367,-7.554],[112.374,-7.525],[112.374,-7.487],[112.39,-7.479],[112.398,-7.458],[112.351,-7.455],[112.338,-7.447],[112.348,-7.399],[112.337,-7.38],[112.346,-7.345],[112.329,-7.344],[112.29,-7.359],[112.25,-7.363],[112.211,-7.349],[112.17,-7.357],[112.107,-7.384],[112.082,-7.383],[112.069,-7.397]]]},"properties":{"name":"Jombang"}},
{"type":"Feature","geometry":{"type":"MultiPolygon","coordinates":[[[[133.221,-4.112],[133.207,-4.098],[133.191,-4.156],[133.206,-4.162],[133.21,-4.182],[133.228,-4.192],[133.229,-4.207],[133.257,-4.213],[133.269,-4.236],[133.288,-4.252],[133.328,-4.254],[133.347,-4.235],[133.342,-4.205],[133.291,-4.19],[133.231,-4.135],[133.221,-4.112]]],[[[134.262,-4.037],[134.258,-4.014],[134.23,-3.997],[134.231,-4.027],[134.262,-4.037]]],[[[134.391,-3.985],[134.38,-4.019],[134.432,-4.025],[134.413,-3.995],[134.391,-3.985]]],[[[134.101,-3.914],[134.067,-3.92],[134.065,-3.94],[134.086,-3.981],[134.127,-3.996],[134.181,-4.008],[134.166,-3.98],[134.151,-3.969],[134.101,-3.914]]],[[[134.032,-3.817],[134.002,-3.822],[134.009,-3.85],[134.043,-3.843],[134.051,-3.827],[134.032,-3.817]]],[[[133.889,-3.731],[133.873,-3.748],[133.887,-3.783],[133.898,-3.834],[133.923,-3.868],[133.932,-3.861],[133.926,-3.834],[133.904,-3.787],[133.901,-3.744],[133.889,-3.731]]],[[[133.774,-3.055],[133.767,-3.08],[133.783,-3.104],[133.799,-3.102],[133.783,-3.056],[133.774,-3.055]]],[[[135.203,-3.82],[135.258,-3.752],[135.164,-3.727],[135.117,-3.703],[135.001,-3.661],[134.889,-3.631],[134.748,-3.58],[134.636,-3.543],[134.525,-3.506],[134.487,-3.49],[134.413,-3.474],[134.336,-3.436],[134.251,-3.402],[134.224,-3.35],[134.238,-3.311],[134.279,-3.24],[134.323,-3.185],[134.233,-3.043],[134.205,-2.95],[134.193,-2.903],[134.173,-2.852],[134.133,-2.84],[134.074,-2.869],[133.917,-2.935],[133.865,-2.955],[133.752,-3.009],[133.713,-3.014],[133.678,-3.004],[133.62,-3.051],[133.55,-3.113],[133.514,-3.141],[133.461,-3.196],[133.432,-3.22],[133.396,-3.264],[133.374,-3.28],[133.294,-3.364],[133.22,-3.451],[133.145,-3.555],[133.123,-3.588],[133.035,-3.683],[132.993,-3.72],[132.947,-3.77],[132.882,-3.831],[132.852,-3.867],[132.826,-3.892],[132.851,-3.951],[132.833,-3.96],[132.845,-3.975],[132.849,-4.02],[132.867,-4.033],[132.877,-4.057],[132.867,-4.084],[132.895,-4.112],[132.95,-4.112],[132.95,-4.098],[132.976,-4.071],[133.017,-4.061],[133.065,-4.076],[133.083,-4.072],[133.14,-4.079],[133.155,-4.07],[133.173,-4.039],[133.203,-4.028],[133.231,-3.998],[133.262,-3.996],[133.276,-4.005],[133.321,-4.01],[133.355,-3.976],[133.364,-3.961],[133.41,-3.908],[133.411,-3.876],[133.427,-3.879],[133.466,-3.858],[133.458,-3.825],[133.419,-3.802],[133.415,-3.771],[133.399,-3.74],[133.416,-3.698],[133.46,-3.674],[133.495,-3.628],[133.48,-3.607],[133.501,-3.589],[133.489,-3.561],[133.472,-3.563],[133.422,-3.53],[133.435,-3.512],[133.459,-3.547],[133.492,-3.558],[133.509,-3.591],[133.508,-3.618],[133.555,-3.586],[133.587,-3.574],[133.602,-3.535],[133.598,-3.522],[133.564,-3.479],[133.546,-3.443],[133.565,-3.431],[133.643,-3.415],[133.667,-3.379],[133.671,-3.344],[133.656,-3.236],[133.675,-3.219],[133.67,-3.176],[133.658,-3.123],[133.677,-3.12],[133.692,-3.097],[133.743,-3.034],[133.769,-3.023],[133.802,-3.029],[133.801,-3.014],[133.862,-2.982],[133.868,-3.029],[133.842,-3.025],[133.834,-3.039],[133.839,-3.083],[133.811,-3.121],[133.784,-3.115],[133.779,-3.175],[133.746,-3.173],[133.71,-3.19],[133.709,-3.213],[133.675,-3.231],[133.673,-3.271],[133.691,-3.375],[133.703,-3.406],[133.684,-3.439],[133.661,-3.453],[133.642,-3.452],[133.631,-3.49],[133.652,-3.508],[133.673,-3.546],[133.69,-3.563],[133.692,-3.578],[133.712,-3.608],[133.699,-3.64],[133.696,-3.675],[133.707,-3.676],[133.755,-3.65],[133.787,-3.699],[133.818,-3.731],[133.823,-3.719],[133.796,-3.652],[133.79,-3.643],[133.792,-3.606],[133.822,-3.569],[133.84,-3.559],[133.847,-3.601],[133.847,-3.638],[133.866,-3.66],[133.887,-3.672],[133.911,-3.704],[133.921,-3.756],[133.917,-3.785],[133.937,-3.834],[133.959,-3.856],[133.978,-3.849],[134.007,-3.81],[134.043,-3.785],[134.063,-3.822],[134.121,-3.792],[134.103,-3.77],[134.114,-3.752],[134.135,-3.75],[134.175,-3.777],[134.177,-3.812],[134.195,-3.831],[134.15,-3.871],[134.107,-3.894],[134.126,-3.904],[134.154,-3.897],[134.184,-3.946],[134.198,-3.961],[134.24,-3.98],[134.255,-3.98],[134.275,-3.998],[134.292,-4.024],[134.291,-4.041],[134.318,-4.043],[134.335,-4.018],[134.322,-4.004],[134.294,-3.958],[134.348,-3.963],[134.361,-3.945],[134.351,-3.918],[134.352,-3.893],[134.411,-3.92],[134.44,-3.917],[134.456,-3.946],[134.477,-3.966],[134.474,-4.002],[134.504,-4.014],[134.496,-4.025],[134.511,-4.041],[134.532,-4.036],[134.574,-3.997],[134.606,-3.996],[134.625,-3.95],[134.645,-3.944],[134.673,-3.917],[134.705,-3.917],[134.736,-3.936],[134.748,-3.919],[134.766,-3.914],[134.801,-3.931],[134.857,-3.937],[134.874,-3.947],[134.883,-3.93],[134.905,-3.936],[134.91,-3.96],[134.95,-3.951],[134.946,-3.979],[134.921,-3.983],[134.89,-3.972],[134.867,-3.973],[134.856,-3.948],[134.832,-3.951],[134.805,-3.939],[134.761,-3.93],[134.724,-3.957],[134.683,-3.966],[134.657,-3.983],[134.668,-4.01],[134.663,-4.034],[134.701,-4.068],[134.648,-4.082],[134.635,-4.092],[134.63,-4.121],[134.648,-4.135],[134.698,-4.141],[134.716,-4.158],[134.719,-4.198],[134.759,-4.206],[134.773,-4.228],[134.799,-4.236],[134.828,-4.255],[134.87,-4.251],[134.89,-4.222],[134.923,-4.183],[135.002,-4.106],[135.047,-4.045],[135.139,-3.905],[135.203,-3.82]]]]},"properties":{"name":"Kaimana"}},
{"type":"Feature","geometry":{"type":"Polygon","coordinates":[[[100.745,0.87],[100.745,0.848],[100.703,0.832],[100.68,0.813],[100.635,0.833],[100.613,0.807],[100.678,0.779],[100.657,0.746],[100.595,0.704],[100.616,0.659],[100.641,0.638],[100.652,0.618],[100.723,0.558],[100.772,0.528],[100.793,0.545],[100.809,0.529],[100.841,0.467],[100.839,0.375],[100.815,0.355],[100.803,0.355],[100.76,0.386],[100.743,0.378],[100.72,0.391],[100.682,0.432],[100.641,0.467],[100.609,0.506],[100.572,0.532],[100.541,0.503],[100.53,0.478],[100.512,0.458],[100.498,0.459],[100.465,0.443],[100.448,0.419],[100.435,0.418],[100.465,0.398],[100.482,0.401],[100.499,0.364],[100.534,0.341],[100.532,0.318],[100.564,0.297],[100.594,0.268],[100.63,0.219],[100.649,0.204],[100.682,0.189],[100.695,0.217],[100.701,0.246],[100.732,0.236],[100.765,0.237],[100.773,0.251],[100.8,0.258],[100.819,0.249],[100.841,0.226],[100.843,0.181],[100.849,0.17],[100.835,0.14],[100.82,0.143],[100.788,0.128],[100.781,0.078],[100.801,0.049],[100.832,0.067],[100.85,0.053],[100.844,0.027],[100.848,0],[100.809,-0.03],[100.782,-0.011],[100.745,-0.046],[100.743,-0.072],[100.753,-0.083],[100.769,-0.177],[100.763,-0.212],[100.777,-0.218],[100.802,-0.243],[100.806,-0.271],[100.841,-0.297],[100.845,-0.339],[100.875,-0.339],[100.909,-0.332],[100.917,-0.32],[100.948,-0.311],[100.979,-0.313],[101.006,-0.324],[101.041,-0.363],[101.047,-0.377],[101.119,-0.387],[101.126,-0.356],[101.141,-0.339],[101.142,-0.289],[101.166,-0.256],[101.157,-0.241],[101.202,-0.183],[101.204,-0.147],[101.194,-0.118],[101.223,-0.073],[101.255,-0.042],[101.259,-0.017],[101.28,-0.006],[101.308,-0.043],[101.32,-0.092],[101.349,-0.109],[101.368,-0.149],[101.377,-0.129],[101.391,-0.128],[101.394,-0.099],[101.41,-0.074],[101.451,-0.127],[101.47,-0.129],[101.489,-0.102],[101.525,-0.117],[101.515,-0.038],[101.529,-0.004],[101.534,0.03],[101.569,0.052],[101.576,0.092],[101.571,0.104],[101.58,0.161],[101.592,0.194],[101.578,0.202],[101.565,0.225],[101.581,0.268],[101.682,0.271],[101.68,0.295],[101.659,0.319],[101.681,0.374],[101.639,0.394],[101.614,0.395],[101.591,0.424],[101.574,0.454],[101.567,0.425],[101.529,0.434],[101.477,0.456],[101.447,0.423],[101.427,0.422],[101.392,0.436],[101.363,0.432],[101.35,0.491],[101.363,0.499],[101.363,0.536],[101.375,0.554],[101.329,0.591],[101.334,0.613],[101.375,0.645],[101.378,0.669],[101.323,0.696],[101.311,0.709],[101.323,0.722],[101.335,0.797],[101.299,0.81],[101.273,0.828],[100.907,1.03],[100.772,0.865],[100.759,0.856],[100.745,0.87]]]},"properties":{"name":"Kampar"}},
{"type":"Feature","geometry":{"type":"Polygon","coordinates":[[[114.792,-2.624],[114.759,-2.599],[114.701,-2.568],[114.723,-2.526],[114.743,-2.5],[114.738,-2.471],[114.722,-2.464],[114.703,-2.48],[114.655,-2.56],[114.618,-2.544],[114.599,-2.563],[114.554,-2.546],[114.682,-2.233],[114.716,-2.144],[114.717,-2.098],[114.706,-2.04],[114.679,-2.004],[114.64,-1.975],[114.621,-1.95],[114.618,-1.892],[114.636,-1.813],[114.637,-1.788],[114.622,-1.744],[114.601,-1.706],[114.599,-1.678],[114.615,-1.644],[114.634,-1.619],[114.654,-1.577],[114.675,-1.521],[114.663,-1.412],[114.67,-1.392],[114.668,-1.317],[114.685,-1.297],[114.684,-1.276],[114.701,-1.252],[114.701,-1.21],[114.712,-1.181],[114.711,-1.165],[114.679,-1.139],[114.627,-1.136],[114.573,-1.143],[114.541,-1.138],[114.499,-1.111],[114.48,-1.086],[114.457,-1.035],[114.459,-0.989],[114.502,-0.916],[114.569,-0.858],[114.508,-0.848],[114.459,-0.834],[114.406,-0.833],[114.343,-0.845],[114.27,-0.865],[114.246,-0.867],[114.228,-0.859],[114.184,-0.812],[114.134,-0.783],[114.124,-0.758],[114.108,-0.689],[114.069,-0.586],[114.061,-0.541],[114.029,-0.484],[114.012,-0.416],[113.991,-0.381],[113.973,-0.375],[113.943,-0.386],[113.928,-0.405],[113.929,-0.458],[113.902,-0.469],[113.885,-0.458],[113.826,-0.453],[113.796,-0.433],[113.776,-0.431],[113.776,-0.473],[113.761,-0.484],[113.756,-0.546],[113.737,-0.601],[113.671,-0.679],[113.65,-0.738],[113.679,-0.774],[113.723,-0.888],[113.763,-0.938],[113.851,-0.977],[113.934,-1.003],[113.973,-1.045],[113.977,-1.064],[113.969,-1.112],[113.997,-1.23],[113.995,-1.283],[113.997,-1.362],[114.008,-1.475],[113.994,-1.508],[113.969,-1.542],[113.992,-1.579],[113.99,-1.621],[113.984,-1.65],[113.971,-1.673],[113.981,-1.694],[113.983,-1.75],[113.989,-1.797],[113.999,-1.833],[114.016,-1.869],[114.021,-1.903],[114.033,-1.924],[114.073,-1.966],[114.099,-1.979],[114.117,-2],[114.133,-2.04],[114.137,-2.065],[114.13,-2.101],[114.126,-2.157],[114.134,-2.219],[114.161,-2.248],[114.216,-2.268],[114.252,-2.294],[114.276,-2.332],[114.296,-2.432],[114.318,-2.524],[114.331,-2.637],[114.335,-2.718],[114.348,-2.746],[114.287,-2.793],[114.284,-2.815],[114.291,-2.834],[114.282,-2.849],[114.265,-2.911],[114.223,-2.953],[114.284,-3.043],[114.227,-3.194],[114.204,-3.188],[114.192,-3.216],[114.176,-3.273],[114.132,-3.382],[114.183,-3.393],[114.25,-3.366],[114.255,-3.403],[114.279,-3.419],[114.303,-3.445],[114.347,-3.461],[114.348,-3.436],[114.363,-3.387],[114.349,-3.348],[114.358,-3.322],[114.376,-3.288],[114.431,-3.248],[114.449,-3.21],[114.423,-3.18],[114.444,-3.164],[114.458,-3.143],[114.546,-3.068],[114.528,-3.045],[114.531,-3.023],[114.507,-2.999],[114.546,-2.952],[114.538,-2.927],[114.567,-2.864],[114.599,-2.891],[114.615,-2.885],[114.597,-2.816],[114.665,-2.8],[114.679,-2.782],[114.674,-2.744],[114.693,-2.735],[114.718,-2.74],[114.763,-2.72],[114.771,-2.697],[114.79,-2.677],[114.792,-2.624]]]},"properties":{"name":"Kapuas"}},
{"type":"Feature","geometry":{"type":"Polygon","coordinates":[[[114.205,1.41],[114.141,1.467],[114.104,1.456],[114.078,1.466],[114.047,1.453],[114.009,1.451],[113.996,1.444],[113.975,1.45],[113.955,1.443],[113.938,1.419],[113.913,1.415],[113.876,1.39],[113.849,1.389],[113.815,1.366],[113.83,1.356],[113.83,1.337],[113.804,1.3],[113.786,1.297],[113.735,1.27],[113.703,1.265],[113.69,1.242],[113.657,1.223],[113.627,1.221],[113.626,1.252],[113.597,1.263],[113.583,1.308],[113.56,1.309],[113.537,1.323],[113.466,1.304],[113.454,1.288],[113.428,1.286],[113.398,1.318],[113.37,1.324],[113.357,1.358],[113.328,1.375],[113.307,1.371],[113.268,1.388],[113.25,1.382],[113.232,1.394],[113.212,1.382],[113.181,1.378],[113.16,1.392],[113.144,1.388],[113.121,1.433],[113.096,1.442],[113.057,1.421],[113.044,1.424],[113.019,1.405],[112.975,1.411],[112.975,1.437],[112.986,1.453],[113.041,1.474],[113.032,1.493],[113.068,1.541],[113.034,1.566],[112.99,1.579],[112.985,1.564],[112.958,1.57],[112.933,1.567],[112.916,1.583],[112.884,1.587],[112.866,1.561],[112.813,1.54],[112.775,1.564],[112.75,1.558],[112.735,1.567],[112.677,1.555],[112.662,1.569],[112.633,1.566],[112.609,1.572],[112.544,1.574],[112.501,1.584],[112.486,1.58],[112.465,1.56],[112.446,1.553],[112.444,1.538],[112.386,1.514],[112.374,1.517],[112.352,1.504],[112.329,1.508],[112.289,1.474],[112.26,1.46],[112.227,1.457],[112.204,1.435],[112.212,1.406],[112.232,1.379],[112.224,1.351],[112.202,1.314],[112.179,1.304],[112.171,1.282],[112.174,1.253],[112.158,1.242],[112.165,1.21],[112.149,1.185],[112.143,1.135],[112.061,1.135],[111.995,1.13],[111.935,1.122],[111.927,1.093],[111.902,1.075],[111.887,1.079],[111.876,1.027],[111.859,1.004],[111.819,0.985],[111.813,0.999],[111.777,1],[111.763,1.021],[111.749,1.008],[111.717,1.007],[111.696,1.018],[111.668,1.043],[111.64,1.022],[111.596,1.009],[111.581,0.979],[111.55,0.98],[111.551,0.956],[111.531,0.954],[111.552,0.922],[111.585,0.919],[111.606,0.931],[111.623,0.925],[111.637,0.883],[111.638,0.861],[111.668,0.841],[111.678,0.812],[111.727,0.781],[111.748,0.75],[111.729,0.73],[111.717,0.698],[111.717,0.667],[111.688,0.626],[111.699,0.611],[111.726,0.603],[111.741,0.578],[111.716,0.565],[111.712,0.541],[111.729,0.499],[111.73,0.472],[111.714,0.445],[111.687,0.378],[111.662,0.362],[111.652,0.337],[111.665,0.293],[111.682,0.268],[111.731,0.247],[111.843,0.224],[111.858,0.192],[111.886,0.178],[111.957,0.185],[111.987,0.208],[112.01,0.212],[112.052,0.186],[112.09,0.17],[112.096,0.155],[112.092,0.127],[112.107,0.115],[112.123,0.081],[112.15,0.08],[112.189,0.093],[112.216,0.11],[112.25,0.113],[112.273,0.128],[112.328,0.116],[112.372,0.121],[112.398,0.129],[112.423,0.144],[112.5,0.121],[112.515,0.129],[112.507,0.159],[112.522,0.184],[112.575,0.201],[112.606,0.152],[112.619,0.148],[112.649,0.172],[112.628,0.199],[112.639,0.216],[112.677,0.239],[112.702,0.238],[112.737,0.217],[112.755,0.219],[112.794,0.241],[112.819,0.233],[112.858,0.21],[112.923,0.206],[112.949,0.2],[112.966,0.206],[112.97,0.225],[112.962,0.247],[112.969,0.271],[112.991,0.297],[113.012,0.308],[113.065,0.316],[113.082,0.292],[113.104,0.279],[113.111,0.249],[113.137,0.243],[113.168,0.262],[113.271,0.241],[113.323,0.273],[113.357,0.278],[113.407,0.264],[113.438,0.265],[113.458,0.276],[113.514,0.321],[113.515,0.334],[113.575,0.382],[113.586,0.405],[113.634,0.425],[113.657,0.439],[113.669,0.49],[113.72,0.535],[113.734,0.538],[113.759,0.565],[113.775,0.566],[113.779,0.59],[113.802,0.606],[113.809,0.634],[113.843,0.666],[113.836,0.682],[113.844,0.706],[113.875,0.713],[113.896,0.742],[113.896,0.755],[113.874,0.78],[113.91,0.812],[113.926,0.84],[113.871,0.889],[113.872,0.917],[113.912,0.968],[113.916,1.003],[113.893,1.019],[113.89,1.047],[113.9,1.058],[113.948,1.061],[113.963,1.091],[113.963,1.11],[113.987,1.126],[114.036,1.111],[114.055,1.128],[114.078,1.106],[114.094,1.106],[114.128,1.127],[114.163,1.138],[114.18,1.152],[114.222,1.161],[114.198,1.196],[114.209,1.219],[114.208,1.236],[114.187,1.269],[114.196,1.299],[114.209,1.31],[114.206,1.347],[114.169,1.37],[114.179,1.395],[114.198,1.397],[114.205,1.41]]]},"properties":{"name":"Kapuas Hulu"}},
{"type":"Feature","geometry":{"type":"Polygon","coordinates":[[[115.402,-8.463],[115.41,-8.487],[115.413,-8.525],[115.463,-8.504],[115.477,-8.52],[115.48,-8.551],[115.509,-8.541],[115.509,-8.513],[115.538,-8.5],[115.581,-8.515],[115.61,-8.503],[115.634,-8.462],[115.689,-8.432],[115.711,-8.4],[115.71,-8.378],[115.698,-8.358],[115.657,-8.335],[115.629,-8.325],[115.618,-8.3],[115.595,-8.279],[115.56,-8.233],[115.509,-8.205],[115.484,-8.18],[115.457,-8.167],[115.436,-8.181],[115.454,-8.198],[115.438,-8.218],[115.449,-8.252],[115.432,-8.276],[115.411,-8.338],[115.396,-8.362],[115.417,-8.404],[115.415,-8.434],[115.402,-8.463]]]},"properties":{"name":"Karang Asem"}},
{"type":"Feature","geometry":{"type":"MultiPolygon","coordinates":[[[[110.713,-7.542],[110.726,-7.538],[110.771,-7.545],[110.796,-7.549],[110.801,-7.534],[110.781,-7.524],[110.709,-7.532],[110.713,-7.542]]],[[[110.816,-7.523],[110.855,-7.535],[110.867,-7.557],[110.861,-7.567],[110.912,-7.584],[110.905,-7.613],[110.945,-7.62],[110.948,-7.67],[110.954,-7.683],[110.941,-7.74],[110.959,-7.734],[110.975,-7.754],[111.003,-7.766],[111.07,-7.757],[111.113,-7.747],[111.138,-7.72],[111.182,-7.712],[111.192,-7.673],[111.188,-7.656],[111.194,-7.62],[111.169,-7.59],[111.153,-7.563],[111.148,-7.525],[111.13,-7.514],[111.111,-7.531],[111.081,-7.528],[111.079,-7.499],[111.04,-7.511],[111.049,-7.537],[111.009,-7.529],[110.952,-7.5],[110.883,-7.492],[110.841,-7.46],[110.805,-7.459],[110.806,-7.491],[110.816,-7.523]]]]},"properties":{"name":"Karanganyar"}},
{"type":"Feature","geometry":{"type":"Polygon","coordinates":[[[107.172,-6.482],[107.165,-6.501],[107.179,-6.552],[107.193,-6.578],[107.221,-6.591],[107.25,-6.573],[107.273,-6.536],[107.284,-6.53],[107.285,-6.505],[107.328,-6.484],[107.35,-6.486],[107.372,-6.474],[107.433,-6.46],[107.461,-6.427],[107.478,-6.432],[107.503,-6.408],[107.529,-6.418],[107.538,-6.387],[107.558,-6.365],[107.579,-6.322],[107.582,-6.261],[107.622,-6.222],[107.644,-6.215],[107.621,-6.187],[107.58,-6.187],[107.541,-6.178],[107.476,-6.15],[107.449,-6.108],[107.432,-6.091],[107.403,-6.037],[107.367,-5.992],[107.343,-5.97],[107.306,-5.958],[107.265,-5.961],[107.227,-5.976],[107.168,-5.989],[107.134,-5.976],[107.098,-5.94],[107.097,-5.961],[107.084,-5.991],[107.095,-6.022],[107.134,-6.063],[107.16,-6.068],[107.189,-6.089],[107.222,-6.104],[107.248,-6.104],[107.269,-6.116],[107.284,-6.137],[107.279,-6.171],[107.296,-6.201],[107.274,-6.234],[107.276,-6.267],[107.235,-6.307],[107.219,-6.331],[107.223,-6.352],[107.206,-6.369],[107.221,-6.384],[107.221,-6.408],[107.204,-6.426],[107.217,-6.461],[107.182,-6.468],[107.172,-6.482]]]},"properties":{"name":"Karawang"}},
{"type":"Feature","geometry":{"type":"MultiPolygon","coordinates":[[[[103.599,0.531],[103.597,0.496],[103.624,0.506],[103.599,0.531]]],[[[103.677,0.635],[103.675,0.613],[103.7,0.609],[103.705,0.62],[103.677,0.635]]],[[[103.521,0.691],[103.5,0.689],[103.482,0.671],[103.462,0.622],[103.49,0.624],[103.516,0.666],[103.521,0.691]]],[[[103.745,0.736],[103.712,0.725],[103.694,0.71],[103.722,0.688],[103.745,0.736]]],[[[103.54,0.794],[103.531,0.776],[103.544,0.755],[103.554,0.785],[103.54,0.794]]],[[[103.668,0.83],[103.661,0.827],[103.703,0.756],[103.729,0.766],[103.709,0.788],[103.704,0.803],[103.68,0.812],[103.668,0.83]]],[[[103.917,0.817],[103.905,0.817],[103.896,0.802],[103.888,0.796],[103.933,0.767],[103.941,0.787],[103.917,0.817]]],[[[103.41,0.885],[103.414,0.847],[103.439,0.83],[103.476,0.821],[103.487,0.8],[103.526,0.766],[103.532,0.801],[103.494,0.845],[103.472,0.857],[103.453,0.856],[103.41,0.885]]],[[[103.753,0.882],[103.732,0.881],[103.721,0.851],[103.76,0.804],[103.785,0.793],[103.801,0.778],[103.836,0.77],[103.834,0.811],[103.809,0.845],[103.784,0.871],[103.753,0.882]]],[[[103.378,0.895],[103.366,0.856],[103.354,0.844],[103.349,0.811],[103.352,0.741],[103.368,0.712],[103.401,0.671],[103.4,0.649],[103.432,0.637],[103.457,0.638],[103.504,0.718],[103.513,0.744],[103.509,0.763],[103.472,0.809],[103.441,0.823],[103.411,0.845],[103.409,0.877],[103.378,0.895]]],[[[103.823,0.892],[103.815,0.883],[103.832,0.843],[103.865,0.818],[103.879,0.801],[103.894,0.802],[103.905,0.819],[103.902,0.85],[103.863,0.881],[103.823,0.892]]],[[[103.438,0.925],[103.405,0.903],[103.426,0.877],[103.453,0.86],[103.487,0.855],[103.475,0.914],[103.438,0.925]]],[[[103.527,0.868],[103.527,0.879],[103.506,0.916],[103.49,0.926],[103.486,0.899],[103.504,0.861],[103.527,0.868]]],[[[103.417,0.95],[103.412,0.92],[103.439,0.932],[103.417,0.95]]],[[[103.445,0.962],[103.439,0.941],[103.478,0.924],[103.474,0.95],[103.445,0.962]]],[[[103.375,1.137],[103.328,1.112],[103.327,1.097],[103.31,1.077],[103.312,1.056],[103.331,1.018],[103.355,1.004],[103.386,1.007],[103.395,0.992],[103.446,0.995],[103.432,1.013],[103.418,1.046],[103.4,1.052],[103.382,1.087],[103.39,1.12],[103.375,1.137]]],[[[103.39,1.165],[103.38,1.155],[103.398,1.132],[103.411,1.139],[103.39,1.165]]]]},"properties":{"name":"Karimun"}},
{"type":"Feature","geometry":{"type":"Polygon","coordinates":[[[97.983,3.087],[98.032,3.078],[98.028,3.106],[98.036,3.124],[98.053,3.119],[98.068,3.103],[98.077,3.075],[98.098,3.071],[98.109,3.055],[98.139,3.048],[98.174,3.08],[98.198,3.046],[98.192,3.021],[98.196,2.994],[98.222,2.952],[98.249,2.931],[98.269,2.954],[98.311,2.971],[98.344,2.966],[98.369,2.932],[98.429,2.917],[98.44,2.89],[98.49,2.869],[98.521,2.875],[98.52,2.896],[98.549,2.891],[98.533,2.905],[98.535,2.928],[98.554,2.969],[98.549,2.978],[98.556,3.027],[98.586,3.062],[98.584,3.08],[98.605,3.104],[98.622,3.105],[98.624,3.132],[98.603,3.158],[98.601,3.177],[98.627,3.222],[98.622,3.232],[98.588,3.219],[98.562,3.201],[98.537,3.238],[98.514,3.244],[98.488,3.227],[98.466,3.23],[98.445,3.247],[98.43,3.236],[98.399,3.25],[98.398,3.263],[98.351,3.288],[98.361,3.251],[98.357,3.229],[98.34,3.219],[98.298,3.229],[98.285,3.255],[98.259,3.25],[98.223,3.271],[98.167,3.28],[98.141,3.266],[98.117,3.271],[98.099,3.314],[98.08,3.32],[98.056,3.316],[98.029,3.331],[98.021,3.303],[97.993,3.282],[97.955,3.284],[97.937,3.265],[97.877,3.256],[97.882,3.238],[97.917,3.231],[97.94,3.194],[97.938,3.164],[97.969,3.143],[97.981,3.119],[97.983,3.087]]]},"properties":{"name":"Karo"}},
{"type":"Feature","geometry":{"type":"MultiPolygon","coordinates":[[[[113.402,-3.259],[113.396,-3.25],[113.359,-3.277],[113.366,-3.302],[113.384,-3.295],[113.405,-3.27],[113.402,-3.259]]],[[[113.219,-0.506],[113.178,-0.469],[113.156,-0.47],[113.15,-0.449],[113.129,-0.457],[113.113,-0.475],[113.115,-0.496],[113.084,-0.495],[113.059,-0.509],[113.03,-0.478],[113.015,-0.495],[112.994,-0.491],[112.978,-0.511],[112.936,-0.523],[112.917,-0.521],[112.845,-0.562],[112.836,-0.577],[112.787,-0.585],[112.773,-0.573],[112.745,-0.572],[112.73,-0.587],[112.733,-0.633],[112.71,-0.627],[112.687,-0.657],[112.647,-0.658],[112.639,-0.678],[112.619,-0.676],[112.596,-0.688],[112.58,-0.682],[112.567,-0.697],[112.524,-0.693],[112.495,-0.698],[112.46,-0.673],[112.431,-0.671],[112.405,-0.703],[112.357,-0.715],[112.35,-0.705],[112.31,-0.72],[112.295,-0.696],[112.274,-0.647],[112.235,-0.617],[112.21,-0.615],[112.204,-0.633],[112.178,-0.643],[112.175,-0.683],[112.165,-0.69],[112.175,-0.726],[112.152,-0.729],[112.18,-0.776],[112.181,-0.796],[112.17,-0.824],[112.121,-0.924],[112.099,-0.99],[112.113,-1.166],[112.128,-1.313],[112.214,-1.296],[112.289,-1.286],[112.316,-1.274],[112.347,-1.242],[112.393,-1.215],[112.523,-1.195],[112.597,-1.207],[112.647,-1.23],[112.668,-1.255],[112.744,-1.303],[112.802,-1.361],[112.821,-1.39],[112.841,-1.432],[112.855,-1.509],[112.864,-1.593],[112.929,-1.659],[112.931,-1.704],[112.981,-1.705],[113.027,-1.768],[113.097,-1.795],[113.159,-1.838],[113.201,-1.863],[113.192,-1.903],[113.196,-1.926],[113.253,-1.94],[113.28,-1.967],[113.284,-1.999],[113.282,-2.046],[113.262,-2.072],[113.231,-2.103],[113.235,-2.145],[113.245,-2.164],[113.239,-2.203],[113.196,-2.248],[113.175,-2.29],[113.172,-2.322],[113.213,-2.449],[113.203,-2.499],[113.138,-2.606],[113.091,-2.673],[113.081,-2.717],[113.098,-2.8],[113.167,-3.018],[113.157,-3.064],[113.191,-3.095],[113.192,-3.11],[113.291,-3.211],[113.335,-3.273],[113.366,-3.272],[113.393,-3.247],[113.429,-3.235],[113.45,-3.19],[113.509,-3.169],[113.559,-3.161],[113.593,-3.167],[113.613,-3.135],[113.629,-3.133],[113.638,-3.092],[113.639,-3.05],[113.647,-3.002],[113.639,-2.929],[113.618,-2.887],[113.584,-2.837],[113.578,-2.82],[113.577,-2.777],[113.583,-2.741],[113.658,-2.595],[113.682,-2.556],[113.713,-2.489],[113.763,-2.399],[113.767,-2.37],[113.753,-2.333],[113.706,-2.285],[113.695,-2.234],[113.7,-2.158],[113.695,-2.087],[113.683,-2.067],[113.656,-2.037],[113.623,-1.991],[113.614,-1.95],[113.594,-1.919],[113.572,-1.9],[113.534,-1.849],[113.506,-1.823],[113.489,-1.786],[113.489,-1.762],[113.499,-1.738],[113.498,-1.719],[113.484,-1.694],[113.492,-1.658],[113.483,-1.603],[113.435,-1.578],[113.43,-1.561],[113.361,-1.526],[113.339,-1.485],[113.199,-1.284],[113.186,-1.252],[113.187,-1.214],[113.198,-1.184],[113.233,-1.129],[113.229,-1.072],[113.186,-1.025],[113.134,-0.981],[113.092,-0.935],[113.049,-0.925],[113.031,-0.909],[113.02,-0.885],[113.018,-0.844],[113.032,-0.814],[113.076,-0.766],[113.131,-0.692],[113.169,-0.621],[113.206,-0.562],[113.219,-0.506]]]]},"properties":{"name":"Katingan"}},
{"type":"Feature","geometry":{"type":"Polygon","coordinates":[[[103.07,-4.559],[103.12,-4.58],[103.154,-4.601],[103.245,-4.674],[103.257,-4.696],[103.285,-4.712],[103.295,-4.74],[103.311,-4.75],[103.32,-4.771],[103.31,-4.782],[103.335,-4.811],[103.357,-4.797],[103.38,-4.8],[103.405,-4.82],[103.415,-4.841],[103.411,-4.862],[103.426,-4.872],[103.444,-4.862],[103.471,-4.865],[103.52,-4.885],[103.534,-4.908],[103.571,-4.926],[103.593,-4.895],[103.602,-4.868],[103.616,-4.87],[103.637,-4.849],[103.656,-4.848],[103.708,-4.814],[103.718,-4.794],[103.761,-4.775],[103.762,-4.754],[103.733,-4.737],[103.679,-4.717],[103.701,-4.704],[103.695,-4.654],[103.686,-4.634],[103.641,-4.595],[103.597,-4.595],[103.619,-4.571],[103.629,-4.551],[103.618,-4.533],[103.588,-4.523],[103.571,-4.525],[103.55,-4.543],[103.537,-4.564],[103.52,-4.574],[103.485,-4.579],[103.437,-4.531],[103.398,-4.514],[103.424,-4.458],[103.429,-4.405],[103.448,-4.372],[103.468,-4.353],[103.458,-4.333],[103.411,-4.32],[103.376,-4.314],[103.356,-4.3],[103.328,-4.292],[103.305,-4.255],[103.285,-4.257],[103.28,-4.291],[103.229,-4.293],[103.219,-4.307],[103.201,-4.308],[103.197,-4.345],[103.204,-4.375],[103.194,-4.397],[103.168,-4.4],[103.152,-4.425],[103.149,-4.445],[103.104,-4.494],[103.085,-4.528],[103.086,-4.55],[103.07,-4.559]]]},"properties":{"name":"Kaur"}},
{"type":"Feature","geometry":{"type":"MultiPolygon","coordinates":[[[[108.898,-1.535],[108.877,-1.568],[108.864,-1.563],[108.82,-1.571],[108.835,-1.603],[108.84,-1.633],[108.828,-1.639],[108.832,-1.667],[108.858,-1.677],[108.881,-1.673],[108.897,-1.661],[108.921,-1.66],[108.958,-1.639],[108.983,-1.602],[108.953,-1.574],[108.94,-1.552],[108.919,-1.549],[108.898,-1.535]]],[[[109.261,-1.183],[109.227,-1.201],[109.228,-1.22],[109.217,-1.237],[109.243,-1.243],[109.254,-1.224],[109.27,-1.216],[109.261,-1.183]]],[[[109.498,-0.979],[109.488,-0.973],[109.451,-1.031],[109.455,-1.062],[109.449,-1.107],[109.431,-1.186],[109.406,-1.245],[109.38,-1.255],[109.401,-1.277],[109.457,-1.304],[109.503,-1.309],[109.542,-1.273],[109.59,-1.247],[109.642,-1.224],[109.682,-1.214],[109.689,-1.193],[109.777,-1.148],[109.777,-1.13],[109.765,-1.1],[109.77,-1.08],[109.756,-1.022],[109.761,-1.005],[109.738,-1.002],[109.719,-0.99],[109.701,-0.993],[109.687,-1.018],[109.643,-1.012],[109.636,-0.986],[109.596,-0.981],[109.552,-1.003],[109.528,-0.999],[109.498,-0.979]]],[[[110.068,-1.368],[110.161,-1.327],[110.185,-1.325],[110.22,-1.308],[110.271,-1.304],[110.318,-1.262],[110.353,-1.236],[110.381,-1.227],[110.419,-1.226],[110.441,-1.234],[110.447,-1.207],[110.469,-1.149],[110.458,-1.114],[110.432,-1.108],[110.404,-1.059],[110.376,-0.958],[110.364,-0.904],[110.353,-0.874],[110.282,-0.874],[110.234,-0.866],[110.191,-0.843],[110.138,-0.798],[110.098,-0.776],[110.057,-0.76],[109.972,-0.753],[109.932,-0.752],[109.932,-0.781],[109.894,-0.802],[109.894,-0.822],[109.845,-0.837],[109.828,-0.832],[109.8,-0.842],[109.803,-0.867],[109.78,-0.875],[109.754,-0.895],[109.756,-0.908],[109.727,-0.923],[109.734,-0.953],[109.733,-0.988],[109.754,-0.989],[109.769,-1.003],[109.768,-1.034],[109.775,-1.044],[109.804,-1.049],[109.82,-1.084],[109.863,-1.093],[109.94,-1.124],[109.942,-1.131],[109.907,-1.205],[109.933,-1.224],[109.961,-1.264],[109.964,-1.279],[109.993,-1.274],[110.015,-1.286],[110.057,-1.337],[110.068,-1.368]]]]},"properties":{"name":"Kayong Utara"}},
{"type":"Feature","geometry":{"type":"Polygon","coordinates":[[[109.433,-7.536],[109.433,-7.55],[109.415,-7.57],[109.446,-7.621],[109.415,-7.648],[109.39,-7.65],[109.386,-7.661],[109.395,-7.696],[109.392,-7.726],[109.386,-7.751],[109.413,-7.77],[109.434,-7.774],[109.467,-7.759],[109.57,-7.773],[109.688,-7.797],[109.82,-7.83],[109.829,-7.823],[109.835,-7.773],[109.83,-7.716],[109.8,-7.707],[109.808,-7.671],[109.804,-7.643],[109.815,-7.599],[109.8,-7.612],[109.765,-7.603],[109.741,-7.574],[109.738,-7.535],[109.767,-7.518],[109.752,-7.462],[109.711,-7.483],[109.684,-7.503],[109.639,-7.482],[109.594,-7.513],[109.551,-7.512],[109.526,-7.516],[109.508,-7.509],[109.485,-7.511],[109.468,-7.522],[109.437,-7.527],[109.433,-7.536]]]},"properties":{"name":"Kebumen"}},
{"type":"Feature","geometry":{"type":"Polygon","coordinates":[[[112.307,-7.929],[112.312,-7.905],[112.323,-7.892],[112.319,-7.839],[112.31,-7.834],[112.307,-7.799],[112.288,-7.78],[112.299,-7.769],[112.329,-7.777],[112.349,-7.761],[112.382,-7.785],[112.397,-7.785],[112.422,-7.767],[112.397,-7.776],[112.361,-7.761],[112.349,-7.749],[112.302,-7.727],[112.255,-7.727],[112.222,-7.692],[112.218,-7.676],[112.183,-7.641],[112.166,-7.613],[112.122,-7.607],[112.112,-7.591],[112.098,-7.644],[112.076,-7.679],[112.076,-7.701],[112.063,-7.721],[112.027,-7.726],[112.006,-7.757],[111.988,-7.724],[111.982,-7.684],[111.954,-7.679],[111.928,-7.723],[111.905,-7.736],[111.882,-7.764],[111.843,-7.793],[111.799,-7.837],[111.803,-7.866],[111.83,-7.877],[111.863,-7.908],[111.884,-7.948],[111.931,-7.962],[111.945,-7.954],[111.957,-7.997],[112.019,-8],[112.054,-7.991],[112.091,-7.992],[112.096,-7.97],[112.114,-7.977],[112.18,-7.973],[112.263,-7.944],[112.298,-7.938],[112.307,-7.929]],[[112.001,-7.771],[112.009,-7.79],[112.033,-7.819],[112.058,-7.836],[112.075,-7.837],[112.056,-7.871],[112.022,-7.868],[111.987,-7.83],[111.958,-7.823],[111.956,-7.797],[111.977,-7.794],[112.001,-7.771]]]},"properties":{"name":"Kediri"}},
{"type":"Feature","geometry":{"type":"Polygon","coordinates":[[[140.382,-3.737],[140.409,-3.756],[140.419,-3.821],[140.417,-3.847],[140.431,-3.856],[140.414,-3.886],[140.435,-3.91],[140.448,-3.903],[140.479,-3.918],[140.519,-3.907],[140.582,-3.929],[140.609,-3.945],[140.64,-3.931],[140.651,-3.916],[140.679,-3.907],[140.715,-3.916],[140.731,-3.912],[140.789,-3.94],[140.835,-3.94],[140.865,-3.933],[140.887,-3.941],[140.917,-3.922],[140.962,-3.914],[140.983,-3.915],[141,-3.931],[141,-3.914],[141,-3.428],[141,-2.913],[141,-2.829],[140.938,-2.791],[140.881,-2.767],[140.825,-2.734],[140.758,-2.719],[140.73,-2.707],[140.707,-2.707],[140.69,-2.721],[140.664,-2.726],[140.632,-2.716],[140.62,-2.744],[140.625,-2.758],[140.613,-2.776],[140.586,-2.762],[140.567,-2.761],[140.532,-2.776],[140.502,-2.773],[140.493,-2.756],[140.477,-2.751],[140.438,-2.776],[140.388,-2.77],[140.36,-2.805],[140.364,-3],[140.357,-3.126],[140.368,-3.151],[140.342,-3.177],[140.326,-3.177],[140.319,-3.194],[140.337,-3.209],[140.332,-3.244],[140.32,-3.26],[140.317,-3.299],[140.306,-3.308],[140.347,-3.356],[140.371,-3.374],[140.349,-3.401],[140.362,-3.418],[140.366,-3.453],[140.345,-3.49],[140.366,-3.494],[140.379,-3.514],[140.374,-3.533],[140.378,-3.564],[140.395,-3.624],[140.365,-3.683],[140.362,-3.709],[140.386,-3.72],[140.382,-3.737]]]},"properties":{"name":"Keerom"}},
{"type":"Feature","geometry":{"type":"Polygon","coordinates":[[[109.925,-7.189],[109.934,-7.202],[109.964,-7.191],[109.994,-7.172],[110.018,-7.149],[110.06,-7.119],[110.077,-7.121],[110.11,-7.095],[110.145,-7.101],[110.174,-7.099],[110.19,-7.108],[110.145,-7.125],[110.152,-7.147],[110.185,-7.152],[110.196,-7.175],[110.239,-7.188],[110.259,-7.199],[110.341,-7.194],[110.339,-7.173],[110.349,-7.151],[110.356,-7.107],[110.317,-7.107],[110.305,-7.101],[110.301,-7.065],[110.269,-7.048],[110.275,-7.012],[110.285,-6.983],[110.311,-6.937],[110.308,-6.929],[110.249,-6.907],[110.226,-6.88],[110.219,-6.86],[110.18,-6.848],[110.156,-6.868],[110.107,-6.89],[110.028,-6.911],[110.031,-6.93],[110.046,-6.942],[110.051,-6.98],[110.012,-7.017],[109.974,-7.034],[109.979,-7.078],[109.94,-7.142],[109.94,-7.158],[109.925,-7.189]]]},"properties":{"name":"Kendal"}},
{"type":"Feature","geometry":{"type":"Polygon","coordinates":[[[102.614,-3.8],[102.619,-3.801],[102.642,-3.793],[102.662,-3.772],[102.739,-3.748],[102.738,-3.722],[102.752,-3.667],[102.766,-3.643],[102.798,-3.626],[102.809,-3.609],[102.794,-3.586],[102.811,-3.552],[102.81,-3.53],[102.775,-3.547],[102.751,-3.543],[102.722,-3.553],[102.655,-3.541],[102.625,-3.516],[102.594,-3.526],[102.566,-3.508],[102.533,-3.496],[102.501,-3.501],[102.497,-3.514],[102.466,-3.532],[102.443,-3.528],[102.456,-3.549],[102.479,-3.553],[102.512,-3.586],[102.528,-3.657],[102.577,-3.684],[102.583,-3.74],[102.614,-3.8]]]},"properties":{"name":"Kepahiang"}},
{"type":"Feature","geometry":{"type":"MultiPolygon","coordinates":[[[[106.209,2.809],[106.2,2.79],[106.223,2.767],[106.215,2.748],[106.238,2.734],[106.249,2.751],[106.246,2.776],[106.209,2.809]]],[[[105.699,3.063],[105.698,3.018],[105.684,3],[105.715,2.985],[105.703,2.908],[105.693,2.882],[105.694,2.853],[105.704,2.838],[105.733,2.815],[105.743,2.829],[105.77,2.844],[105.741,2.868],[105.77,2.875],[105.77,2.898],[105.82,2.886],[105.814,2.907],[105.814,2.944],[105.824,2.958],[105.845,2.959],[105.834,2.993],[105.794,2.991],[105.789,2.974],[105.763,2.981],[105.736,2.979],[105.725,2.995],[105.737,3.009],[105.734,3.04],[105.699,3.063]]],[[[105.983,3.087],[105.967,3.071],[105.974,3.029],[105.988,3.045],[105.983,3.087]]],[[[105.701,3.1],[105.712,3.075],[105.726,3.087],[105.701,3.1]]],[[[106.418,3.155],[106.403,3.135],[106.43,3.131],[106.418,3.155]]],[[[106.316,3.159],[106.308,3.158],[106.285,3.125],[106.339,3.12],[106.342,3.135],[106.31,3.144],[106.316,3.159]]],[[[106.235,3.229],[106.209,3.23],[106.197,3.22],[106.208,3.189],[106.204,3.138],[106.211,3.122],[106.237,3.096],[106.26,3.095],[106.278,3.08],[106.287,3.104],[106.276,3.127],[106.292,3.161],[106.278,3.195],[106.235,3.229]]],[[[106.286,3.385],[106.271,3.383],[106.265,3.362],[106.246,3.347],[106.235,3.303],[106.247,3.29],[106.227,3.26],[106.244,3.241],[106.266,3.23],[106.273,3.25],[106.264,3.277],[106.296,3.276],[106.291,3.31],[106.298,3.335],[106.293,3.349],[106.308,3.366],[106.286,3.385]]],[[[106.228,3.394],[106.2,3.376],[106.202,3.346],[106.172,3.333],[106.185,3.302],[106.219,3.297],[106.239,3.344],[106.223,3.359],[106.219,3.377],[106.228,3.394]]]]},"properties":{"name":"Kepulauan Anambas"}},
{"type":"Feature","geometry":{"type":"MultiPolygon","coordinates":[[[[134.502,-7.07],[134.491,-7.062],[134.476,-7.087],[134.518,-7.095],[134.533,-7.072],[134.502,-7.07]]],[[[134.543,-6.75],[134.52,-6.752],[134.513,-6.783],[134.534,-6.777],[134.543,-6.75]]],[[[134.512,-6.716],[134.494,-6.719],[134.478,-6.743],[134.476,-6.761],[134.529,-6.75],[134.512,-6.716]]],[[[134.528,-6.69],[134.509,-6.661],[134.491,-6.705],[134.51,-6.711],[134.528,-6.69]]],[[[134.775,-6.603],[134.756,-6.608],[134.783,-6.642],[134.797,-6.635],[134.775,-6.603]]],[[[134.735,-6.6],[134.709,-6.578],[134.687,-6.592],[134.673,-6.662],[134.645,-6.704],[134.623,-6.757],[134.641,-6.759],[134.654,-6.779],[134.685,-6.775],[134.695,-6.745],[134.714,-6.716],[134.738,-6.701],[134.739,-6.647],[134.761,-6.624],[134.735,-6.6]]],[[[134.589,-6.518],[134.583,-6.509],[134.565,-6.513],[134.549,-6.538],[134.578,-6.546],[134.589,-6.518]]],[[[134.828,-6.482],[134.818,-6.482],[134.795,-6.509],[134.773,-6.511],[134.778,-6.55],[134.803,-6.548],[134.813,-6.562],[134.834,-6.518],[134.849,-6.5],[134.828,-6.482]]],[[[134.584,-6.474],[134.554,-6.486],[134.531,-6.479],[134.528,-6.497],[134.514,-6.529],[134.548,-6.535],[134.554,-6.523],[134.565,-6.512],[134.571,-6.511],[134.582,-6.496],[134.584,-6.474]]],[[[134.628,-6.497],[134.643,-6.462],[134.62,-6.464],[134.587,-6.478],[134.585,-6.496],[134.579,-6.504],[134.598,-6.516],[134.628,-6.497]]],[[[134.726,-6.487],[134.731,-6.474],[134.694,-6.443],[134.685,-6.444],[134.642,-6.475],[134.641,-6.498],[134.656,-6.502],[134.665,-6.521],[134.668,-6.557],[134.683,-6.563],[134.722,-6.543],[134.741,-6.554],[134.765,-6.528],[134.732,-6.474],[134.726,-6.487]]],[[[134.746,-6.432],[134.754,-6.417],[134.755,-6.36],[134.732,-6.382],[134.728,-6.422],[134.746,-6.432]]],[[[134.603,-6.404],[134.596,-6.385],[134.544,-6.362],[134.533,-6.345],[134.521,-6.368],[134.517,-6.371],[134.516,-6.387],[134.519,-6.398],[134.484,-6.454],[134.471,-6.456],[134.481,-6.488],[134.504,-6.495],[134.52,-6.515],[134.531,-6.479],[134.553,-6.485],[134.6,-6.459],[134.612,-6.432],[134.603,-6.404]]],[[[134.326,-6.346],[134.312,-6.308],[134.297,-6.327],[134.301,-6.355],[134.326,-6.346]]],[[[134.833,-6.311],[134.822,-6.297],[134.788,-6.333],[134.788,-6.349],[134.806,-6.352],[134.833,-6.311]]],[[[134.869,-6.282],[134.852,-6.283],[134.844,-6.328],[134.829,-6.339],[134.8,-6.38],[134.809,-6.46],[134.845,-6.477],[134.856,-6.452],[134.853,-6.438],[134.88,-6.379],[134.902,-6.349],[134.909,-6.321],[134.898,-6.296],[134.869,-6.282]]],[[[134.453,-6.274],[134.406,-6.295],[134.365,-6.331],[134.364,-6.346],[134.378,-6.368],[134.368,-6.391],[134.383,-6.401],[134.399,-6.396],[134.407,-6.397],[134.421,-6.409],[134.449,-6.448],[134.477,-6.449],[134.495,-6.433],[134.517,-6.398],[134.514,-6.388],[134.515,-6.375],[134.517,-6.37],[134.52,-6.369],[134.533,-6.339],[134.525,-6.337],[134.498,-6.299],[134.474,-6.297],[134.453,-6.274]]],[[[134.121,-6.162],[134.096,-6.165],[134.103,-6.196],[134.125,-6.257],[134.135,-6.312],[134.128,-6.362],[134.116,-6.385],[134.116,-6.416],[134.138,-6.453],[134.16,-6.459],[134.196,-6.43],[134.209,-6.433],[134.195,-6.466],[134.2,-6.485],[134.168,-6.48],[134.151,-6.489],[134.135,-6.481],[134.125,-6.452],[134.106,-6.461],[134.098,-6.494],[134.089,-6.645],[134.082,-6.695],[134.051,-6.774],[134.07,-6.829],[134.097,-6.85],[134.124,-6.846],[134.156,-6.876],[134.177,-6.922],[134.203,-6.92],[134.214,-6.907],[134.299,-6.868],[134.333,-6.86],[134.365,-6.821],[134.361,-6.804],[134.367,-6.78],[134.41,-6.721],[134.455,-6.693],[134.463,-6.673],[134.494,-6.657],[134.503,-6.615],[134.524,-6.61],[134.532,-6.584],[134.484,-6.582],[134.488,-6.554],[134.481,-6.53],[134.504,-6.523],[134.494,-6.496],[134.48,-6.49],[134.469,-6.453],[134.448,-6.449],[134.43,-6.43],[134.42,-6.41],[134.405,-6.398],[134.379,-6.403],[134.352,-6.396],[134.315,-6.367],[134.301,-6.36],[134.294,-6.348],[134.297,-6.32],[134.31,-6.303],[134.289,-6.291],[134.267,-6.261],[134.247,-6.25],[134.224,-6.222],[134.183,-6.215],[134.144,-6.196],[134.134,-6.168],[134.121,-6.162]]],[[[134.152,-6.004],[134.124,-6.038],[134.125,-6.066],[134.116,-6.108],[134.146,-6.146],[134.164,-6.13],[134.187,-6.122],[134.2,-6.142],[134.169,-6.167],[134.164,-6.187],[134.18,-6.2],[134.215,-6.191],[134.228,-6.203],[134.242,-6.234],[134.274,-6.261],[134.288,-6.284],[134.307,-6.278],[134.326,-6.288],[134.337,-6.313],[134.364,-6.324],[134.438,-6.272],[134.425,-6.264],[134.393,-6.261],[134.367,-6.226],[134.338,-6.226],[134.311,-6.187],[134.31,-6.175],[134.27,-6.147],[134.245,-6.141],[134.233,-6.127],[134.249,-6.088],[134.247,-6.073],[134.23,-6.055],[134.233,-6.027],[134.225,-6.016],[134.193,-6.025],[134.17,-6.04],[134.155,-6.026],[134.152,-6.004]]],[[[134.569,-5.935],[134.537,-5.919],[134.487,-5.961],[134.47,-5.958],[134.465,-5.978],[134.439,-6.015],[134.418,-6.025],[134.382,-6.019],[134.349,-6.044],[134.326,-6.023],[134.312,-6.026],[134.279,-6.05],[134.291,-6.067],[134.271,-6.092],[134.273,-6.117],[134.288,-6.126],[134.284,-6.146],[134.312,-6.171],[134.328,-6.205],[134.363,-6.208],[134.37,-6.225],[134.391,-6.237],[134.4,-6.258],[134.454,-6.265],[134.476,-6.296],[134.502,-6.294],[134.521,-6.324],[134.539,-6.32],[134.546,-6.349],[134.592,-6.353],[134.623,-6.373],[134.633,-6.359],[134.656,-6.346],[134.678,-6.345],[134.705,-6.324],[134.708,-6.311],[134.729,-6.301],[134.765,-6.206],[134.768,-6.178],[134.762,-6.139],[134.783,-6.095],[134.774,-6.076],[134.754,-6.063],[134.755,-6.048],[134.688,-5.99],[134.662,-5.975],[134.656,-5.944],[134.636,-5.936],[134.616,-5.944],[134.569,-5.935]]],[[[134.651,-5.895],[134.648,-5.875],[134.629,-5.878],[134.611,-5.896],[134.588,-5.934],[134.609,-5.936],[134.625,-5.907],[134.651,-5.895]]],[[[134.751,-5.844],[134.706,-5.832],[134.698,-5.842],[134.673,-5.846],[134.655,-5.859],[134.652,-5.896],[134.628,-5.918],[134.637,-5.93],[134.658,-5.929],[134.679,-5.954],[134.712,-5.977],[134.733,-5.98],[134.741,-5.966],[134.728,-5.928],[134.711,-5.912],[134.711,-5.892],[134.749,-5.901],[134.773,-5.887],[134.751,-5.858],[134.751,-5.844]]],[[[134.198,-5.751],[134.187,-5.819],[134.207,-5.836],[134.222,-5.825],[134.24,-5.829],[134.251,-5.793],[134.25,-5.772],[134.238,-5.761],[134.198,-5.751]]],[[[134.687,-5.729],[134.657,-5.737],[134.67,-5.753],[134.677,-5.772],[134.692,-5.777],[134.689,-5.784],[134.692,-5.796],[134.697,-5.805],[134.714,-5.813],[134.736,-5.806],[134.747,-5.785],[134.742,-5.741],[134.722,-5.748],[134.687,-5.729]]],[[[134.552,-5.561],[134.547,-5.569],[134.531,-5.572],[134.536,-5.627],[134.547,-5.649],[134.575,-5.654],[134.573,-5.664],[134.579,-5.677],[134.589,-5.685],[134.594,-5.699],[134.616,-5.723],[134.624,-5.713],[134.64,-5.712],[134.647,-5.724],[134.698,-5.726],[134.716,-5.742],[134.733,-5.715],[134.729,-5.7],[134.738,-5.672],[134.764,-5.659],[134.757,-5.635],[134.742,-5.617],[134.717,-5.612],[134.694,-5.599],[134.689,-5.586],[134.661,-5.588],[134.652,-5.576],[134.621,-5.583],[134.607,-5.569],[134.574,-5.572],[134.552,-5.561]]],[[[134.328,-5.563],[134.304,-5.564],[134.282,-5.608],[134.257,-5.615],[134.246,-5.629],[134.276,-5.646],[134.289,-5.626],[134.328,-5.61],[134.348,-5.574],[134.328,-5.563]]],[[[134.459,-5.531],[134.445,-5.575],[134.415,-5.641],[134.355,-5.686],[134.361,-5.716],[134.335,-5.728],[134.305,-5.704],[134.287,-5.683],[134.272,-5.684],[134.238,-5.671],[134.211,-5.716],[134.237,-5.746],[134.261,-5.759],[134.304,-5.752],[134.307,-5.765],[134.336,-5.771],[134.322,-5.787],[134.334,-5.798],[134.367,-5.769],[134.393,-5.789],[134.37,-5.821],[134.372,-5.848],[134.34,-5.852],[134.336,-5.882],[134.298,-5.898],[134.297,-5.926],[134.333,-5.947],[134.316,-5.994],[134.321,-6.017],[134.354,-6.035],[134.371,-6.019],[134.38,-6.016],[134.391,-6.02],[134.418,-6.023],[134.434,-6.016],[134.462,-5.979],[134.469,-5.956],[134.486,-5.959],[134.516,-5.93],[134.539,-5.916],[134.563,-5.929],[134.585,-5.93],[134.607,-5.896],[134.625,-5.879],[134.713,-5.816],[134.697,-5.806],[134.69,-5.797],[134.688,-5.784],[134.689,-5.776],[134.676,-5.773],[134.669,-5.754],[134.637,-5.714],[134.625,-5.716],[134.62,-5.725],[134.61,-5.721],[134.577,-5.677],[134.572,-5.666],[134.573,-5.656],[134.546,-5.651],[134.533,-5.627],[134.528,-5.566],[134.512,-5.564],[134.505,-5.555],[134.505,-5.532],[134.496,-5.533],[134.482,-5.563],[134.464,-5.56],[134.459,-5.531]]],[[[134.274,-5.536],[134.286,-5.523],[134.282,-5.5],[134.271,-5.484],[134.254,-5.487],[134.25,-5.506],[134.257,-5.527],[134.274,-5.536]]],[[[134.505,-5.492],[134.518,-5.518],[134.506,-5.554],[134.523,-5.555],[134.531,-5.569],[134.549,-5.559],[134.566,-5.564],[134.571,-5.569],[134.601,-5.565],[134.612,-5.569],[134.621,-5.581],[134.634,-5.579],[134.656,-5.558],[134.665,-5.569],[134.696,-5.57],[134.674,-5.538],[134.695,-5.537],[134.699,-5.512],[134.682,-5.507],[134.664,-5.481],[134.654,-5.492],[134.648,-5.439],[134.598,-5.414],[134.572,-5.419],[134.564,-5.431],[134.535,-5.435],[134.531,-5.427],[134.5,-5.42],[134.491,-5.432],[134.503,-5.454],[134.505,-5.492]]],[[[134.583,-5.329],[134.558,-5.33],[134.526,-5.36],[134.508,-5.368],[134.509,-5.392],[134.542,-5.41],[134.557,-5.399],[134.58,-5.352],[134.583,-5.329]]]]},"properties":{"name":"Kepulauan Aru"}},
{"type":"Feature","geometry":{"type":"MultiPolygon","coordinates":[[[[100.669,-3.482],[100.638,-3.467],[100.636,-3.482],[100.669,-3.482]]],[[[100.492,-3.141],[100.485,-3.157],[100.492,-3.185],[100.508,-3.179],[100.501,-3.147],[100.492,-3.141]]],[[[100.227,-2.785],[100.182,-2.794],[100.175,-2.813],[100.183,-2.85],[100.195,-2.873],[100.19,-2.905],[100.201,-2.932],[100.192,-2.954],[100.187,-2.989],[100.212,-3.012],[100.231,-3.057],[100.249,-3.043],[100.261,-3.069],[100.294,-3.082],[100.312,-3.103],[100.312,-3.119],[100.331,-3.131],[100.334,-3.156],[100.329,-3.183],[100.361,-3.228],[100.325,-3.229],[100.337,-3.247],[100.368,-3.249],[100.38,-3.288],[100.417,-3.308],[100.42,-3.323],[100.44,-3.344],[100.472,-3.348],[100.478,-3.334],[100.468,-3.312],[100.429,-3.258],[100.411,-3.245],[100.387,-3.198],[100.405,-3.193],[100.393,-3.173],[100.401,-3.156],[100.47,-3.144],[100.472,-3.128],[100.457,-3.108],[100.468,-3.068],[100.447,-3.028],[100.455,-3.01],[100.429,-3.003],[100.422,-2.974],[100.404,-2.966],[100.355,-2.902],[100.31,-2.874],[100.294,-2.851],[100.276,-2.842],[100.235,-2.783],[100.227,-2.785]]],[[[99.994,-2.502],[99.977,-2.507],[99.963,-2.581],[99.988,-2.608],[99.985,-2.635],[100.012,-2.687],[99.999,-2.697],[100.01,-2.743],[100,-2.744],[99.986,-2.774],[99.997,-2.797],[100.016,-2.81],[100.019,-2.851],[100.042,-2.847],[100.038,-2.83],[100.059,-2.819],[100.104,-2.839],[100.147,-2.838],[100.138,-2.814],[100.148,-2.804],[100.196,-2.775],[100.216,-2.776],[100.222,-2.751],[100.199,-2.699],[100.164,-2.643],[100.148,-2.639],[100.117,-2.614],[100.095,-2.591],[100.071,-2.58],[100.035,-2.543],[100.027,-2.526],[99.994,-2.502]]],[[[99.717,-2.357],[99.71,-2.375],[99.736,-2.394],[99.744,-2.376],[99.717,-2.357]]],[[[99.593,-2.031],[99.569,-2.037],[99.547,-2.071],[99.551,-2.105],[99.569,-2.153],[99.538,-2.144],[99.528,-2.154],[99.551,-2.209],[99.563,-2.221],[99.584,-2.224],[99.61,-2.253],[99.599,-2.258],[99.601,-2.284],[99.644,-2.281],[99.674,-2.289],[99.707,-2.311],[99.711,-2.327],[99.746,-2.348],[99.784,-2.344],[99.799,-2.371],[99.829,-2.363],[99.841,-2.367],[99.845,-2.399],[99.861,-2.402],[99.848,-2.339],[99.814,-2.297],[99.785,-2.287],[99.781,-2.255],[99.754,-2.236],[99.735,-2.205],[99.726,-2.175],[99.712,-2.152],[99.707,-2.098],[99.692,-2.076],[99.668,-2.066],[99.637,-2.035],[99.593,-2.031]]],[[[99.304,-1.9],[99.298,-1.929],[99.316,-1.924],[99.304,-1.9]]],[[[99.26,-1.792],[99.27,-1.809],[99.251,-1.838],[99.282,-1.841],[99.295,-1.833],[99.289,-1.806],[99.26,-1.792]]],[[[98.899,-0.906],[98.867,-0.932],[98.825,-0.94],[98.798,-0.957],[98.742,-0.959],[98.721,-0.944],[98.685,-0.959],[98.664,-0.98],[98.66,-1.008],[98.662,-1.058],[98.651,-1.107],[98.641,-1.11],[98.637,-1.142],[98.616,-1.183],[98.597,-1.199],[98.604,-1.227],[98.635,-1.259],[98.637,-1.287],[98.654,-1.314],[98.686,-1.35],[98.737,-1.421],[98.747,-1.445],[98.804,-1.518],[98.806,-1.537],[98.837,-1.586],[98.825,-1.616],[98.862,-1.645],[98.877,-1.679],[98.957,-1.725],[99.012,-1.763],[99.091,-1.803],[99.126,-1.809],[99.14,-1.804],[99.154,-1.782],[99.197,-1.78],[99.226,-1.785],[99.263,-1.773],[99.243,-1.743],[99.252,-1.693],[99.265,-1.74],[99.288,-1.744],[99.291,-1.709],[99.301,-1.701],[99.293,-1.679],[99.278,-1.678],[99.279,-1.623],[99.262,-1.6],[99.233,-1.609],[99.22,-1.605],[99.21,-1.579],[99.194,-1.568],[99.208,-1.548],[99.201,-1.516],[99.144,-1.48],[99.16,-1.465],[99.167,-1.431],[99.147,-1.399],[99.099,-1.365],[99.089,-1.33],[99.092,-1.317],[99.077,-1.29],[99.062,-1.301],[99.069,-1.253],[99.057,-1.234],[99.03,-1.228],[99.041,-1.206],[99.031,-1.183],[99.008,-1.163],[98.999,-1.111],[98.949,-1.089],[98.941,-1.069],[98.937,-1.031],[98.917,-0.999],[98.945,-0.987],[98.928,-0.931],[98.899,-0.906]]]]},"properties":{"name":"Kepulauan Mentawai"}},
{"type":"Feature","geometry":{"type":"MultiPolygon","coordinates":[[[[103.091,0.717],[103.116,0.739],[103.11,0.795],[103.096,0.8],[103.081,0.778],[103.076,0.738],[103.091,0.717]]],[[[103.084,0.797],[103.109,0.806],[103.106,0.819],[103.074,0.824],[103.084,0.797]]],[[[102.749,0.998],[102.74,1.021],[102.693,1.011],[102.658,0.995],[102.623,0.993],[102.608,1.003],[102.589,1.001],[102.557,0.97],[102.53,0.962],[102.511,0.948],[102.499,0.943],[102.488,0.931],[102.472,0.928],[102.441,0.936],[102.409,0.888],[102.411,0.858],[102.445,0.82],[102.515,0.784],[102.561,0.769],[102.601,0.769],[102.655,0.789],[102.708,0.792],[102.762,0.788],[102.844,0.794],[102.866,0.791],[102.927,0.769],[102.969,0.724],[102.995,0.689],[103.025,0.687],[103.049,0.72],[103.05,0.755],[103.056,0.781],[103.047,0.824],[102.995,0.861],[102.961,0.877],[102.927,0.904],[102.916,0.923],[102.881,0.951],[102.797,0.98],[102.781,1.002],[102.758,1.01],[102.749,0.998]]],[[[102.533,1.129],[102.481,1.126],[102.462,1.085],[102.461,1.062],[102.483,1.012],[102.499,0.952],[102.51,0.949],[102.533,0.965],[102.555,0.97],[102.578,0.994],[102.592,1.003],[102.608,1.005],[102.602,1.026],[102.614,1.048],[102.549,1.109],[102.533,1.129]]],[[[102.771,1.158],[102.747,1.158],[102.718,1.144],[102.688,1.118],[102.669,1.086],[102.664,1.054],[102.647,1.027],[102.644,1.007],[102.682,1.024],[102.744,1.039],[102.778,1.019],[102.81,0.99],[102.885,0.967],[102.92,0.944],[102.955,0.905],[102.985,0.894],[103.054,0.851],[103.073,0.832],[103.102,0.827],[103.124,0.831],[103.154,0.848],[103.155,0.895],[103.124,0.929],[103.087,0.98],[103.046,1.022],[103.005,1.07],[102.972,1.096],[102.953,1.1],[102.874,1.133],[102.833,1.145],[102.771,1.158]]],[[[102.292,1.412],[102.271,1.418],[102.231,1.412],[102.21,1.401],[102.227,1.369],[102.227,1.328],[102.206,1.282],[102.21,1.267],[102.234,1.23],[102.249,1.176],[102.248,1.15],[102.236,1.101],[102.278,1.002],[102.33,0.963],[102.364,0.927],[102.391,0.913],[102.419,0.921],[102.439,0.949],[102.473,0.941],[102.483,0.954],[102.467,1.011],[102.439,1.071],[102.461,1.131],[102.464,1.16],[102.485,1.199],[102.481,1.244],[102.427,1.29],[102.374,1.326],[102.359,1.345],[102.292,1.412]]]]},"properties":{"name":"Kepulauan Meranti"}},
{"type":"Feature","geometry":{"type":"Polygon","coordinates":[[[125.453,3.736],[125.427,3.734],[125.404,3.719],[125.398,3.673],[125.418,3.64],[125.442,3.62],[125.48,3.605],[125.487,3.583],[125.511,3.571],[125.496,3.546],[125.486,3.486],[125.496,3.469],[125.503,3.435],[125.526,3.438],[125.527,3.415],[125.545,3.41],[125.55,3.435],[125.586,3.405],[125.595,3.38],[125.622,3.373],[125.658,3.389],[125.663,3.414],[125.676,3.429],[125.667,3.452],[125.669,3.501],[125.627,3.516],[125.6,3.559],[125.581,3.58],[125.56,3.578],[125.588,3.611],[125.569,3.65],[125.508,3.723],[125.453,3.736]]]},"properties":{"name":"Kepulauan Sangihe"}},
{"type":"Feature","geometry":{"type":"MultiPolygon","coordinates":[[[[121.818,-7.331],[121.759,-7.345],[121.754,-7.375],[121.745,-7.383],[121.746,-7.415],[121.755,-7.423],[121.782,-7.421],[121.823,-7.397],[121.838,-7.37],[121.839,-7.347],[121.818,-7.331]]],[[[121.086,-7.304],[121.078,-7.33],[121.082,-7.363],[121.071,-7.376],[121.099,-7.398],[121.157,-7.372],[121.165,-7.346],[121.129,-7.334],[121.086,-7.304]]],[[[121.761,-7.261],[121.732,-7.28],[121.737,-7.292],[121.773,-7.286],[121.761,-7.261]]],[[[120.821,-7.259],[120.799,-7.265],[120.806,-7.288],[120.83,-7.298],[120.851,-7.293],[120.874,-7.305],[120.901,-7.31],[120.929,-7.307],[120.956,-7.324],[121.004,-7.333],[121.051,-7.327],[121.064,-7.301],[121.004,-7.282],[120.919,-7.285],[120.901,-7.273],[120.863,-7.271],[120.821,-7.259]]],[[[120.561,-7.073],[120.596,-7.1],[120.612,-7.09],[120.561,-7.073]]],[[[120.632,-7],[120.62,-7.004],[120.628,-7.046],[120.609,-7.073],[120.635,-7.099],[120.626,-7.119],[120.67,-7.146],[120.682,-7.123],[120.699,-7.134],[120.729,-7.129],[120.764,-7.131],[120.783,-7.098],[120.787,-7.063],[120.753,-7.079],[120.716,-7.059],[120.673,-7.043],[120.658,-7.019],[120.632,-7]]],[[[120.791,-6.779],[120.78,-6.799],[120.792,-6.821],[120.794,-6.862],[120.814,-6.832],[120.807,-6.795],[120.791,-6.779]]],[[[120.436,-6.581],[120.428,-6.586],[120.426,-6.64],[120.444,-6.623],[120.436,-6.581]]],[[[120.429,-6.106],[120.406,-6.128],[120.392,-6.18],[120.399,-6.203],[120.427,-6.197],[120.416,-6.14],[120.429,-6.106]]],[[[120.495,-5.768],[120.476,-5.773],[120.461,-5.794],[120.453,-5.846],[120.453,-5.89],[120.445,-5.961],[120.453,-6.011],[120.448,-6.035],[120.455,-6.077],[120.466,-6.094],[120.446,-6.164],[120.428,-6.185],[120.445,-6.198],[120.445,-6.266],[120.468,-6.269],[120.481,-6.282],[120.471,-6.341],[120.475,-6.368],[120.46,-6.394],[120.474,-6.438],[120.48,-6.477],[120.491,-6.481],[120.503,-6.448],[120.493,-6.4],[120.521,-6.365],[120.521,-6.336],[120.538,-6.328],[120.539,-6.28],[120.526,-6.224],[120.529,-6.187],[120.545,-6.148],[120.557,-6.081],[120.568,-6.055],[120.558,-5.992],[120.543,-5.934],[120.535,-5.919],[120.534,-5.875],[120.526,-5.853],[120.501,-5.81],[120.507,-5.791],[120.495,-5.768]]]]},"properties":{"name":"Kepulauan Selayar"}},
{"type":"Feature","geometry":{"type":"Polygon","coordinates":[[[106.491,-5.796],[106.505,-5.801],[106.497,-5.795],[106.491,-5.796]]]},"properties":{"name":"Kepulauan Seribu"}},
{"type":"Feature","geometry":{"type":"MultiPolygon","coordinates":[[[[125.915,-1.98],[125.907,-1.977],[125.872,-2.025],[125.858,-2.06],[125.856,-2.092],[125.881,-2.139],[125.887,-2.175],[125.88,-2.21],[125.923,-2.269],[125.931,-2.288],[125.959,-2.326],[125.959,-2.363],[125.967,-2.396],[125.99,-2.44],[126.05,-2.477],[126.073,-2.441],[126.072,-2.42],[126.039,-2.36],[126.02,-2.299],[126,-2.255],[125.982,-2.226],[125.963,-2.181],[125.957,-2.145],[125.96,-2.12],[125.993,-2.045],[125.992,-2.026],[125.969,-2],[125.943,-1.982],[125.915,-1.98]]],[[[126.457,-1.801],[126.425,-1.812],[126.375,-1.822],[126.385,-1.837],[126.413,-1.828],[126.452,-1.838],[126.48,-1.833],[126.487,-1.82],[126.457,-1.801]]],[[[125.405,-1.775],[125.367,-1.779],[125.328,-1.831],[125.333,-1.876],[125.358,-1.887],[125.367,-1.862],[125.394,-1.865],[125.434,-1.886],[125.437,-1.946],[125.485,-1.939],[125.51,-1.949],[125.572,-1.936],[125.579,-1.929],[125.67,-1.931],[125.759,-1.929],[125.768,-1.921],[125.802,-1.914],[125.844,-1.896],[125.88,-1.914],[125.902,-1.935],[125.92,-1.939],[125.95,-1.92],[125.984,-1.917],[126.05,-1.888],[126.089,-1.879],[126.139,-1.891],[126.206,-1.867],[126.246,-1.879],[126.274,-1.858],[126.32,-1.844],[126.347,-1.812],[126.328,-1.812],[126.305,-1.829],[126.267,-1.816],[126.223,-1.818],[126.197,-1.805],[126.128,-1.811],[126.057,-1.802],[125.913,-1.793],[125.885,-1.795],[125.875,-1.806],[125.854,-1.803],[125.823,-1.81],[125.784,-1.805],[125.749,-1.807],[125.73,-1.816],[125.677,-1.826],[125.648,-1.821],[125.629,-1.828],[125.585,-1.809],[125.55,-1.801],[125.54,-1.786],[125.489,-1.82],[125.481,-1.796],[125.457,-1.778],[125.426,-1.81],[125.405,-1.775]]]]},"properties":{"name":"Kepulauan Sula"}},
{"type":"Feature","geometry":{"type":"MultiPolygon","coordinates":[[[[126.781,3.841],[126.761,3.855],[126.744,3.843],[126.745,3.812],[126.754,3.786],[126.786,3.746],[126.803,3.743],[126.823,3.728],[126.851,3.753],[126.835,3.794],[126.803,3.834],[126.781,3.841]]],[[[126.618,4.043],[126.612,4.001],[126.637,3.969],[126.649,3.937],[126.668,3.931],[126.662,3.884],[126.677,3.855],[126.675,3.836],[126.693,3.81],[126.706,3.82],[126.686,3.863],[126.716,3.887],[126.723,3.909],[126.715,3.926],[126.665,3.959],[126.642,3.99],[126.642,4.02],[126.618,4.043]]],[[[126.744,4.546],[126.725,4.524],[126.721,4.494],[126.734,4.462],[126.715,4.45],[126.716,4.434],[126.699,4.412],[126.699,4.382],[126.68,4.334],[126.708,4.322],[126.716,4.303],[126.717,4.268],[126.747,4.263],[126.758,4.248],[126.774,4.25],[126.8,4.286],[126.806,4.277],[126.783,4.252],[126.793,4.236],[126.791,4.214],[126.76,4.182],[126.743,4.137],[126.712,4.085],[126.686,4.075],[126.667,4.045],[126.671,4.002],[126.696,4.003],[126.741,3.993],[126.762,3.995],[126.791,4.017],[126.802,4.043],[126.812,4.105],[126.797,4.148],[126.827,4.185],[126.871,4.216],[126.861,4.25],[126.913,4.269],[126.9,4.302],[126.867,4.342],[126.85,4.375],[126.852,4.414],[126.87,4.429],[126.868,4.456],[126.853,4.466],[126.851,4.487],[126.831,4.492],[126.808,4.534],[126.787,4.525],[126.775,4.539],[126.744,4.546]]],[[[127.133,4.732],[127.146,4.753],[127.129,4.777],[127.11,4.746],[127.133,4.732]]]]},"properties":{"name":"Kepulauan Talaud"}},
{"type":"Feature","geometry":{"type":"MultiPolygon","coordinates":[[[[136.332,-1.906],[136.343,-1.952],[136.364,-1.951],[136.356,-1.91],[136.332,-1.906]]],[[[137.024,-1.831],[136.955,-1.842],[137.013,-1.858],[137.057,-1.864],[137.048,-1.849],[137.024,-1.831]]],[[[135.813,-1.785],[135.795,-1.81],[135.807,-1.817],[135.825,-1.804],[135.813,-1.785]]],[[[135.475,-1.599],[135.454,-1.599],[135.444,-1.613],[135.444,-1.637],[135.468,-1.639],[135.474,-1.68],[135.527,-1.681],[135.562,-1.668],[135.578,-1.687],[135.597,-1.681],[135.616,-1.695],[135.641,-1.684],[135.656,-1.686],[135.673,-1.707],[135.71,-1.69],[135.752,-1.721],[135.766,-1.712],[135.79,-1.72],[135.836,-1.757],[135.858,-1.739],[135.885,-1.754],[135.911,-1.755],[135.939,-1.786],[135.971,-1.802],[135.978,-1.817],[136.018,-1.824],[136.025,-1.819],[136.076,-1.85],[136.1,-1.843],[136.118,-1.853],[136.145,-1.853],[136.177,-1.873],[136.197,-1.86],[136.218,-1.875],[136.233,-1.901],[136.243,-1.887],[136.259,-1.908],[136.276,-1.883],[136.299,-1.869],[136.361,-1.869],[136.371,-1.882],[136.47,-1.884],[136.499,-1.88],[136.516,-1.869],[136.552,-1.87],[136.619,-1.862],[136.644,-1.87],[136.675,-1.842],[136.707,-1.843],[136.709,-1.82],[136.724,-1.815],[136.761,-1.826],[136.801,-1.813],[136.849,-1.827],[136.874,-1.801],[136.899,-1.787],[136.865,-1.776],[136.802,-1.748],[136.748,-1.743],[136.715,-1.732],[136.651,-1.729],[136.626,-1.725],[136.585,-1.729],[136.492,-1.708],[136.446,-1.705],[136.41,-1.72],[136.369,-1.717],[136.325,-1.704],[136.306,-1.688],[136.28,-1.678],[136.23,-1.669],[136.203,-1.648],[136.183,-1.656],[136.142,-1.649],[136.129,-1.654],[136.078,-1.649],[136.064,-1.658],[136.006,-1.647],[135.974,-1.654],[135.954,-1.641],[135.914,-1.635],[135.879,-1.64],[135.864,-1.66],[135.836,-1.658],[135.836,-1.645],[135.786,-1.626],[135.734,-1.633],[135.72,-1.626],[135.693,-1.628],[135.654,-1.619],[135.641,-1.626],[135.566,-1.611],[135.546,-1.614],[135.495,-1.608],[135.475,-1.599]]],[[[135.12,-1.466],[135.091,-1.501],[135.114,-1.5],[135.153,-1.519],[135.177,-1.511],[135.209,-1.524],[135.23,-1.518],[135.247,-1.53],[135.279,-1.516],[135.299,-1.519],[135.326,-1.505],[135.321,-1.494],[135.29,-1.479],[135.26,-1.482],[135.264,-1.496],[135.254,-1.522],[135.232,-1.486],[135.216,-1.474],[135.155,-1.49],[135.12,-1.466]]]]},"properties":{"name":"Kepulauan Yapen"}},
{"type":"Feature","geometry":{"type":"Polygon","coordinates":[[[101.436,-1.695],[101.428,-1.679],[101.411,-1.672],[101.402,-1.687],[101.363,-1.694],[101.335,-1.687],[101.309,-1.701],[101.267,-1.696],[101.232,-1.724],[101.199,-1.714],[101.195,-1.686],[101.169,-1.711],[101.132,-1.685],[101.129,-1.764],[101.153,-1.804],[101.159,-1.832],[101.179,-1.861],[101.164,-1.894],[101.145,-1.911],[101.158,-1.936],[101.192,-1.973],[101.206,-1.981],[101.207,-2.009],[101.241,-2.065],[101.272,-2.033],[101.29,-2.027],[101.401,-2.031],[101.427,-2.026],[101.439,-2.059],[101.457,-2.089],[101.444,-2.105],[101.423,-2.102],[101.409,-2.118],[101.415,-2.156],[101.394,-2.18],[101.37,-2.191],[101.282,-2.25],[101.285,-2.277],[101.319,-2.305],[101.41,-2.362],[101.436,-2.374],[101.485,-2.41],[101.558,-2.45],[101.559,-2.417],[101.55,-2.406],[101.556,-2.368],[101.55,-2.352],[101.595,-2.361],[101.602,-2.334],[101.621,-2.334],[101.639,-2.351],[101.651,-2.342],[101.696,-2.346],[101.721,-2.324],[101.722,-2.31],[101.747,-2.282],[101.748,-2.25],[101.774,-2.223],[101.775,-2.205],[101.797,-2.196],[101.82,-2.163],[101.789,-2.139],[101.787,-2.109],[101.769,-2.096],[101.759,-2.061],[101.721,-2.025],[101.719,-1.998],[101.708,-1.987],[101.67,-1.973],[101.656,-1.955],[101.638,-1.897],[101.631,-1.891],[101.589,-1.848],[101.565,-1.829],[101.48,-1.75],[101.436,-1.695]]]},"properties":{"name":"Kerinci"}},
{"type":"Feature","geometry":{"type":"MultiPolygon","coordinates":[[[[110.17,-2.853],[110.155,-2.88],[110.133,-2.888],[110.172,-2.915],[110.201,-2.893],[110.202,-2.884],[110.17,-2.853]]],[[[110.113,-2.675],[110.098,-2.675],[110.076,-2.701],[110.06,-2.753],[110.082,-2.761],[110.12,-2.75],[110.125,-2.732],[110.113,-2.675]]],[[[110.068,-1.368],[110.075,-1.388],[110.072,-1.421],[110.057,-1.435],[110.064,-1.46],[110.044,-1.495],[110.035,-1.525],[110.042,-1.583],[110.033,-1.664],[110.017,-1.7],[110,-1.714],[109.984,-1.74],[109.946,-1.775],[109.913,-1.774],[109.901,-1.828],[109.924,-1.858],[109.976,-1.883],[110.016,-1.91],[110.046,-1.918],[110.067,-1.931],[110.1,-1.98],[110.117,-2.028],[110.119,-2.098],[110.109,-2.156],[110.09,-2.18],[110.094,-2.208],[110.087,-2.234],[110.114,-2.263],[110.139,-2.305],[110.146,-2.332],[110.155,-2.435],[110.181,-2.456],[110.184,-2.499],[110.197,-2.525],[110.19,-2.571],[110.174,-2.603],[110.151,-2.617],[110.159,-2.635],[110.19,-2.635],[110.214,-2.648],[110.222,-2.683],[110.233,-2.697],[110.227,-2.731],[110.218,-2.74],[110.256,-2.759],[110.265,-2.799],[110.251,-2.852],[110.224,-2.887],[110.248,-2.918],[110.257,-2.956],[110.307,-2.991],[110.352,-2.947],[110.419,-2.897],[110.509,-2.853],[110.569,-2.84],[110.597,-2.853],[110.616,-2.874],[110.634,-2.93],[110.635,-2.993],[110.627,-3.029],[110.65,-3.04],[110.672,-3.032],[110.724,-3.003],[110.734,-2.988],[110.755,-2.942],[110.8,-2.907],[110.825,-2.907],[110.838,-2.896],[110.88,-2.882],[110.889,-2.872],[110.927,-2.868],[110.967,-2.858],[110.976,-2.842],[110.999,-2.827],[111.012,-2.795],[111.102,-2.768],[111.146,-2.741],[111.169,-2.706],[111.172,-2.686],[111.159,-2.671],[111.128,-2.666],[111.12,-2.643],[111.134,-2.624],[111.134,-2.595],[111.116,-2.542],[111.105,-2.484],[111.103,-2.424],[111.09,-2.363],[111.07,-2.3],[111.032,-2.241],[111.041,-2.222],[111.063,-2.203],[111.064,-2.185],[111.079,-2.161],[111.066,-2.118],[111.057,-2.072],[111.06,-2.058],[111.083,-2.045],[111.09,-2.016],[111.059,-2.015],[111.053,-1.99],[111.018,-1.956],[110.98,-1.95],[110.996,-1.909],[110.975,-1.878],[110.978,-1.838],[110.986,-1.817],[111.005,-1.801],[111.014,-1.778],[111.016,-1.744],[111.006,-1.727],[111.003,-1.697],[110.974,-1.669],[110.953,-1.684],[110.943,-1.71],[110.917,-1.72],[110.901,-1.713],[110.882,-1.679],[110.855,-1.674],[110.859,-1.63],[110.89,-1.612],[110.914,-1.585],[110.952,-1.579],[110.979,-1.54],[110.996,-1.556],[111.017,-1.563],[111.036,-1.54],[111.068,-1.539],[111.075,-1.559],[111.119,-1.553],[111.119,-1.513],[111.138,-1.451],[111.157,-1.434],[111.196,-1.438],[111.223,-1.421],[111.26,-1.416],[111.283,-1.402],[111.325,-1.365],[111.332,-1.334],[111.37,-1.33],[111.315,-1.293],[111.313,-1.257],[111.271,-1.258],[111.257,-1.235],[111.26,-1.209],[111.24,-1.194],[111.237,-1.175],[111.262,-1.136],[111.265,-1.098],[111.225,-1.04],[111.198,-1.015],[111.144,-1.007],[111.144,-0.961],[111.114,-0.952],[111.124,-0.931],[111.17,-0.91],[111.156,-0.875],[111.178,-0.862],[111.194,-0.88],[111.218,-0.864],[111.212,-0.832],[111.234,-0.784],[111.229,-0.741],[111.241,-0.719],[111.24,-0.69],[111.222,-0.659],[111.265,-0.61],[111.266,-0.588],[111.239,-0.589],[111.202,-0.525],[111.18,-0.514],[111.151,-0.516],[111.089,-0.496],[111.051,-0.503],[111.018,-0.504],[110.972,-0.485],[110.947,-0.482],[110.921,-0.462],[110.9,-0.459],[110.867,-0.49],[110.872,-0.506],[110.85,-0.527],[110.844,-0.568],[110.804,-0.601],[110.765,-0.609],[110.749,-0.622],[110.715,-0.623],[110.698,-0.633],[110.678,-0.622],[110.637,-0.619],[110.63,-0.567],[110.632,-0.547],[110.614,-0.507],[110.617,-0.459],[110.593,-0.405],[110.566,-0.379],[110.562,-0.366],[110.528,-0.338],[110.472,-0.326],[110.438,-0.346],[110.427,-0.363],[110.402,-0.377],[110.413,-0.402],[110.412,-0.443],[110.385,-0.47],[110.371,-0.449],[110.351,-0.434],[110.371,-0.412],[110.367,-0.396],[110.345,-0.393],[110.318,-0.409],[110.3,-0.449],[110.275,-0.437],[110.251,-0.444],[110.213,-0.419],[110.184,-0.418],[110.151,-0.435],[110.131,-0.425],[110.108,-0.424],[110.099,-0.397],[110.051,-0.386],[110.04,-0.404],[110.038,-0.433],[110.015,-0.447],[110.005,-0.472],[109.976,-0.498],[109.964,-0.496],[109.947,-0.499],[109.919,-0.531],[109.887,-0.551],[109.881,-0.586],[109.86,-0.611],[109.814,-0.645],[109.811,-0.671],[109.838,-0.675],[109.859,-0.658],[109.88,-0.685],[109.879,-0.715],[109.903,-0.732],[109.934,-0.72],[109.932,-0.752],[109.972,-0.753],[110.057,-0.76],[110.098,-0.776],[110.138,-0.798],[110.191,-0.843],[110.234,-0.866],[110.282,-0.874],[110.353,-0.874],[110.364,-0.904],[110.376,-0.958],[110.404,-1.059],[110.432,-1.108],[110.458,-1.114],[110.469,-1.149],[110.447,-1.207],[110.441,-1.234],[110.419,-1.226],[110.381,-1.227],[110.353,-1.236],[110.318,-1.262],[110.271,-1.304],[110.22,-1.308],[110.185,-1.325],[110.161,-1.327],[110.068,-1.368]]]]},"properties":{"name":"Ketapang"}},
{"type":"Feature","geometry":{"type":"Polygon","coordinates":[[[110.446,-7.542],[110.456,-7.558],[110.468,-7.618],[110.469,-7.638],[110.492,-7.742],[110.492,-7.767],[110.507,-7.769],[110.534,-7.796],[110.544,-7.794],[110.562,-7.782],[110.608,-7.798],[110.638,-7.8],[110.664,-7.793],[110.692,-7.808],[110.713,-7.793],[110.759,-7.734],[110.77,-7.708],[110.767,-7.689],[110.791,-7.648],[110.765,-7.62],[110.745,-7.616],[110.739,-7.598],[110.703,-7.593],[110.689,-7.586],[110.641,-7.586],[110.601,-7.571],[110.597,-7.588],[110.573,-7.584],[110.55,-7.603],[110.541,-7.628],[110.522,-7.621],[110.506,-7.59],[110.477,-7.557],[110.446,-7.542]]]},"properties":{"name":"Klaten"}},
{"type":"Feature","geometry":{"type":"MultiPolygon","coordinates":[[[[115.553,-8.672],[115.528,-8.677],[115.501,-8.672],[115.476,-8.689],[115.447,-8.727],[115.451,-8.748],[115.475,-8.752],[115.486,-8.767],[115.511,-8.776],[115.523,-8.792],[115.589,-8.819],[115.611,-8.784],[115.629,-8.77],[115.621,-8.749],[115.597,-8.725],[115.569,-8.675],[115.553,-8.672]]],[[[115.358,-8.521],[115.371,-8.575],[115.401,-8.577],[115.448,-8.57],[115.48,-8.551],[115.477,-8.52],[115.463,-8.504],[115.413,-8.525],[115.41,-8.487],[115.402,-8.463],[115.376,-8.46],[115.354,-8.511],[115.358,-8.521]]]]},"properties":{"name":"Klungkung"}},
{"type":"Feature","geometry":{"type":"MultiPolygon","coordinates":[[[[121.426,-4.085],[121.405,-4.114],[121.394,-4.162],[121.419,-4.156],[121.439,-4.128],[121.46,-4.132],[121.464,-4.104],[121.441,-4.117],[121.416,-4.111],[121.426,-4.085]]],[[[121.805,-4.414],[121.805,-4.384],[121.777,-4.294],[121.76,-4.274],[121.739,-4.267],[121.748,-4.243],[121.752,-4.2],[121.776,-4.172],[121.778,-4.142],[121.764,-4.047],[121.72,-3.998],[121.698,-3.993],[121.678,-3.977],[121.677,-3.963],[121.696,-3.956],[121.694,-3.936],[121.666,-3.902],[121.639,-3.901],[121.624,-3.894],[121.61,-3.863],[121.605,-3.823],[121.571,-3.801],[121.535,-3.758],[121.505,-3.736],[121.461,-3.721],[121.432,-3.703],[121.429,-3.686],[121.434,-3.637],[121.428,-3.62],[121.409,-3.612],[121.392,-3.617],[121.354,-3.645],[121.336,-3.667],[121.337,-3.693],[121.29,-3.69],[121.253,-3.659],[121.223,-3.676],[121.161,-3.704],[121.106,-3.747],[121.142,-3.779],[121.162,-3.802],[121.17,-3.826],[121.194,-3.829],[121.216,-3.823],[121.24,-3.825],[121.259,-3.851],[121.247,-3.878],[121.244,-3.903],[121.265,-3.911],[121.28,-3.885],[121.3,-3.89],[121.313,-3.914],[121.319,-3.945],[121.343,-3.985],[121.371,-4.004],[121.414,-3.999],[121.444,-4.022],[121.459,-4.01],[121.506,-4.018],[121.553,-4.043],[121.588,-4.051],[121.61,-4.067],[121.608,-4.111],[121.617,-4.151],[121.609,-4.17],[121.588,-4.188],[121.58,-4.245],[121.568,-4.26],[121.55,-4.265],[121.534,-4.282],[121.523,-4.307],[121.516,-4.345],[121.523,-4.389],[121.516,-4.442],[121.486,-4.53],[121.475,-4.551],[121.471,-4.591],[121.491,-4.592],[121.537,-4.574],[121.572,-4.58],[121.638,-4.568],[121.712,-4.536],[121.729,-4.491],[121.746,-4.486],[121.756,-4.466],[121.77,-4.464],[121.795,-4.437],[121.805,-4.414]]]]},"properties":{"name":"Kolaka"}},
{"type":"Feature","geometry":{"type":"Polygon","coordinates":[[[121.908,-4.378],[121.977,-4.379],[122.01,-4.36],[122.011,-4.277],[122.015,-4.202],[121.994,-4.132],[121.988,-4.106],[121.962,-4.072],[121.953,-4.003],[121.966,-3.948],[121.97,-3.901],[121.961,-3.877],[121.931,-3.832],[121.908,-3.823],[121.863,-3.792],[121.855,-3.775],[121.865,-3.756],[121.832,-3.733],[121.791,-3.727],[121.748,-3.766],[121.726,-3.766],[121.701,-3.778],[121.684,-3.759],[121.685,-3.744],[121.662,-3.73],[121.641,-3.738],[121.619,-3.736],[121.608,-3.7],[121.612,-3.681],[121.58,-3.645],[121.56,-3.587],[121.533,-3.542],[121.534,-3.512],[121.524,-3.477],[121.503,-3.45],[121.476,-3.412],[121.441,-3.351],[121.416,-3.356],[121.365,-3.34],[121.337,-3.323],[121.318,-3.303],[121.28,-3.227],[121.228,-3.228],[121.221,-3.255],[121.161,-3.293],[121.158,-3.34],[121.131,-3.376],[121.136,-3.389],[121.123,-3.411],[121.155,-3.436],[121.145,-3.46],[121.12,-3.488],[121.151,-3.505],[121.16,-3.539],[121.186,-3.563],[121.212,-3.579],[121.237,-3.604],[121.253,-3.659],[121.29,-3.69],[121.337,-3.693],[121.336,-3.667],[121.354,-3.645],[121.392,-3.617],[121.409,-3.612],[121.428,-3.62],[121.434,-3.637],[121.429,-3.686],[121.432,-3.703],[121.461,-3.721],[121.505,-3.736],[121.535,-3.758],[121.571,-3.801],[121.605,-3.823],[121.61,-3.863],[121.624,-3.894],[121.639,-3.901],[121.666,-3.902],[121.694,-3.936],[121.696,-3.956],[121.677,-3.963],[121.678,-3.977],[121.698,-3.993],[121.72,-3.998],[121.764,-4.047],[121.778,-4.142],[121.776,-4.172],[121.752,-4.2],[121.748,-4.243],[121.739,-4.267],[121.76,-4.274],[121.777,-4.294],[121.805,-4.384],[121.805,-4.414],[121.806,-4.405],[121.848,-4.397],[121.882,-4.377],[121.908,-4.378]]]},"properties":{"name":"Kolaka Timur"}},
{"type":"Feature","geometry":{"type":"Polygon","coordinates":[[[121.253,-3.659],[121.237,-3.604],[121.212,-3.579],[121.186,-3.563],[121.16,-3.539],[121.151,-3.505],[121.12,-3.488],[121.145,-3.46],[121.155,-3.436],[121.123,-3.411],[121.136,-3.389],[121.131,-3.376],[121.158,-3.34],[121.161,-3.293],[121.221,-3.255],[121.228,-3.228],[121.28,-3.227],[121.318,-3.303],[121.337,-3.323],[121.365,-3.34],[121.416,-3.356],[121.441,-3.351],[121.428,-3.326],[121.431,-3.273],[121.43,-3.248],[121.442,-3.168],[121.416,-3.142],[121.409,-3.105],[121.389,-3.098],[121.382,-3.071],[121.361,-3.052],[121.37,-3.01],[121.358,-2.975],[121.329,-2.939],[121.358,-2.899],[121.333,-2.834],[121.319,-2.808],[121.295,-2.807],[121.281,-2.819],[121.241,-2.825],[121.223,-2.854],[121.203,-2.858],[121.177,-2.831],[121.121,-2.791],[121.08,-2.779],[121.069,-2.788],[121.037,-2.791],[121.019,-2.82],[120.988,-2.831],[120.992,-2.841],[121.036,-2.831],[121.05,-2.87],[121.067,-2.874],[121.079,-2.907],[121.091,-2.923],[121.082,-2.948],[121.085,-2.967],[121.064,-2.968],[121.082,-2.998],[121.073,-3.032],[121.051,-3.027],[121.045,-3.051],[121.058,-3.059],[121.056,-3.184],[121.033,-3.207],[121.02,-3.245],[120.979,-3.258],[120.957,-3.292],[120.957,-3.33],[120.938,-3.335],[120.895,-3.387],[120.896,-3.403],[120.875,-3.42],[120.865,-3.437],[120.88,-3.53],[120.906,-3.558],[120.906,-3.577],[120.993,-3.654],[121.006,-3.676],[121.041,-3.697],[121.084,-3.715],[121.106,-3.747],[121.161,-3.704],[121.223,-3.676],[121.253,-3.659]]]},"properties":{"name":"Kolaka Utara"}},
{"type":"Feature","geometry":{"type":"MultiPolygon","coordinates":[[[[121.994,-4.132],[122.059,-4.117],[122.084,-4.118],[122.091,-4.105],[122.179,-4.065],[122.181,-4.041],[122.222,-4.005],[122.271,-4.001],[122.311,-4.002],[122.329,-4.021],[122.372,-4.002],[122.421,-4.01],[122.44,-4.008],[122.452,-3.966],[122.452,-3.94],[122.481,-3.909],[122.507,-3.909],[122.522,-3.935],[122.539,-3.941],[122.581,-3.94],[122.624,-3.949],[122.628,-3.938],[122.66,-3.928],[122.665,-3.896],[122.64,-3.891],[122.587,-3.894],[122.56,-3.902],[122.525,-3.895],[122.507,-3.882],[122.509,-3.861],[122.48,-3.821],[122.469,-3.82],[122.459,-3.835],[122.432,-3.838],[122.429,-3.858],[122.414,-3.867],[122.357,-3.864],[122.344,-3.875],[122.314,-3.869],[122.311,-3.837],[122.281,-3.813],[122.277,-3.777],[122.234,-3.749],[122.196,-3.748],[122.177,-3.768],[122.153,-3.747],[122.145,-3.721],[122.126,-3.727],[122.105,-3.717],[122.081,-3.717],[122.058,-3.698],[122.043,-3.663],[122.055,-3.642],[122.042,-3.62],[122.015,-3.607],[121.995,-3.587],[121.97,-3.577],[121.906,-3.562],[121.882,-3.57],[121.856,-3.559],[121.818,-3.57],[121.794,-3.583],[121.779,-3.564],[121.765,-3.513],[121.768,-3.49],[121.748,-3.482],[121.726,-3.49],[121.67,-3.471],[121.659,-3.457],[121.672,-3.427],[121.663,-3.419],[121.619,-3.424],[121.554,-3.386],[121.531,-3.399],[121.503,-3.45],[121.524,-3.477],[121.534,-3.512],[121.533,-3.542],[121.56,-3.587],[121.58,-3.645],[121.612,-3.681],[121.608,-3.7],[121.619,-3.736],[121.641,-3.738],[121.662,-3.73],[121.685,-3.744],[121.684,-3.759],[121.701,-3.778],[121.726,-3.766],[121.748,-3.766],[121.791,-3.727],[121.832,-3.733],[121.865,-3.756],[121.855,-3.775],[121.863,-3.792],[121.908,-3.823],[121.931,-3.832],[121.961,-3.877],[121.97,-3.901],[121.966,-3.948],[121.953,-4.003],[121.962,-4.072],[121.988,-4.106],[121.994,-4.132]]],[[[121.431,-3.273],[121.488,-3.24],[121.504,-3.224],[121.522,-3.224],[121.554,-3.203],[121.591,-3.16],[121.612,-3.166],[121.634,-3.16],[121.649,-3.167],[121.678,-3.201],[121.672,-3.219],[121.735,-3.245],[121.747,-3.234],[121.764,-3.25],[121.828,-3.226],[121.842,-3.205],[122.068,-2.974],[122.079,-2.962],[122.061,-2.949],[122.039,-2.96],[122.006,-2.958],[121.921,-2.99],[121.857,-2.964],[121.841,-2.971],[121.791,-2.944],[121.771,-2.943],[121.752,-2.923],[121.73,-2.916],[121.714,-2.92],[121.686,-2.901],[121.638,-2.894],[121.617,-2.906],[121.601,-2.904],[121.566,-2.922],[121.547,-2.922],[121.525,-2.962],[121.492,-2.978],[121.465,-2.999],[121.457,-3.013],[121.412,-3.003],[121.382,-2.98],[121.358,-2.975],[121.37,-3.01],[121.361,-3.052],[121.382,-3.071],[121.389,-3.098],[121.409,-3.105],[121.416,-3.142],[121.442,-3.168],[121.43,-3.248],[121.431,-3.273]]]]},"properties":{"name":"Konawe"}},
{"type":"Feature","geometry":{"type":"Polygon","coordinates":[[[123.021,-3.98],[123.011,-3.979],[122.994,-4.02],[122.975,-4.035],[122.97,-4.054],[122.948,-4.051],[122.935,-4.066],[122.936,-4.094],[122.955,-4.14],[122.981,-4.168],[122.994,-4.203],[123.01,-4.204],[123.025,-4.221],[123.07,-4.248],[123.11,-4.26],[123.136,-4.256],[123.152,-4.24],[123.165,-4.208],[123.18,-4.2],[123.207,-4.172],[123.212,-4.154],[123.231,-4.146],[123.247,-4.125],[123.258,-4.087],[123.254,-4.067],[123.225,-4.026],[123.192,-4.01],[123.138,-4.009],[123.125,-4.018],[123.097,-4.023],[123.021,-3.98]]]},"properties":{"name":"Konawe Kepulauan"}},
{"type":"Feature","geometry":{"type":"Polygon","coordinates":[[[122.104,-4.53],[122.144,-4.534],[122.163,-4.528],[122.206,-4.485],[122.223,-4.481],[122.253,-4.493],[122.285,-4.487],[122.309,-4.476],[122.342,-4.475],[122.39,-4.456],[122.415,-4.434],[122.456,-4.437],[122.477,-4.449],[122.503,-4.451],[122.533,-4.427],[122.563,-4.417],[122.564,-4.402],[122.585,-4.397],[122.614,-4.409],[122.64,-4.437],[122.664,-4.455],[122.664,-4.482],[122.694,-4.47],[122.706,-4.476],[122.714,-4.501],[122.743,-4.51],[122.76,-4.489],[122.764,-4.448],[122.699,-4.399],[122.687,-4.37],[122.667,-4.362],[122.66,-4.339],[122.674,-4.327],[122.695,-4.331],[122.735,-4.369],[122.77,-4.409],[122.812,-4.43],[122.836,-4.449],[122.851,-4.419],[122.883,-4.414],[122.902,-4.372],[122.9,-4.347],[122.885,-4.298],[122.888,-4.269],[122.906,-4.244],[122.895,-4.223],[122.9,-4.195],[122.891,-4.177],[122.883,-4.132],[122.869,-4.099],[122.847,-4.066],[122.831,-4.055],[122.81,-4.062],[122.766,-4.056],[122.761,-4.065],[122.783,-4.097],[122.834,-4.124],[122.828,-4.136],[122.8,-4.156],[122.774,-4.152],[122.751,-4.156],[122.729,-4.147],[122.715,-4.131],[122.696,-4.157],[122.68,-4.159],[122.663,-4.133],[122.667,-4.115],[122.651,-4.083],[122.649,-4.058],[122.666,-4.036],[122.651,-4.003],[122.636,-4.018],[122.616,-4.026],[122.596,-4.076],[122.573,-4.069],[122.527,-4.091],[122.507,-4.083],[122.47,-4.032],[122.44,-4.018],[122.44,-4.008],[122.421,-4.01],[122.372,-4.002],[122.329,-4.021],[122.311,-4.002],[122.271,-4.001],[122.222,-4.005],[122.181,-4.041],[122.179,-4.065],[122.091,-4.105],[122.084,-4.118],[122.059,-4.117],[121.994,-4.132],[122.015,-4.202],[122.011,-4.277],[122.01,-4.36],[121.977,-4.379],[121.908,-4.378],[122,-4.428],[122.05,-4.473],[122.06,-4.492],[122.083,-4.494],[122.107,-4.508],[122.104,-4.53]]]},"properties":{"name":"Konawe Selatan"}},
{"type":"Feature","geometry":{"type":"MultiPolygon","coordinates":[[[[122.326,-3.531],[122.295,-3.538],[122.278,-3.57],[122.332,-3.583],[122.334,-3.562],[122.346,-3.547],[122.326,-3.531]]],[[[122.442,-3.444],[122.423,-3.428],[122.416,-3.399],[122.403,-3.401],[122.398,-3.443],[122.405,-3.466],[122.432,-3.506],[122.451,-3.5],[122.466,-3.465],[122.442,-3.444]]],[[[121.503,-3.45],[121.531,-3.399],[121.554,-3.386],[121.619,-3.424],[121.663,-3.419],[121.672,-3.427],[121.659,-3.457],[121.67,-3.471],[121.726,-3.49],[121.748,-3.482],[121.768,-3.49],[121.765,-3.513],[121.779,-3.564],[121.794,-3.583],[121.818,-3.57],[121.856,-3.559],[121.882,-3.57],[121.906,-3.562],[121.97,-3.577],[121.995,-3.587],[122.015,-3.607],[122.042,-3.62],[122.055,-3.642],[122.043,-3.663],[122.058,-3.698],[122.081,-3.717],[122.105,-3.717],[122.126,-3.727],[122.145,-3.721],[122.153,-3.747],[122.177,-3.768],[122.196,-3.748],[122.234,-3.749],[122.277,-3.777],[122.281,-3.813],[122.311,-3.837],[122.314,-3.869],[122.344,-3.875],[122.357,-3.864],[122.414,-3.867],[122.429,-3.858],[122.432,-3.838],[122.459,-3.835],[122.469,-3.82],[122.47,-3.809],[122.451,-3.781],[122.444,-3.75],[122.402,-3.75],[122.383,-3.739],[122.363,-3.753],[122.326,-3.734],[122.304,-3.706],[122.301,-3.691],[122.247,-3.665],[122.196,-3.609],[122.197,-3.575],[122.213,-3.562],[122.248,-3.565],[122.273,-3.551],[122.28,-3.507],[122.299,-3.468],[122.276,-3.435],[122.267,-3.435],[122.238,-3.398],[122.274,-3.381],[122.28,-3.364],[122.309,-3.385],[122.33,-3.387],[122.376,-3.458],[122.391,-3.407],[122.372,-3.379],[122.354,-3.385],[122.338,-3.365],[122.312,-3.37],[122.289,-3.335],[122.3,-3.288],[122.311,-3.273],[122.296,-3.255],[122.302,-3.238],[122.298,-3.213],[122.311,-3.194],[122.314,-3.165],[122.289,-3.143],[122.266,-3.145],[122.253,-3.135],[122.233,-3.141],[122.172,-3.084],[122.181,-3.036],[122.177,-3.03],[122.131,-3.022],[122.091,-3],[122.079,-2.962],[122.068,-2.974],[121.842,-3.205],[121.828,-3.226],[121.764,-3.25],[121.747,-3.234],[121.735,-3.245],[121.672,-3.219],[121.678,-3.201],[121.649,-3.167],[121.634,-3.16],[121.612,-3.166],[121.591,-3.16],[121.554,-3.203],[121.522,-3.224],[121.504,-3.224],[121.488,-3.24],[121.431,-3.273],[121.428,-3.326],[121.441,-3.351],[121.476,-3.412],[121.503,-3.45]]]]},"properties":{"name":"Konawe Utara"}},
{"type":"Feature","geometry":{"type":"Polygon","coordinates":[[[128.271,-3.618],[128.27,-3.599],[128.239,-3.573],[128.217,-3.58],[128.195,-3.607],[128.194,-3.623],[128.14,-3.625],[128.128,-3.633],[128.096,-3.633],[128.065,-3.651],[128.05,-3.643],[128.028,-3.666],[128.034,-3.684],[128.083,-3.713],[128.1,-3.714],[128.109,-3.692],[128.152,-3.669],[128.201,-3.659],[128.195,-3.641],[128.234,-3.628],[128.244,-3.639],[128.189,-3.675],[128.172,-3.702],[128.155,-3.707],[128.13,-3.745],[128.127,-3.777],[128.151,-3.771],[128.16,-3.749],[128.183,-3.744],[128.193,-3.751],[128.227,-3.748],[128.264,-3.729],[128.274,-3.701],[128.299,-3.694],[128.296,-3.664],[128.267,-3.641],[128.271,-3.618]]]},"properties":{"name":"Kota Ambon"}},
{"type":"Feature","geometry":{"type":"Polygon","coordinates":[[[116.837,-1.046],[116.806,-1.058],[116.781,-1.039],[116.76,-1.076],[116.731,-1.086],[116.716,-1.11],[116.724,-1.121],[116.757,-1.139],[116.775,-1.188],[116.766,-1.212],[116.78,-1.225],[116.816,-1.24],[116.811,-1.282],[116.854,-1.275],[116.884,-1.277],[116.935,-1.252],[117,-1.201],[117.011,-1.184],[117.022,-1.141],[117.004,-1.13],[116.972,-1.125],[116.908,-1.081],[116.903,-1.063],[116.868,-1.059],[116.837,-1.046]]]},"properties":{"name":"Kota Balikpapan"}},
{"type":"Feature","geometry":{"type":"Polygon","coordinates":[[[95.367,5.608],[95.347,5.605],[95.311,5.58],[95.303,5.566],[95.28,5.552],[95.285,5.531],[95.315,5.515],[95.361,5.545],[95.354,5.564],[95.372,5.571],[95.367,5.608]]]},"properties":{"name":"Kota Banda Aceh"}},
{"type":"Feature","geometry":{"type":"Polygon","coordinates":[[[105.347,-5.522],[105.359,-5.514],[105.331,-5.48],[105.327,-5.452],[105.342,-5.42],[105.308,-5.375],[105.292,-5.368],[105.289,-5.349],[105.267,-5.355],[105.261,-5.337],[105.243,-5.343],[105.219,-5.366],[105.203,-5.387],[105.176,-5.408],[105.205,-5.421],[105.239,-5.492],[105.253,-5.489],[105.255,-5.461],[105.291,-5.445],[105.32,-5.469],[105.325,-5.502],[105.347,-5.522]]]},"properties":{"name":"Kota Bandar Lampung"}},
{"type":"Feature","geometry":{"type":"Polygon","coordinates":[[[107.629,-6.856],[107.597,-6.843],[107.577,-6.866],[107.571,-6.882],[107.556,-6.889],[107.569,-6.91],[107.564,-6.933],[107.547,-6.927],[107.563,-6.951],[107.585,-6.962],[107.617,-6.961],[107.694,-6.97],[107.716,-6.962],[107.713,-6.948],[107.739,-6.902],[107.715,-6.89],[107.689,-6.897],[107.665,-6.89],[107.642,-6.894],[107.629,-6.88],[107.629,-6.856]]]},"properties":{"name":"Kota Bandung"}},
{"type":"Feature","geometry":{"type":"Polygon","coordinates":[[[108.662,-7.352],[108.612,-7.344],[108.583,-7.35],[108.559,-7.326],[108.55,-7.342],[108.523,-7.359],[108.489,-7.35],[108.469,-7.382],[108.534,-7.416],[108.565,-7.438],[108.599,-7.395],[108.631,-7.382],[108.651,-7.387],[108.662,-7.352]]]},"properties":{"name":"Kota Banjar"}},
{"type":"Feature","geometry":{"type":"Polygon","coordinates":[[[114.704,-3.513],[114.762,-3.509],[114.809,-3.523],[114.832,-3.523],[114.835,-3.538],[114.877,-3.558],[114.92,-3.596],[114.918,-3.573],[114.929,-3.558],[114.923,-3.541],[114.93,-3.494],[114.93,-3.446],[114.868,-3.435],[114.855,-3.427],[114.825,-3.425],[114.741,-3.371],[114.719,-3.426],[114.705,-3.437],[114.697,-3.475],[114.704,-3.513]]]},"properties":{"name":"Kota Banjar Baru"}},
{"type":"Feature","geometry":{"type":"Polygon","coordinates":[[[114.639,-3.276],[114.625,-3.285],[114.595,-3.28],[114.569,-3.267],[114.561,-3.316],[114.522,-3.363],[114.545,-3.374],[114.586,-3.382],[114.608,-3.372],[114.625,-3.351],[114.66,-3.336],[114.628,-3.312],[114.639,-3.276]]]},"properties":{"name":"Kota Banjarmasin"}},
{"type":"Feature","geometry":{"type":"MultiPolygon","coordinates":[[[[115.772,-4.665],[115.757,-4.667],[115.726,-4.687],[115.735,-4.703],[115.765,-4.679],[115.772,-4.665]]],[[[116.321,-3.816],[116.3,-3.837],[116.314,-3.844],[116.321,-3.816]]],[[[116.411,-3.362],[116.391,-3.413],[116.345,-3.452],[116.333,-3.504],[116.313,-3.555],[116.343,-3.569],[116.355,-3.603],[116.352,-3.613],[116.362,-3.653],[116.384,-3.647],[116.399,-3.627],[116.408,-3.57],[116.408,-3.527],[116.42,-3.492],[116.42,-3.464],[116.435,-3.422],[116.431,-3.368],[116.411,-3.362]]],[[[116.26,-3.212],[116.17,-3.278],[116.166,-3.285],[116.123,-3.299],[116.114,-3.308],[116.104,-3.355],[116.08,-3.407],[116.069,-3.44],[116.039,-3.481],[116.04,-3.519],[116.047,-3.532],[116.037,-3.582],[116.01,-3.612],[116.005,-3.638],[116.012,-3.654],[116.006,-3.682],[116.014,-3.691],[116.024,-3.73],[116.053,-3.763],[116.073,-3.795],[116.082,-3.833],[116.065,-3.854],[116.064,-3.904],[116.079,-3.925],[116.05,-3.989],[116.057,-4.004],[116.041,-4.016],[116.056,-4.042],[116.069,-4.037],[116.085,-4.056],[116.097,-4.055],[116.115,-4.031],[116.141,-4.036],[116.172,-3.997],[116.203,-3.983],[116.208,-3.952],[116.244,-3.942],[116.272,-3.908],[116.29,-3.919],[116.31,-3.916],[116.295,-3.863],[116.298,-3.848],[116.275,-3.828],[116.276,-3.798],[116.307,-3.781],[116.328,-3.741],[116.299,-3.709],[116.296,-3.679],[116.301,-3.64],[116.291,-3.622],[116.293,-3.602],[116.306,-3.59],[116.291,-3.566],[116.273,-3.553],[116.27,-3.526],[116.292,-3.509],[116.314,-3.503],[116.314,-3.473],[116.306,-3.446],[116.288,-3.423],[116.259,-3.398],[116.249,-3.375],[116.265,-3.326],[116.267,-3.29],[116.276,-3.264],[116.27,-3.253],[116.281,-3.223],[116.26,-3.212]]],[[[116.149,-2.99],[116.138,-3.006],[116.159,-3.013],[116.177,-2.998],[116.149,-2.99]]],[[[116.15,-2.899],[116.15,-2.936],[116.188,-2.95],[116.203,-2.943],[116.15,-2.899]]],[[[116.314,-2.538],[116.307,-2.566],[116.291,-2.585],[116.292,-2.605],[116.316,-2.593],[116.323,-2.554],[116.314,-2.538]]],[[[115.804,-2.504],[115.84,-2.509],[115.878,-2.527],[115.888,-2.556],[115.887,-2.613],[115.857,-2.616],[115.824,-2.611],[115.812,-2.633],[115.791,-2.639],[115.764,-2.659],[115.725,-2.659],[115.72,-2.682],[115.706,-2.702],[115.657,-2.723],[115.627,-2.723],[115.597,-2.735],[115.587,-2.778],[115.573,-2.811],[115.557,-2.828],[115.572,-2.852],[115.577,-2.883],[115.596,-2.892],[115.575,-2.934],[115.547,-2.94],[115.533,-2.983],[115.517,-3],[115.512,-3.029],[115.562,-3.06],[115.624,-3.069],[115.633,-3.06],[115.666,-3.066],[115.679,-3.086],[115.705,-3.079],[115.717,-3.117],[115.732,-3.123],[115.736,-3.147],[115.753,-3.175],[115.773,-3.193],[115.793,-3.182],[115.83,-3.186],[115.837,-3.172],[115.934,-3.153],[115.948,-3.178],[115.947,-3.205],[115.931,-3.216],[115.931,-3.236],[115.947,-3.254],[115.964,-3.247],[115.974,-3.224],[115.99,-3.22],[116.001,-3.234],[116.041,-3.262],[116.071,-3.265],[116.087,-3.281],[116.1,-3.281],[116.174,-3.252],[116.184,-3.229],[116.168,-3.166],[116.139,-3.152],[116.106,-3.147],[116.081,-3.171],[116.068,-3.152],[116.107,-3.138],[116.132,-3.137],[116.18,-3.161],[116.211,-3.128],[116.275,-3.125],[116.268,-3.11],[116.218,-3.092],[116.17,-3.059],[116.154,-3.034],[116.156,-3.015],[116.103,-3.007],[116.091,-2.995],[116.121,-2.956],[116.103,-2.946],[116.105,-2.917],[116.131,-2.89],[116.135,-2.853],[116.155,-2.879],[116.156,-2.9],[116.182,-2.924],[116.205,-2.936],[116.213,-2.989],[116.221,-3.006],[116.271,-3.003],[116.316,-2.947],[116.345,-2.894],[116.364,-2.878],[116.36,-2.86],[116.372,-2.804],[116.359,-2.765],[116.361,-2.72],[116.37,-2.656],[116.381,-2.631],[116.411,-2.588],[116.391,-2.585],[116.356,-2.55],[116.33,-2.582],[116.314,-2.608],[116.288,-2.625],[116.289,-2.586],[116.305,-2.561],[116.304,-2.537],[116.337,-2.534],[116.353,-2.518],[116.398,-2.529],[116.419,-2.501],[116.471,-2.509],[116.481,-2.571],[116.512,-2.562],[116.531,-2.537],[116.523,-2.518],[116.527,-2.497],[116.546,-2.46],[116.546,-2.442],[116.559,-2.405],[116.493,-2.381],[116.455,-2.371],[116.308,-2.341],[116.273,-2.339],[116.236,-2.327],[116.227,-2.309],[116.161,-2.307],[116.148,-2.32],[116.081,-2.317],[116.034,-2.325],[116.006,-2.315],[115.983,-2.314],[115.955,-2.342],[115.936,-2.334],[115.895,-2.333],[115.887,-2.375],[115.872,-2.372],[115.85,-2.389],[115.809,-2.42],[115.813,-2.484],[115.804,-2.504]]]]},"properties":{"name":"Kota Baru"}},
{"type":"Feature","geometry":{"type":"MultiPolygon","coordinates":[[[[104.198,0.609],[104.185,0.588],[104.19,0.561],[104.225,0.579],[104.202,0.595],[104.198,0.609]]],[[[104.214,0.719],[104.222,0.683],[104.247,0.669],[104.264,0.622],[104.288,0.622],[104.287,0.656],[104.26,0.688],[104.251,0.683],[104.214,0.719]]],[[[104.262,0.801],[104.212,0.782],[104.193,0.787],[104.172,0.773],[104.19,0.752],[104.19,0.735],[104.219,0.725],[104.241,0.697],[104.278,0.709],[104.284,0.729],[104.263,0.745],[104.258,0.769],[104.277,0.797],[104.262,0.801]]],[[[104.119,0.958],[104.099,0.96],[104.078,0.945],[104.095,0.927],[104.091,0.911],[104.1,0.88],[104.119,0.876],[104.148,0.853],[104.165,0.791],[104.181,0.783],[104.2,0.798],[104.245,0.82],[104.26,0.84],[104.256,0.866],[104.21,0.882],[104.189,0.873],[104.157,0.902],[104.156,0.922],[104.144,0.938],[104.127,0.94],[104.119,0.958]]],[[[104.062,0.968],[104.046,0.964],[104.047,0.932],[104.07,0.917],[104.078,0.954],[104.062,0.968]]],[[[104.181,1.025],[104.156,1.016],[104.171,0.995],[104.181,1.025]]],[[[103.873,1.034],[103.854,1.017],[103.834,1.017],[103.833,0.977],[103.897,0.938],[103.911,0.934],[103.94,0.911],[103.947,0.929],[103.963,0.937],[103.968,0.957],[103.96,0.976],[103.918,1.009],[103.901,0.999],[103.873,1.034]]],[[[103.904,1.031],[103.885,1.03],[103.903,1.003],[103.917,1.017],[103.904,1.031]]],[[[103.776,1.049],[103.756,1.025],[103.782,0.979],[103.801,0.978],[103.8,1.025],[103.789,1.046],[103.776,1.049]]],[[[104.168,1.066],[104.161,1.03],[104.181,1.035],[104.168,1.066]]],[[[103.849,1.068],[103.833,1.064],[103.838,1.036],[103.882,1.053],[103.849,1.068]]],[[[104.114,1.196],[104.099,1.2],[104.072,1.187],[104.071,1.162],[104.089,1.154],[104.069,1.133],[104.054,1.132],[104.052,1.166],[104.015,1.192],[103.999,1.18],[103.99,1.139],[103.943,1.137],[103.921,1.084],[103.89,1.094],[103.907,1.066],[103.911,1.038],[103.941,1.009],[103.963,1.005],[103.993,1.016],[104.01,0.99],[104.034,0.98],[104.032,1.021],[104.062,0.985],[104.08,0.991],[104.084,1.028],[104.129,1.032],[104.139,1.054],[104.135,1.067],[104.141,1.101],[104.154,1.136],[104.149,1.171],[104.114,1.196]],[[104.04,1.092],[104.063,1.075],[104.105,1.07],[104.106,1.044],[104.09,1.04],[104.062,1.046],[104.036,1.08],[104.04,1.092]]]]},"properties":{"name":"Kota Batam"}},
{"type":"Feature","geometry":{"type":"Polygon","coordinates":[[[112.575,-7.734],[112.533,-7.725],[112.513,-7.751],[112.478,-7.769],[112.495,-7.814],[112.495,-7.854],[112.475,-7.904],[112.474,-7.942],[112.513,-7.923],[112.534,-7.926],[112.595,-7.903],[112.564,-7.878],[112.563,-7.814],[112.586,-7.785],[112.588,-7.767],[112.575,-7.734]]]},"properties":{"name":"Kota Batu"}},
{"type":"Feature","geometry":{"type":"Polygon","coordinates":[[[122.686,-5.321],[122.655,-5.324],[122.648,-5.357],[122.619,-5.406],[122.639,-5.409],[122.65,-5.436],[122.628,-5.46],[122.594,-5.455],[122.564,-5.483],[122.556,-5.518],[122.574,-5.538],[122.605,-5.525],[122.622,-5.505],[122.638,-5.515],[122.669,-5.496],[122.726,-5.495],[122.739,-5.491],[122.753,-5.459],[122.763,-5.404],[122.759,-5.376],[122.748,-5.361],[122.726,-5.352],[122.71,-5.332],[122.686,-5.321]]]},"properties":{"name":"Kota Baubau"}},
{"type":"Feature","geometry":{"type":"Polygon","coordinates":[[[106.972,-6.172],[106.966,-6.207],[106.951,-6.219],[106.944,-6.252],[106.916,-6.253],[106.912,-6.298],[106.923,-6.314],[106.914,-6.365],[106.904,-6.38],[106.919,-6.396],[106.944,-6.366],[106.962,-6.331],[106.97,-6.35],[106.994,-6.367],[107.017,-6.354],[107.016,-6.33],[107.037,-6.321],[107.037,-6.284],[107.017,-6.276],[107.024,-6.255],[107.041,-6.246],[107.031,-6.215],[107.032,-6.198],[107.006,-6.196],[107.011,-6.172],[106.972,-6.172]]]},"properties":{"name":"Kota Bekasi"}},
{"type":"Feature","geometry":{"type":"Polygon","coordinates":[[[102.25,-3.738],[102.261,-3.761],[102.254,-3.801],[102.293,-3.846],[102.303,-3.883],[102.269,-3.924],[102.288,-3.94],[102.31,-3.937],[102.318,-3.911],[102.335,-3.909],[102.344,-3.891],[102.363,-3.88],[102.378,-3.883],[102.406,-3.861],[102.384,-3.857],[102.36,-3.842],[102.355,-3.807],[102.334,-3.769],[102.332,-3.732],[102.29,-3.742],[102.275,-3.727],[102.25,-3.738]]]},"properties":{"name":"Kota Bengkulu"}},
{"type":"Feature","geometry":{"type":"Polygon","coordinates":[[[118.729,-8.349],[118.729,-8.359],[118.702,-8.39],[118.702,-8.416],[118.725,-8.436],[118.711,-8.459],[118.714,-8.497],[118.732,-8.514],[118.768,-8.519],[118.782,-8.507],[118.801,-8.533],[118.819,-8.523],[118.842,-8.497],[118.896,-8.49],[118.882,-8.469],[118.886,-8.452],[118.867,-8.439],[118.864,-8.424],[118.841,-8.424],[118.809,-8.409],[118.793,-8.423],[118.765,-8.401],[118.742,-8.4],[118.747,-8.378],[118.729,-8.349]]]},"properties":{"name":"Kota Bima"}},
{"type":"Feature","geometry":{"type":"Polygon","coordinates":[[[98.501,3.673],[98.472,3.648],[98.474,3.617],[98.443,3.613],[98.46,3.587],[98.447,3.567],[98.446,3.538],[98.478,3.528],[98.476,3.556],[98.494,3.555],[98.501,3.569],[98.533,3.568],[98.536,3.607],[98.526,3.629],[98.512,3.632],[98.511,3.673],[98.501,3.673]]]},"properties":{"name":"Kota Binjai"}},
{"type":"Feature","geometry":{"type":"MultiPolygon","coordinates":[[[[125.292,1.549],[125.278,1.528],[125.232,1.438],[125.183,1.426],[125.176,1.407],[125.19,1.4],[125.234,1.401],[125.258,1.413],[125.261,1.447],[125.279,1.48],[125.278,1.513],[125.293,1.534],[125.292,1.549]]],[[[125.104,1.397],[125.118,1.4],[125.126,1.428],[125.142,1.437],[125.203,1.443],[125.214,1.46],[125.235,1.47],[125.244,1.508],[125.235,1.529],[125.208,1.55],[125.169,1.566],[125.155,1.596],[125.146,1.577],[125.126,1.558],[125.112,1.561],[125.085,1.54],[125.083,1.513],[125.049,1.48],[125.04,1.464],[125.064,1.445],[125.092,1.447],[125.092,1.422],[125.104,1.397]]]]},"properties":{"name":"Kota Bitung"}},
{"type":"Feature","geometry":{"type":"Polygon","coordinates":[[[112.185,-8.056],[112.173,-8.058],[112.162,-8.085],[112.148,-8.08],[112.137,-8.109],[112.16,-8.137],[112.198,-8.094],[112.198,-8.066],[112.185,-8.056]]]},"properties":{"name":"Kota Blitar"}},
{"type":"Feature","geometry":{"type":"Polygon","coordinates":[[[106.779,-6.512],[106.765,-6.521],[106.765,-6.546],[106.741,-6.543],[106.735,-6.565],[106.763,-6.583],[106.784,-6.616],[106.783,-6.645],[106.811,-6.649],[106.819,-6.672],[106.848,-6.676],[106.847,-6.642],[106.831,-6.603],[106.837,-6.578],[106.818,-6.538],[106.793,-6.546],[106.789,-6.518],[106.779,-6.512]]]},"properties":{"name":"Kota Bogor"}},
{"type":"Feature","geometry":{"type":"Polygon","coordinates":[[[117.512,0.017],[117.499,0.06],[117.472,0.066],[117.485,0.093],[117.483,0.11],[117.51,0.109],[117.522,0.126],[117.507,0.159],[117.487,0.16],[117.505,0.206],[117.468,0.199],[117.468,0.175],[117.45,0.168],[117.431,0.111],[117.402,0.092],[117.389,0.062],[117.389,0.023],[117.512,0.017]]]},"properties":{"name":"Kota Bontang"}},
{"type":"Feature","geometry":{"type":"Polygon","coordinates":[[[100.397,-0.299],[100.385,-0.283],[100.334,-0.283],[100.371,-0.322],[100.395,-0.326],[100.397,-0.299]]]},"properties":{"name":"Kota Bukittinggi"}},
{"type":"Feature","geometry":{"type":"Polygon","coordinates":[[[105.923,-6.047],[105.964,-6.058],[105.988,-6.038],[106.003,-6.046],[106.03,-6.048],[106.02,-6.078],[106.05,-6.075],[106.065,-6.046],[106.082,-6.037],[106.088,-6.002],[106.063,-5.99],[106.059,-5.952],[106.033,-5.934],[106.044,-5.911],[106.041,-5.877],[106.008,-5.905],[105.993,-5.929],[106.003,-5.948],[105.996,-5.974],[105.966,-6.01],[105.941,-6.024],[105.923,-6.047]]]},"properties":{"name":"Kota Cilegon"}},
{"type":"Feature","geometry":{"type":"Polygon","coordinates":[[[107.547,-6.927],[107.564,-6.933],[107.569,-6.91],[107.556,-6.889],[107.571,-6.882],[107.567,-6.862],[107.538,-6.852],[107.511,-6.901],[107.525,-6.921],[107.547,-6.927]]]},"properties":{"name":"Kota Cimahi"}},
{"type":"Feature","geometry":{"type":"Polygon","coordinates":[[[108.595,-6.745],[108.578,-6.724],[108.562,-6.691],[108.552,-6.697],[108.547,-6.727],[108.52,-6.735],[108.536,-6.762],[108.53,-6.779],[108.55,-6.793],[108.555,-6.766],[108.57,-6.75],[108.595,-6.745]]]},"properties":{"name":"Kota Cirebon"}},
{"type":"Feature","geometry":{"type":"Polygon","coordinates":[[[115.187,-8.736],[115.214,-8.726],[115.229,-8.753],[115.251,-8.731],[115.264,-8.707],[115.261,-8.666],[115.275,-8.65],[115.26,-8.636],[115.242,-8.603],[115.215,-8.596],[115.182,-8.629],[115.176,-8.683],[115.187,-8.711],[115.187,-8.736]]]},"properties":{"name":"Kota Denpasar"}},
{"type":"Feature","geometry":{"type":"Polygon","coordinates":[[[106.919,-6.396],[106.904,-6.38],[106.914,-6.365],[106.894,-6.371],[106.841,-6.342],[106.839,-6.352],[106.795,-6.365],[106.809,-6.315],[106.78,-6.317],[106.771,-6.357],[106.721,-6.36],[106.717,-6.37],[106.731,-6.399],[106.738,-6.439],[106.766,-6.437],[106.816,-6.445],[106.832,-6.455],[106.882,-6.454],[106.899,-6.42],[106.919,-6.396]]]},"properties":{"name":"Kota Depok"}},
{"type":"Feature","geometry":{"type":"Polygon","coordinates":[[[101.726,1.672],[101.664,1.665],[101.614,1.642],[101.562,1.637],[101.524,1.65],[101.481,1.683],[101.441,1.687],[101.416,1.696],[101.387,1.72],[101.365,1.759],[101.356,1.795],[101.364,1.832],[101.354,1.844],[101.337,1.892],[101.322,1.982],[101.323,1.998],[101.305,2.041],[101.285,2.057],[101.268,2.081],[101.227,2.099],[101.179,2.128],[101.112,2.19],[101.076,2.218],[101.06,2.249],[101.062,2.275],[101.036,2.216],[101.013,2.145],[101.009,2.12],[101.019,2.076],[101.054,1.994],[101.06,1.955],[101.079,1.919],[101.117,1.87],[101.13,1.841],[101.203,1.753],[101.253,1.681],[101.282,1.632],[101.3,1.589],[101.314,1.527],[101.333,1.496],[101.317,1.475],[101.366,1.452],[101.422,1.431],[101.422,1.458],[101.476,1.456],[101.481,1.482],[101.515,1.482],[101.576,1.536],[101.626,1.517],[101.69,1.516],[101.728,1.661],[101.726,1.672]]]},"properties":{"name":"Kota Dumai"}},
{"type":"Feature","geometry":{"type":"Polygon","coordinates":[[[123.061,0.589],[122.997,0.542],[123.015,0.524],[123.039,0.513],[123.042,0.496],[123.059,0.507],[123.087,0.48],[123.1,0.503],[123.079,0.523],[123.089,0.552],[123.091,0.58],[123.061,0.589]]]},"properties":{"name":"Kota Gorontalo"}},
{"type":"Feature","geometry":{"type":"Polygon","coordinates":[[[97.69,1.178],[97.672,1.224],[97.652,1.237],[97.61,1.312],[97.578,1.346],[97.559,1.376],[97.541,1.388],[97.54,1.42],[97.521,1.423],[97.504,1.41],[97.478,1.372],[97.471,1.347],[97.51,1.274],[97.541,1.285],[97.58,1.269],[97.565,1.258],[97.576,1.201],[97.621,1.195],[97.626,1.174],[97.593,1.11],[97.646,1.1],[97.677,1.112],[97.663,1.139],[97.69,1.178]]]},"properties":{"name":"Kota Gunungsitoli"}},
{"type":"Feature","geometry":{"type":"Polygon","coordinates":[[[106.711,-6.096],[106.687,-6.097],[106.692,-6.136],[106.689,-6.172],[106.724,-6.192],[106.718,-6.224],[106.737,-6.224],[106.766,-6.223],[106.792,-6.208],[106.82,-6.16],[106.821,-6.137],[106.775,-6.145],[106.727,-6.118],[106.711,-6.096]]]},"properties":{"name":"Kota Jakarta Barat"}},
{"type":"Feature","geometry":{"type":"Polygon","coordinates":[[[106.792,-6.208],[106.8,-6.229],[106.823,-6.203],[106.849,-6.208],[106.875,-6.192],[106.879,-6.166],[106.844,-6.145],[106.821,-6.137],[106.82,-6.16],[106.792,-6.208]]]},"properties":{"name":"Kota Jakarta Pusat"}},
{"type":"Feature","geometry":{"type":"Polygon","coordinates":[[[106.841,-6.342],[106.838,-6.321],[106.855,-6.314],[106.847,-6.286],[106.866,-6.234],[106.849,-6.208],[106.823,-6.203],[106.8,-6.229],[106.792,-6.208],[106.766,-6.223],[106.737,-6.224],[106.748,-6.25],[106.752,-6.275],[106.78,-6.317],[106.809,-6.315],[106.795,-6.365],[106.839,-6.352],[106.841,-6.342]]]},"properties":{"name":"Kota Jakarta Selatan"}},
{"type":"Feature","geometry":{"type":"Polygon","coordinates":[[[106.972,-6.155],[106.922,-6.162],[106.922,-6.183],[106.896,-6.178],[106.879,-6.166],[106.875,-6.192],[106.849,-6.208],[106.866,-6.234],[106.847,-6.286],[106.855,-6.314],[106.838,-6.321],[106.841,-6.342],[106.894,-6.371],[106.914,-6.365],[106.923,-6.314],[106.912,-6.298],[106.916,-6.253],[106.944,-6.252],[106.951,-6.219],[106.966,-6.207],[106.972,-6.172],[106.972,-6.155]]]},"properties":{"name":"Kota Jakarta Timur"}},
{"type":"Feature","geometry":{"type":"Polygon","coordinates":[[[106.969,-6.092],[106.926,-6.1],[106.891,-6.097],[106.847,-6.12],[106.83,-6.121],[106.765,-6.099],[106.736,-6.1],[106.725,-6.089],[106.711,-6.096],[106.727,-6.118],[106.775,-6.145],[106.821,-6.137],[106.844,-6.145],[106.879,-6.166],[106.896,-6.178],[106.922,-6.183],[106.922,-6.162],[106.972,-6.155],[106.969,-6.092]]]},"properties":{"name":"Kota Jakarta Utara"}},
{"type":"Feature","geometry":{"type":"Polygon","coordinates":[[[103.614,-1.547],[103.601,-1.547],[103.566,-1.574],[103.55,-1.566],[103.537,-1.589],[103.549,-1.609],[103.529,-1.65],[103.527,-1.677],[103.559,-1.68],[103.568,-1.665],[103.594,-1.674],[103.609,-1.691],[103.631,-1.676],[103.614,-1.657],[103.654,-1.656],[103.675,-1.629],[103.677,-1.613],[103.655,-1.608],[103.649,-1.55],[103.614,-1.547]]]},"properties":{"name":"Kota Jambi"}},
{"type":"Feature","geometry":{"type":"Polygon","coordinates":[[[140.632,-2.716],[140.664,-2.726],[140.69,-2.721],[140.707,-2.707],[140.73,-2.707],[140.758,-2.719],[140.825,-2.734],[140.881,-2.767],[140.938,-2.791],[141,-2.829],[141,-2.604],[140.962,-2.607],[140.922,-2.622],[140.887,-2.615],[140.809,-2.606],[140.789,-2.595],[140.78,-2.627],[140.748,-2.624],[140.725,-2.633],[140.7,-2.626],[140.686,-2.613],[140.691,-2.592],[140.718,-2.558],[140.712,-2.539],[140.742,-2.522],[140.73,-2.501],[140.694,-2.478],[140.653,-2.476],[140.625,-2.532],[140.626,-2.583],[140.621,-2.615],[140.627,-2.704],[140.632,-2.716]]]},"properties":{"name":"Kota Jayapura"}},
{"type":"Feature","geometry":{"type":"Polygon","coordinates":[[[112.001,-7.771],[111.977,-7.794],[111.956,-7.797],[111.958,-7.823],[111.987,-7.83],[112.022,-7.868],[112.056,-7.871],[112.075,-7.837],[112.058,-7.836],[112.033,-7.819],[112.009,-7.79],[112.001,-7.771]]]},"properties":{"name":"Kota Kediri"}},
{"type":"Feature","geometry":{"type":"Polygon","coordinates":[[[122.44,-4.008],[122.44,-4.018],[122.47,-4.032],[122.507,-4.083],[122.527,-4.091],[122.573,-4.069],[122.596,-4.076],[122.616,-4.026],[122.636,-4.018],[122.651,-4.003],[122.619,-4.003],[122.59,-3.978],[122.547,-3.99],[122.536,-3.967],[122.558,-3.967],[122.599,-3.979],[122.624,-3.949],[122.581,-3.94],[122.539,-3.941],[122.522,-3.935],[122.507,-3.909],[122.481,-3.909],[122.452,-3.94],[122.452,-3.966],[122.44,-4.008]]]},"properties":{"name":"Kota Kendari"}},
{"type":"Feature","geometry":{"type":"Polygon","coordinates":[[[124.341,0.648],[124.377,0.661],[124.349,0.731],[124.356,0.755],[124.346,0.769],[124.321,0.775],[124.305,0.754],[124.257,0.745],[124.256,0.709],[124.289,0.699],[124.293,0.66],[124.318,0.667],[124.341,0.648]]]},"properties":{"name":"Kota Kotamobagu"}},
{"type":"Feature","geometry":{"type":"Polygon","coordinates":[[[123.528,-10.21],[123.557,-10.227],[123.59,-10.287],[123.614,-10.293],[123.63,-10.285],[123.639,-10.244],[123.621,-10.231],[123.64,-10.218],[123.663,-10.227],[123.651,-10.189],[123.681,-10.175],[123.662,-10.159],[123.68,-10.148],[123.675,-10.132],[123.65,-10.146],[123.625,-10.14],[123.582,-10.157],[123.563,-10.172],[123.531,-10.178],[123.528,-10.21]]]},"properties":{"name":"Kota Kupang"}},
{"type":"Feature","geometry":{"type":"Polygon","coordinates":[[[98.079,4.513],[98.086,4.533],[98.072,4.547],[98.04,4.528],[98.027,4.542],[97.99,4.532],[97.976,4.558],[97.981,4.543],[97.963,4.528],[97.932,4.534],[97.917,4.529],[97.898,4.506],[97.877,4.458],[97.887,4.448],[97.917,4.452],[97.925,4.435],[97.962,4.442],[97.968,4.426],[97.995,4.409],[98.024,4.416],[98.04,4.426],[98.046,4.456],[98.037,4.48],[98.062,4.478],[98.061,4.505],[98.079,4.513]]]},"properties":{"name":"Kota Langsa"}},
{"type":"Feature","geometry":{"type":"Polygon","coordinates":[[[97.177,5.142],[97.143,5.156],[97.154,5.176],[97.141,5.2],[97.109,5.22],[97.047,5.241],[97.037,5.213],[97.061,5.178],[97.066,5.159],[97.081,5.157],[97.108,5.126],[97.101,5.114],[97.136,5.092],[97.179,5.084],[97.174,5.104],[97.177,5.142]]]},"properties":{"name":"Kota Lhokseumawe"}},
{"type":"Feature","geometry":{"type":"Polygon","coordinates":[[[102.966,-3.362],[102.97,-3.261],[102.948,-3.253],[102.935,-3.206],[102.916,-3.191],[102.91,-3.161],[102.881,-3.157],[102.86,-3.129],[102.836,-3.151],[102.832,-3.175],[102.813,-3.175],[102.809,-3.205],[102.816,-3.236],[102.798,-3.254],[102.779,-3.258],[102.76,-3.284],[102.791,-3.29],[102.799,-3.321],[102.813,-3.337],[102.835,-3.334],[102.883,-3.347],[102.892,-3.376],[102.914,-3.376],[102.966,-3.362]]]},"properties":{"name":"Kota Lubuklinggau"}},
{"type":"Feature","geometry":{"type":"Polygon","coordinates":[[[111.511,-7.659],[111.542,-7.659],[111.551,-7.642],[111.559,-7.597],[111.521,-7.597],[111.496,-7.638],[111.512,-7.649],[111.511,-7.659]]]},"properties":{"name":"Kota Madiun"}},
{"type":"Feature","geometry":{"type":"Polygon","coordinates":[[[110.226,-7.438],[110.214,-7.451],[110.202,-7.499],[110.234,-7.5],[110.226,-7.438]]]},"properties":{"name":"Kota Magelang"}},
{"type":"Feature","geometry":{"type":"Polygon","coordinates":[[[119.519,-5.166],[119.518,-5.15],[119.536,-5.131],[119.543,-5.111],[119.541,-5.083],[119.528,-5.064],[119.502,-5.069],[119.478,-5.059],[119.45,-5.096],[119.409,-5.113],[119.408,-5.145],[119.389,-5.162],[119.379,-5.195],[119.384,-5.214],[119.401,-5.233],[119.41,-5.203],[119.464,-5.177],[119.489,-5.191],[119.513,-5.195],[119.519,-5.166]]]},"properties":{"name":"Kota Makassar"}},
{"type":"Feature","geometry":{"type":"Polygon","coordinates":[[[112.631,-7.912],[112.602,-7.922],[112.596,-7.938],[112.603,-7.968],[112.597,-8.006],[112.631,-8.035],[112.656,-8.05],[112.675,-8.028],[112.692,-7.992],[112.69,-7.975],[112.664,-7.958],[112.663,-7.927],[112.631,-7.912]]]},"properties":{"name":"Kota Malang"}},
{"type":"Feature","geometry":{"type":"MultiPolygon","coordinates":[[[[124.892,1.458],[124.894,1.485],[124.933,1.508],[124.923,1.528],[124.928,1.564],[124.91,1.574],[124.878,1.575],[124.844,1.564],[124.821,1.582],[124.809,1.578],[124.809,1.554],[124.841,1.527],[124.845,1.515],[124.826,1.464],[124.816,1.458],[124.784,1.461],[124.787,1.444],[124.83,1.431],[124.892,1.458]]],[[[124.702,1.649],[124.684,1.642],[124.683,1.622],[124.698,1.617],[124.716,1.628],[124.702,1.649]]]]},"properties":{"name":"Kota Manado"}},
{"type":"Feature","geometry":{"type":"Polygon","coordinates":[[[116.074,-8.625],[116.101,-8.625],[116.151,-8.612],[116.16,-8.585],[116.143,-8.566],[116.069,-8.551],[116.074,-8.625]]]},"properties":{"name":"Kota Mataram"}},
{"type":"Feature","geometry":{"type":"Polygon","coordinates":[[[98.707,3.772],[98.71,3.794],[98.681,3.788],[98.674,3.773],[98.654,3.782],[98.632,3.775],[98.625,3.76],[98.653,3.732],[98.626,3.713],[98.633,3.684],[98.649,3.683],[98.665,3.626],[98.653,3.615],[98.607,3.61],[98.602,3.587],[98.612,3.554],[98.599,3.547],[98.602,3.516],[98.592,3.498],[98.632,3.506],[98.655,3.496],[98.662,3.515],[98.698,3.518],[98.698,3.531],[98.742,3.529],[98.727,3.551],[98.742,3.599],[98.707,3.602],[98.71,3.627],[98.693,3.627],[98.71,3.673],[98.708,3.717],[98.727,3.733],[98.705,3.744],[98.707,3.772]]]},"properties":{"name":"Kota Medan"}},
{"type":"Feature","geometry":{"type":"Polygon","coordinates":[[[105.276,-5.18],[105.295,-5.185],[105.331,-5.168],[105.324,-5.133],[105.34,-5.107],[105.334,-5.088],[105.316,-5.076],[105.32,-5.053],[105.269,-5.097],[105.279,-5.124],[105.276,-5.18]]]},"properties":{"name":"Kota Metro"}},
{"type":"Feature","geometry":{"type":"Polygon","coordinates":[[[112.458,-7.457],[112.415,-7.457],[112.408,-7.489],[112.461,-7.483],[112.458,-7.457]]]},"properties":{"name":"Kota Mojokerto"}},
{"type":"Feature","geometry":{"type":"Polygon","coordinates":[[[100.456,-0.729],[100.4,-0.749],[100.347,-0.786],[100.337,-0.801],[100.298,-0.806],[100.292,-0.816],[100.326,-0.852],[100.342,-0.884],[100.353,-0.958],[100.365,-0.996],[100.382,-0.993],[100.39,-1.009],[100.379,-1.034],[100.402,-1.031],[100.414,-1.059],[100.404,-1.07],[100.376,-1.064],[100.365,-1.085],[100.385,-1.115],[100.368,-1.125],[100.363,-1.143],[100.421,-1.109],[100.413,-1.086],[100.43,-1.059],[100.458,-1.032],[100.479,-1.003],[100.493,-1.004],[100.52,-0.991],[100.537,-0.957],[100.538,-0.945],[100.564,-0.908],[100.545,-0.855],[100.531,-0.844],[100.545,-0.815],[100.541,-0.809],[100.505,-0.786],[100.503,-0.757],[100.479,-0.752],[100.479,-0.737],[100.456,-0.729]]]},"properties":{"name":"Kota Padang"}},
{"type":"Feature","geometry":{"type":"Polygon","coordinates":[[[100.4,-0.45],[100.379,-0.461],[100.38,-0.486],[100.431,-0.487],[100.436,-0.47],[100.425,-0.456],[100.4,-0.45]]]},"properties":{"name":"Kota Padang Panjang"}},
{"type":"Feature","geometry":{"type":"Polygon","coordinates":[[[99.251,1.47],[99.226,1.456],[99.229,1.395],[99.245,1.381],[99.248,1.362],[99.278,1.358],[99.31,1.304],[99.349,1.312],[99.346,1.326],[99.308,1.388],[99.306,1.406],[99.325,1.41],[99.302,1.439],[99.299,1.467],[99.251,1.47]]]},"properties":{"name":"Kota Padangsidimpuan"}},
{"type":"Feature","geometry":{"type":"Polygon","coordinates":[[[103.285,-4.257],[103.305,-4.255],[103.309,-4.251],[103.331,-4.186],[103.346,-4.18],[103.363,-4.158],[103.355,-4.123],[103.359,-4.098],[103.39,-4.072],[103.401,-4.047],[103.415,-3.985],[103.361,-3.996],[103.343,-4.031],[103.328,-4.044],[103.289,-4.044],[103.277,-4.037],[103.286,-4.007],[103.253,-4.003],[103.22,-3.988],[103.191,-3.989],[103.132,-4.015],[103.121,-4.016],[103.137,-4.042],[103.153,-4.107],[103.181,-4.148],[103.185,-4.216],[103.181,-4.236],[103.201,-4.248],[103.217,-4.24],[103.251,-4.245],[103.285,-4.257]]]},"properties":{"name":"Kota Pagar Alam"}},
{"type":"Feature","geometry":{"type":"Polygon","coordinates":[[[113.492,-1.658],[113.484,-1.694],[113.498,-1.719],[113.499,-1.738],[113.489,-1.762],[113.489,-1.786],[113.506,-1.823],[113.534,-1.849],[113.572,-1.9],[113.594,-1.919],[113.614,-1.95],[113.623,-1.991],[113.656,-2.037],[113.683,-2.067],[113.695,-2.087],[113.7,-2.158],[113.695,-2.234],[113.706,-2.285],[113.753,-2.333],[113.767,-2.37],[113.763,-2.399],[113.941,-2.398],[113.975,-2.391],[114.027,-2.397],[114.03,-2.292],[114.085,-2.251],[114.107,-2.198],[114.035,-2.174],[113.938,-2.164],[113.927,-2.143],[113.831,-2.004],[113.815,-1.956],[113.822,-1.895],[113.823,-1.84],[113.818,-1.789],[113.805,-1.741],[113.807,-1.706],[113.827,-1.631],[113.758,-1.624],[113.704,-1.631],[113.667,-1.645],[113.6,-1.655],[113.567,-1.637],[113.552,-1.642],[113.519,-1.671],[113.492,-1.658]]]},"properties":{"name":"Kota Palangka Raya"}},
{"type":"Feature","geometry":{"type":"Polygon","coordinates":[[[104.645,-3.025],[104.69,-3.056],[104.729,-3.074],[104.744,-3.064],[104.751,-3.039],[104.779,-3.034],[104.781,-3.052],[104.797,-3.035],[104.824,-3.025],[104.834,-2.988],[104.855,-2.98],[104.866,-2.957],[104.852,-2.945],[104.85,-2.925],[104.815,-2.944],[104.79,-2.904],[104.774,-2.919],[104.756,-2.915],[104.749,-2.894],[104.704,-2.865],[104.675,-2.865],[104.667,-2.883],[104.679,-2.906],[104.677,-2.936],[104.652,-2.921],[104.634,-2.936],[104.624,-2.975],[104.626,-3.001],[104.645,-3.025]]]},"properties":{"name":"Kota Palembang"}},
{"type":"Feature","geometry":{"type":"Polygon","coordinates":[[[120.23,-2.953],[120.233,-2.94],[120.216,-2.913],[120.217,-2.896],[120.199,-2.89],[120.159,-2.889],[120.14,-2.903],[120.094,-2.918],[120.048,-2.954],[120.059,-2.968],[120.053,-2.983],[120.084,-3.006],[120.083,-3.031],[120.139,-3.087],[120.178,-3.054],[120.208,-3.06],[120.229,-3.043],[120.222,-3.008],[120.188,-2.977],[120.199,-2.957],[120.23,-2.953]]]},"properties":{"name":"Kota Palopo"}},
{"type":"Feature","geometry":{"type":"Polygon","coordinates":[[[119.781,-0.898],[119.796,-0.871],[119.812,-0.868],[119.825,-0.882],[119.831,-0.942],[119.862,-0.933],[119.876,-0.923],[119.905,-0.943],[119.933,-0.944],[119.929,-0.921],[119.958,-0.917],[120.003,-0.903],[120.023,-0.883],[120.039,-0.868],[120.037,-0.848],[120.027,-0.812],[120.015,-0.795],[119.992,-0.795],[119.974,-0.808],[119.954,-0.798],[119.917,-0.789],[119.913,-0.774],[119.887,-0.778],[119.877,-0.765],[119.895,-0.751],[119.878,-0.739],[119.906,-0.719],[119.941,-0.715],[119.961,-0.698],[119.955,-0.681],[119.926,-0.697],[119.872,-0.695],[119.875,-0.682],[119.925,-0.645],[119.904,-0.635],[119.855,-0.663],[119.844,-0.697],[119.863,-0.714],[119.855,-0.735],[119.862,-0.756],[119.859,-0.778],[119.878,-0.801],[119.884,-0.821],[119.871,-0.883],[119.839,-0.879],[119.813,-0.828],[119.805,-0.803],[119.797,-0.817],[119.76,-0.835],[119.77,-0.861],[119.768,-0.893],[119.781,-0.898]]]},"properties":{"name":"Kota Palu"}},
{"type":"Feature","geometry":{"type":"Polygon","coordinates":[[[106.089,-2.145],[106.112,-2.155],[106.133,-2.146],[106.156,-2.161],[106.178,-2.149],[106.178,-2.128],[106.165,-2.093],[106.151,-2.083],[106.13,-2.057],[106.09,-2.078],[106.045,-2.075],[106.04,-2.113],[106.082,-2.127],[106.089,-2.145]]]},"properties":{"name":"Kota Pangkal Pinang"}},
{"type":"Feature","geometry":{"type":"Polygon","coordinates":[[[119.707,-4.079],[119.698,-4.052],[119.699,-4.023],[119.693,-4],[119.664,-3.961],[119.636,-3.982],[119.62,-4.015],[119.626,-4.038],[119.62,-4.067],[119.641,-4.077],[119.67,-4.072],[119.707,-4.079]]]},"properties":{"name":"Kota Parepare"}},
{"type":"Feature","geometry":{"type":"Polygon","coordinates":[[[100.159,-0.676],[100.173,-0.652],[100.174,-0.618],[100.151,-0.573],[100.12,-0.555],[100.091,-0.568],[100.129,-0.647],[100.159,-0.676]]]},"properties":{"name":"Kota Pariaman"}},
{"type":"Feature","geometry":{"type":"Polygon","coordinates":[[[112.952,-7.622],[112.935,-7.632],[112.903,-7.626],[112.872,-7.634],[112.878,-7.655],[112.901,-7.686],[112.932,-7.669],[112.952,-7.633],[112.952,-7.622]]]},"properties":{"name":"Kota Pasuruan"}},
{"type":"Feature","geometry":{"type":"Polygon","coordinates":[[[100.656,-0.188],[100.632,-0.194],[100.598,-0.191],[100.583,-0.21],[100.599,-0.22],[100.586,-0.237],[100.599,-0.262],[100.619,-0.275],[100.649,-0.265],[100.646,-0.25],[100.677,-0.231],[100.684,-0.207],[100.671,-0.189],[100.656,-0.188]]]},"properties":{"name":"Kota Payakumbuh"}},
{"type":"Feature","geometry":{"type":"Polygon","coordinates":[[[109.714,-6.868],[109.666,-6.852],[109.647,-6.88],[109.648,-6.922],[109.675,-6.935],[109.695,-6.928],[109.695,-6.912],[109.714,-6.868]]]},"properties":{"name":"Kota Pekalongan"}},
{"type":"Feature","geometry":{"type":"Polygon","coordinates":[[[101.574,0.454],[101.589,0.474],[101.58,0.497],[101.592,0.531],[101.576,0.551],[101.591,0.607],[101.55,0.638],[101.54,0.658],[101.457,0.662],[101.441,0.666],[101.397,0.692],[101.378,0.669],[101.375,0.645],[101.334,0.613],[101.329,0.591],[101.375,0.554],[101.363,0.536],[101.363,0.499],[101.35,0.491],[101.363,0.432],[101.392,0.436],[101.427,0.422],[101.447,0.423],[101.477,0.456],[101.529,0.434],[101.567,0.425],[101.574,0.454]]]},"properties":{"name":"Kota Pekanbaru"}},
{"type":"Feature","geometry":{"type":"Polygon","coordinates":[[[99.102,3.016],[99.072,3.014],[99.038,2.999],[99.021,2.981],[99.019,2.949],[99.041,2.924],[99.046,2.906],[99.086,2.933],[99.093,2.955],[99.096,3.006],[99.102,3.016]]]},"properties":{"name":"Kota Pematang Siantar"}},
{"type":"Feature","geometry":{"type":"MultiPolygon","coordinates":[[[[109.384,-0.026],[109.345,-0.024],[109.373,-0.062],[109.371,-0.036],[109.384,-0.026]]],[[[109.366,-0.061],[109.342,-0.023],[109.314,-0.003],[109.287,0.002],[109.285,-0.017],[109.272,-0.027],[109.311,-0.07],[109.344,-0.097],[109.366,-0.061]]],[[[109.371,0.021],[109.309,0.038],[109.29,0.008],[109.321,0],[109.345,-0.021],[109.377,-0.021],[109.371,0.021]]]]},"properties":{"name":"Kota Pontianak"}},
{"type":"Feature","geometry":{"type":"Polygon","coordinates":[[[104.213,-3.368],[104.18,-3.357],[104.149,-3.34],[104.131,-3.359],[104.132,-3.378],[104.152,-3.396],[104.151,-3.445],[104.139,-3.45],[104.133,-3.486],[104.142,-3.506],[104.131,-3.52],[104.147,-3.542],[104.184,-3.546],[104.254,-3.54],[104.243,-3.568],[104.276,-3.573],[104.305,-3.562],[104.311,-3.548],[104.311,-3.512],[104.301,-3.498],[104.293,-3.478],[104.309,-3.463],[104.317,-3.427],[104.348,-3.371],[104.306,-3.357],[104.242,-3.374],[104.213,-3.368]]]},"properties":{"name":"Kota Prabumulih"}},
{"type":"Feature","geometry":{"type":"Polygon","coordinates":[[[113.238,-7.74],[113.214,-7.736],[113.18,-7.746],[113.164,-7.779],[113.183,-7.792],[113.178,-7.81],[113.216,-7.82],[113.24,-7.809],[113.232,-7.756],[113.238,-7.74]]]},"properties":{"name":"Kota Probolinggo"}},
{"type":"Feature","geometry":{"type":"Polygon","coordinates":[[[95.221,5.906],[95.22,5.875],[95.257,5.844],[95.265,5.807],[95.285,5.781],[95.33,5.773],[95.341,5.784],[95.352,5.828],[95.377,5.828],[95.368,5.852],[95.353,5.868],[95.348,5.886],[95.324,5.882],[95.301,5.863],[95.304,5.841],[95.264,5.858],[95.252,5.882],[95.221,5.906]]]},"properties":{"name":"Kota Sabang"}},
{"type":"Feature","geometry":{"type":"Polygon","coordinates":[[[110.488,-7.292],[110.469,-7.296],[110.475,-7.319],[110.47,-7.338],[110.481,-7.38],[110.51,-7.387],[110.516,-7.363],[110.533,-7.361],[110.531,-7.34],[110.517,-7.32],[110.521,-7.299],[110.488,-7.292]]]},"properties":{"name":"Kota Salatiga"}},
{"type":"Feature","geometry":{"type":"Polygon","coordinates":[[[117.239,-0.567],[117.267,-0.549],[117.26,-0.524],[117.263,-0.478],[117.28,-0.463],[117.279,-0.42],[117.304,-0.397],[117.293,-0.366],[117.272,-0.359],[117.244,-0.367],[117.239,-0.339],[117.221,-0.321],[117.199,-0.312],[117.17,-0.338],[117.145,-0.351],[117.136,-0.388],[117.123,-0.409],[117.101,-0.424],[117.069,-0.434],[117.053,-0.472],[117.047,-0.517],[117.067,-0.571],[117.094,-0.577],[117.097,-0.591],[117.142,-0.619],[117.13,-0.663],[117.152,-0.685],[117.161,-0.704],[117.186,-0.701],[117.194,-0.676],[117.223,-0.668],[117.245,-0.634],[117.286,-0.593],[117.277,-0.581],[117.239,-0.567]]]},"properties":{"name":"Kota Samarinda"}},
{"type":"Feature","geometry":{"type":"Polygon","coordinates":[[[100.798,-0.565],[100.732,-0.554],[100.707,-0.574],[100.699,-0.592],[100.703,-0.617],[100.691,-0.629],[100.695,-0.648],[100.709,-0.662],[100.696,-0.724],[100.71,-0.734],[100.728,-0.724],[100.776,-0.752],[100.789,-0.77],[100.812,-0.77],[100.822,-0.758],[100.804,-0.72],[100.799,-0.674],[100.813,-0.606],[100.813,-0.579],[100.798,-0.565]]]},"properties":{"name":"Kota Sawah Lunto"}},
{"type":"Feature","geometry":{"type":"Polygon","coordinates":[[[110.463,-6.932],[110.421,-6.955],[110.402,-6.945],[110.37,-6.955],[110.352,-6.954],[110.311,-6.937],[110.285,-6.983],[110.275,-7.012],[110.269,-7.048],[110.301,-7.065],[110.305,-7.101],[110.317,-7.107],[110.356,-7.107],[110.384,-7.114],[110.416,-7.108],[110.429,-7.092],[110.454,-7.079],[110.478,-7.085],[110.495,-7.068],[110.481,-7.054],[110.49,-7.004],[110.505,-6.976],[110.501,-6.953],[110.463,-6.932]]]},"properties":{"name":"Kota Semarang"}},
{"type":"Feature","geometry":{"type":"Polygon","coordinates":[[[106.216,-6.016],[106.182,-6.026],[106.148,-6.02],[106.149,-6.047],[106.132,-6.077],[106.11,-6.086],[106.087,-6.118],[106.074,-6.122],[106.076,-6.15],[106.066,-6.175],[106.107,-6.179],[106.149,-6.169],[106.135,-6.204],[106.168,-6.219],[106.192,-6.218],[106.201,-6.198],[106.224,-6.198],[106.226,-6.181],[106.241,-6.172],[106.255,-6.148],[106.226,-6.128],[106.23,-6.098],[106.216,-6.069],[106.227,-6.043],[106.216,-6.016]]]},"properties":{"name":"Kota Serang"}},
{"type":"Feature","geometry":{"type":"Polygon","coordinates":[[[98.796,1.722],[98.809,1.73],[98.793,1.751],[98.769,1.756],[98.769,1.745],[98.796,1.722]]]},"properties":{"name":"Kota Sibolga"}},
{"type":"Feature","geometry":{"type":"Polygon","coordinates":[[[109.176,0.965],[109.15,0.98],[109.147,1.01],[109.108,1.012],[109.098,0.994],[109.063,0.99],[108.979,0.989],[108.971,0.945],[108.954,0.906],[108.912,0.863],[108.891,0.858],[108.874,0.841],[108.907,0.835],[108.915,0.818],[108.935,0.808],[108.961,0.808],[108.971,0.777],[109.004,0.764],[109.036,0.779],[109.041,0.832],[109.059,0.851],[109.093,0.862],[109.132,0.884],[109.157,0.903],[109.16,0.941],[109.176,0.965]]]},"properties":{"name":"Kota Singkawang"}},
{"type":"Feature","geometry":{"type":"Polygon","coordinates":[[[100.545,-0.815],[100.561,-0.819],[100.636,-0.795],[100.666,-0.811],[100.673,-0.769],[100.689,-0.747],[100.675,-0.739],[100.643,-0.745],[100.633,-0.765],[100.597,-0.785],[100.541,-0.809],[100.545,-0.815]]]},"properties":{"name":"Kota Solok"}},
{"type":"Feature","geometry":{"type":"Polygon","coordinates":[[[131.4,-0.782],[131.357,-0.782],[131.33,-0.789],[131.294,-0.806],[131.232,-0.816],[131.245,-0.847],[131.246,-0.873],[131.289,-0.911],[131.268,-0.92],[131.27,-0.934],[131.295,-0.932],[131.315,-0.946],[131.357,-0.952],[131.41,-0.955],[131.433,-0.944],[131.415,-0.865],[131.392,-0.828],[131.403,-0.823],[131.4,-0.782]]]},"properties":{"name":"Kota Sorong"}},
{"type":"Feature","geometry":{"type":"Polygon","coordinates":[[[97.792,2.507],[97.841,2.502],[97.849,2.523],[97.843,2.557],[97.854,2.564],[97.886,2.551],[97.891,2.561],[97.942,2.579],[97.954,2.577],[97.988,2.61],[98.024,2.584],[98.035,2.56],[98.054,2.561],[98.079,2.583],[98.085,2.603],[98.113,2.613],[98.104,2.649],[98.104,2.682],[98.086,2.706],[98.071,2.737],[98.07,2.764],[98.108,2.776],[98.117,2.785],[98.105,2.79],[98.098,2.819],[98.056,2.819],[98.039,2.848],[97.992,2.882],[97.949,2.895],[97.965,2.973],[97.935,2.99],[97.902,3.008],[97.871,3.01],[97.829,3],[97.815,2.982],[97.872,2.967],[97.9,2.966],[97.906,2.955],[97.905,2.912],[97.886,2.894],[97.858,2.882],[97.86,2.847],[97.837,2.827],[97.766,2.787],[97.817,2.669],[97.814,2.653],[97.825,2.637],[97.795,2.547],[97.792,2.507]]]},"properties":{"name":"Kota Subulussalam"}},
{"type":"Feature","geometry":{"type":"Polygon","coordinates":[[[106.915,-6.893],[106.901,-6.912],[106.901,-6.933],[106.91,-6.954],[106.874,-6.963],[106.906,-6.979],[106.931,-6.965],[106.953,-6.964],[106.96,-6.919],[106.915,-6.893]]]},"properties":{"name":"Kota Sukabumi"}},
{"type":"Feature","geometry":{"type":"Polygon","coordinates":[[[101.241,-2.065],[101.265,-2.102],[101.282,-2.25],[101.37,-2.191],[101.394,-2.18],[101.415,-2.156],[101.409,-2.118],[101.423,-2.102],[101.444,-2.105],[101.457,-2.089],[101.439,-2.059],[101.427,-2.026],[101.401,-2.031],[101.29,-2.027],[101.272,-2.033],[101.241,-2.065]]]},"properties":{"name":"Kota Sungai Penuh"}},
{"type":"Feature","geometry":{"type":"Polygon","coordinates":[[[112.656,-7.357],[112.705,-7.336],[112.727,-7.348],[112.755,-7.337],[112.813,-7.346],[112.827,-7.343],[112.846,-7.31],[112.847,-7.287],[112.833,-7.259],[112.801,-7.242],[112.78,-7.209],[112.765,-7.196],[112.743,-7.194],[112.719,-7.207],[112.711,-7.221],[112.671,-7.222],[112.661,-7.193],[112.613,-7.209],[112.592,-7.207],[112.617,-7.258],[112.632,-7.262],[112.627,-7.283],[112.629,-7.312],[112.649,-7.315],[112.656,-7.357]]]},"properties":{"name":"Kota Surabaya"}},
{"type":"Feature","geometry":{"type":"Polygon","coordinates":[[[110.801,-7.534],[110.796,-7.549],[110.771,-7.545],[110.788,-7.575],[110.802,-7.571],[110.833,-7.595],[110.847,-7.573],[110.861,-7.567],[110.867,-7.557],[110.855,-7.535],[110.816,-7.523],[110.801,-7.534]]]},"properties":{"name":"Kota Surakarta"}},
{"type":"Feature","geometry":{"type":"Polygon","coordinates":[[[106.687,-6.097],[106.614,-6.126],[106.613,-6.148],[106.59,-6.148],[106.579,-6.172],[106.553,-6.185],[106.565,-6.211],[106.591,-6.222],[106.597,-6.208],[106.619,-6.227],[106.638,-6.23],[106.688,-6.234],[106.696,-6.252],[106.748,-6.25],[106.737,-6.224],[106.718,-6.224],[106.724,-6.192],[106.689,-6.172],[106.692,-6.136],[106.687,-6.097]]]},"properties":{"name":"Kota Tangerang"}},
{"type":"Feature","geometry":{"type":"Polygon","coordinates":[[[106.721,-6.36],[106.771,-6.357],[106.78,-6.317],[106.752,-6.275],[106.748,-6.25],[106.696,-6.252],[106.688,-6.234],[106.638,-6.23],[106.652,-6.269],[106.646,-6.276],[106.659,-6.309],[106.661,-6.328],[106.647,-6.344],[106.651,-6.362],[106.666,-6.358],[106.721,-6.36]]]},"properties":{"name":"Kota Tangerang Selatan"}},
{"type":"Feature","geometry":{"type":"Polygon","coordinates":[[[99.805,3.017],[99.795,3.009],[99.766,3.009],[99.782,2.97],[99.763,2.969],[99.753,2.942],[99.775,2.921],[99.804,2.929],[99.816,2.924],[99.837,2.937],[99.835,2.955],[99.809,2.97],[99.819,2.995],[99.805,3.017]]]},"properties":{"name":"Kota Tanjung Balai"}},
{"type":"Feature","geometry":{"type":"MultiPolygon","coordinates":[[[[104.459,0.885],[104.425,0.873],[104.467,0.859],[104.483,0.874],[104.469,0.878],[104.459,0.885]]],[[[104.474,0.979],[104.415,0.978],[104.414,0.957],[104.447,0.934],[104.439,0.906],[104.471,0.895],[104.484,0.876],[104.491,0.872],[104.479,0.866],[104.477,0.854],[104.497,0.839],[104.514,0.844],[104.532,0.862],[104.538,0.897],[104.553,0.922],[104.528,0.945],[104.499,0.989],[104.474,0.979]]]]},"properties":{"name":"Kota Tanjung Pinang"}},
{"type":"Feature","geometry":{"type":"Polygon","coordinates":[[[117.619,3.439],[117.599,3.443],[117.563,3.438],[117.549,3.442],[117.518,3.408],[117.515,3.381],[117.537,3.343],[117.542,3.326],[117.569,3.308],[117.587,3.288],[117.612,3.279],[117.628,3.243],[117.648,3.241],[117.653,3.261],[117.665,3.379],[117.666,3.415],[117.619,3.439]]]},"properties":{"name":"Kota Tarakan"}},
{"type":"Feature","geometry":{"type":"Polygon","coordinates":[[[108.193,-7.269],[108.176,-7.289],[108.155,-7.29],[108.167,-7.344],[108.163,-7.363],[108.183,-7.399],[108.192,-7.45],[108.213,-7.435],[108.258,-7.43],[108.275,-7.42],[108.281,-7.387],[108.272,-7.371],[108.292,-7.341],[108.313,-7.34],[108.284,-7.336],[108.202,-7.286],[108.193,-7.269]]]},"properties":{"name":"Kota Tasikmalaya"}},
{"type":"Feature","geometry":{"type":"Polygon","coordinates":[[[99.171,3.376],[99.154,3.342],[99.129,3.35],[99.133,3.313],[99.182,3.306],[99.187,3.317],[99.171,3.376]]]},"properties":{"name":"Kota Tebing Tinggi"}},
{"type":"Feature","geometry":{"type":"Polygon","coordinates":[[[109.077,-6.888],[109.102,-6.89],[109.121,-6.9],[109.147,-6.879],[109.162,-6.844],[109.13,-6.849],[109.102,-6.84],[109.082,-6.859],[109.077,-6.888]]]},"properties":{"name":"Kota Tegal"}},
{"type":"Feature","geometry":{"type":"MultiPolygon","coordinates":[[[[127.406,0.481],[127.386,0.471],[127.383,0.45],[127.399,0.433],[127.42,0.433],[127.439,0.447],[127.419,0.479],[127.406,0.481]]],[[[127.328,0.867],[127.302,0.841],[127.293,0.798],[127.306,0.766],[127.338,0.753],[127.37,0.76],[127.386,0.777],[127.389,0.829],[127.341,0.864],[127.328,0.867]]],[[[127.315,0.913],[127.305,0.903],[127.314,0.882],[127.331,0.892],[127.315,0.913]]],[[[126.385,1.348],[126.368,1.345],[126.358,1.331],[126.386,1.292],[126.411,1.339],[126.385,1.348]]]]},"properties":{"name":"Kota Ternate"}},
{"type":"Feature","geometry":{"type":"MultiPolygon","coordinates":[[[[127.407,0.758],[127.385,0.748],[127.387,0.725],[127.362,0.678],[127.368,0.644],[127.383,0.627],[127.413,0.622],[127.429,0.629],[127.448,0.654],[127.46,0.715],[127.448,0.746],[127.407,0.758]]],[[[127.618,0.79],[127.603,0.779],[127.604,0.764],[127.575,0.754],[127.547,0.729],[127.551,0.682],[127.54,0.655],[127.541,0.632],[127.529,0.613],[127.537,0.574],[127.527,0.554],[127.539,0.533],[127.562,0.516],[127.57,0.458],[127.582,0.414],[127.595,0.401],[127.622,0.396],[127.622,0.36],[127.649,0.358],[127.657,0.345],[127.721,0.342],[127.734,0.313],[127.724,0.273],[127.716,0.264],[127.708,0.211],[127.696,0.185],[127.692,0.146],[127.702,0.125],[127.691,0.1],[127.712,0.096],[127.722,0.072],[127.717,0.044],[127.699,0.016],[127.7,-0.01],[127.713,0.003],[127.733,0.005],[127.737,0.018],[127.768,0.026],[127.77,0.004],[127.787,0.006],[127.817,0.032],[127.797,0.054],[127.79,0.087],[127.789,0.152],[127.796,0.174],[127.824,0.209],[127.797,0.25],[127.82,0.273],[127.804,0.297],[127.799,0.317],[127.807,0.34],[127.807,0.374],[127.775,0.413],[127.769,0.454],[127.784,0.488],[127.806,0.49],[127.807,0.526],[127.826,0.542],[127.823,0.567],[127.81,0.598],[127.81,0.615],[127.792,0.643],[127.782,0.672],[127.783,0.692],[127.768,0.707],[127.767,0.731],[127.751,0.758],[127.731,0.759],[127.7,0.756],[127.652,0.776],[127.639,0.768],[127.618,0.79]]]]},"properties":{"name":"Kota Tidore Kepulauan"}},
{"type":"Feature","geometry":{"type":"Polygon","coordinates":[[[124.83,1.405],[124.812,1.397],[124.809,1.366],[124.796,1.357],[124.778,1.362],[124.744,1.333],[124.744,1.287],[124.768,1.29],[124.795,1.282],[124.827,1.253],[124.854,1.264],[124.856,1.295],[124.893,1.351],[124.863,1.353],[124.838,1.382],[124.83,1.405]]]},"properties":{"name":"Kota Tomohon"}},
{"type":"Feature","geometry":{"type":"MultiPolygon","coordinates":[[[[132.197,-5.718],[132.173,-5.727],[132.17,-5.74],[132.183,-5.767],[132.197,-5.758],[132.197,-5.718]]],[[[132.262,-5.581],[132.26,-5.598],[132.285,-5.607],[132.286,-5.636],[132.303,-5.65],[132.319,-5.629],[132.303,-5.606],[132.262,-5.581]]],[[[132.742,-5.531],[132.706,-5.531],[132.701,-5.554],[132.747,-5.549],[132.742,-5.531]]],[[[132.793,-5.578],[132.801,-5.531],[132.788,-5.533],[132.767,-5.569],[132.753,-5.583],[132.742,-5.612],[132.745,-5.656],[132.767,-5.683],[132.814,-5.682],[132.797,-5.613],[132.816,-5.556],[132.793,-5.578]]],[[[132.32,-5.522],[132.302,-5.53],[132.316,-5.548],[132.323,-5.579],[132.338,-5.584],[132.362,-5.563],[132.337,-5.533],[132.32,-5.522]]],[[[132.022,-5.313],[131.99,-5.311],[131.969,-5.337],[131.96,-5.373],[131.973,-5.389],[132.01,-5.371],[132.021,-5.342],[132.022,-5.313]]]]},"properties":{"name":"Kota Tual"}},
{"type":"Feature","geometry":{"type":"Polygon","coordinates":[[[110.397,-7.788],[110.362,-7.769],[110.351,-7.768],[110.352,-7.825],[110.375,-7.824],[110.404,-7.833],[110.397,-7.788]]]},"properties":{"name":"Kota Yogyakarta"}},
{"type":"Feature","geometry":{"type":"Polygon","coordinates":[[[111.819,-3.534],[111.879,-3.409],[111.899,-3.383],[111.933,-3.312],[111.969,-3.219],[111.995,-3.132],[112.047,-3.007],[112.055,-2.93],[112.053,-2.889],[112.027,-2.848],[111.989,-2.809],[111.978,-2.786],[111.971,-2.738],[111.985,-2.708],[111.983,-2.689],[111.996,-2.658],[112.004,-2.621],[112.015,-2.529],[112.044,-2.476],[112.059,-2.409],[112.044,-2.365],[112.044,-2.35],[112.025,-2.301],[112.001,-2.298],[111.985,-2.272],[111.983,-2.239],[111.99,-2.187],[112.009,-2.14],[112.021,-2.095],[112.062,-2.031],[112.081,-2.028],[112.091,-2.001],[112.074,-1.965],[112.032,-1.937],[111.991,-1.898],[111.963,-1.85],[111.953,-1.809],[111.963,-1.777],[111.955,-1.733],[111.906,-1.717],[111.899,-1.694],[111.881,-1.675],[111.888,-1.658],[111.878,-1.623],[111.862,-1.617],[111.853,-1.596],[111.836,-1.595],[111.797,-1.563],[111.809,-1.583],[111.824,-1.776],[111.82,-1.874],[111.791,-1.972],[111.745,-2.067],[111.712,-2.128],[111.691,-2.158],[111.668,-2.177],[111.629,-2.193],[111.607,-2.235],[111.602,-2.255],[111.603,-2.306],[111.56,-2.32],[111.518,-2.307],[111.438,-2.313],[111.408,-2.301],[111.382,-2.281],[111.368,-2.263],[111.342,-2.276],[111.356,-2.307],[111.317,-2.305],[111.317,-2.332],[111.274,-2.336],[111.265,-2.373],[111.284,-2.373],[111.285,-2.447],[111.279,-2.542],[111.289,-2.58],[111.3,-2.594],[111.302,-2.618],[111.344,-2.626],[111.377,-2.646],[111.4,-2.653],[111.386,-2.71],[111.379,-2.792],[111.383,-2.817],[111.38,-2.877],[111.362,-2.908],[111.383,-2.919],[111.413,-2.904],[111.425,-2.918],[111.455,-2.925],[111.497,-2.951],[111.528,-2.981],[111.541,-3.001],[111.56,-3.007],[111.599,-2.988],[111.636,-2.957],[111.69,-2.942],[111.698,-2.92],[111.68,-2.915],[111.669,-2.898],[111.687,-2.869],[111.718,-2.847],[111.727,-2.867],[111.752,-2.89],[111.765,-2.927],[111.814,-3.001],[111.825,-3.053],[111.82,-3.097],[111.81,-3.118],[111.798,-3.197],[111.811,-3.265],[111.819,-3.322],[111.817,-3.399],[111.808,-3.442],[111.797,-3.472],[111.775,-3.507],[111.782,-3.518],[111.819,-3.534]]]},"properties":{"name":"Kotawaringin Barat"}},
{"type":"Feature","geometry":{"type":"Polygon","coordinates":[[[112.128,-1.313],[112.133,-1.412],[112.125,-1.452],[112.112,-1.495],[112.079,-1.544],[112.071,-1.57],[112.073,-1.599],[112.09,-1.644],[112.141,-1.695],[112.192,-1.758],[112.202,-1.786],[112.232,-1.806],[112.234,-1.821],[112.251,-1.831],[112.269,-1.886],[112.285,-1.975],[112.284,-2.095],[112.321,-2.162],[112.334,-2.179],[112.373,-2.197],[112.373,-2.267],[112.408,-2.267],[112.408,-2.328],[112.429,-2.328],[112.435,-2.357],[112.435,-2.391],[112.459,-2.405],[112.47,-2.499],[112.474,-2.553],[112.481,-2.581],[112.511,-2.616],[112.578,-2.658],[112.607,-2.683],[112.688,-2.722],[112.782,-2.78],[112.871,-2.831],[112.848,-2.937],[112.81,-3.043],[112.841,-3.166],[112.874,-3.265],[112.919,-3.241],[112.974,-3.195],[112.997,-3.157],[112.963,-3.145],[112.948,-3.131],[112.942,-3.111],[112.984,-3.048],[113.003,-3.041],[113.02,-3.019],[113.032,-2.976],[113.047,-2.976],[113.058,-3.007],[113.088,-3.034],[113.134,-3.058],[113.157,-3.064],[113.167,-3.018],[113.098,-2.8],[113.081,-2.717],[113.091,-2.673],[113.138,-2.606],[113.203,-2.499],[113.213,-2.449],[113.172,-2.322],[113.175,-2.29],[113.196,-2.248],[113.239,-2.203],[113.245,-2.164],[113.235,-2.145],[113.231,-2.103],[113.262,-2.072],[113.282,-2.046],[113.284,-1.999],[113.28,-1.967],[113.253,-1.94],[113.196,-1.926],[113.192,-1.903],[113.201,-1.863],[113.159,-1.838],[113.097,-1.795],[113.027,-1.768],[112.981,-1.705],[112.931,-1.704],[112.929,-1.659],[112.864,-1.593],[112.855,-1.509],[112.841,-1.432],[112.821,-1.39],[112.802,-1.361],[112.744,-1.303],[112.668,-1.255],[112.647,-1.23],[112.597,-1.207],[112.523,-1.195],[112.393,-1.215],[112.347,-1.242],[112.316,-1.274],[112.289,-1.286],[112.214,-1.296],[112.128,-1.313]]]},"properties":{"name":"Kotawaringin Timur"}},
{"type":"Feature","geometry":{"type":"Polygon","coordinates":[[[101.833,-0.982],[101.859,-0.965],[101.892,-0.961],[101.907,-0.951],[101.913,-0.922],[101.928,-0.905],[101.915,-0.883],[101.896,-0.891],[101.882,-0.909],[101.853,-0.922],[101.84,-0.88],[101.783,-0.843],[101.786,-0.814],[101.777,-0.794],[101.785,-0.78],[101.793,-0.709],[101.807,-0.675],[101.806,-0.66],[101.885,-0.573],[101.906,-0.538],[101.912,-0.504],[101.908,-0.468],[101.89,-0.425],[101.893,-0.396],[101.872,-0.393],[101.849,-0.404],[101.829,-0.377],[101.805,-0.381],[101.789,-0.366],[101.748,-0.352],[101.76,-0.331],[101.754,-0.311],[101.734,-0.297],[101.713,-0.265],[101.639,-0.246],[101.612,-0.236],[101.592,-0.198],[101.57,-0.183],[101.545,-0.13],[101.525,-0.117],[101.489,-0.102],[101.47,-0.129],[101.451,-0.127],[101.41,-0.074],[101.394,-0.099],[101.391,-0.128],[101.377,-0.129],[101.368,-0.149],[101.349,-0.109],[101.32,-0.092],[101.308,-0.043],[101.28,-0.006],[101.259,-0.017],[101.255,-0.042],[101.223,-0.073],[101.194,-0.118],[101.204,-0.147],[101.202,-0.183],[101.157,-0.241],[101.166,-0.256],[101.142,-0.289],[101.141,-0.339],[101.126,-0.356],[101.119,-0.387],[101.047,-0.377],[101.041,-0.363],[101.043,-0.382],[101.025,-0.395],[101.039,-0.418],[101.038,-0.435],[101.071,-0.503],[101.089,-0.511],[101.114,-0.504],[101.13,-0.524],[101.168,-0.54],[101.183,-0.552],[101.208,-0.594],[101.236,-0.606],[101.25,-0.626],[101.281,-0.622],[101.307,-0.629],[101.333,-0.649],[101.361,-0.689],[101.402,-0.711],[101.425,-0.737],[101.432,-0.754],[101.48,-0.782],[101.495,-0.805],[101.524,-0.812],[101.558,-0.834],[101.593,-0.836],[101.617,-0.824],[101.654,-0.828],[101.671,-0.837],[101.689,-0.87],[101.713,-0.869],[101.714,-0.9],[101.689,-0.94],[101.733,-0.956],[101.756,-0.975],[101.799,-0.968],[101.833,-0.982]]]},"properties":{"name":"Kuantan Singingi"}},
{"type":"Feature","geometry":{"type":"MultiPolygon","coordinates":[[[[109.585,-0.739],[109.567,-0.758],[109.604,-0.779],[109.635,-0.792],[109.633,-0.783],[109.632,-0.762],[109.626,-0.752],[109.599,-0.748],[109.585,-0.739]]],[[[109.691,-0.715],[109.665,-0.725],[109.663,-0.726],[109.659,-0.725],[109.648,-0.719],[109.641,-0.733],[109.624,-0.729],[109.607,-0.734],[109.608,-0.745],[109.639,-0.75],[109.66,-0.748],[109.684,-0.727],[109.691,-0.715]]],[[[109.576,-0.711],[109.578,-0.729],[109.599,-0.744],[109.607,-0.726],[109.576,-0.711]]],[[[109.656,-0.7],[109.647,-0.704],[109.603,-0.705],[109.609,-0.73],[109.627,-0.727],[109.642,-0.731],[109.647,-0.717],[109.663,-0.725],[109.667,-0.717],[109.669,-0.715],[109.687,-0.715],[109.68,-0.702],[109.656,-0.7]]],[[[109.526,-0.699],[109.499,-0.7],[109.483,-0.717],[109.457,-0.72],[109.469,-0.732],[109.526,-0.727],[109.542,-0.731],[109.559,-0.716],[109.526,-0.699]]],[[[109.667,-0.685],[109.632,-0.69],[109.614,-0.684],[109.598,-0.695],[109.574,-0.692],[109.562,-0.712],[109.603,-0.702],[109.631,-0.704],[109.655,-0.698],[109.674,-0.697],[109.667,-0.685]]],[[[109.447,-0.672],[109.425,-0.682],[109.455,-0.705],[109.459,-0.719],[109.483,-0.717],[109.492,-0.699],[109.447,-0.672]]],[[[109.251,-0.662],[109.241,-0.694],[109.243,-0.741],[109.237,-0.795],[109.244,-0.83],[109.256,-0.853],[109.285,-0.886],[109.33,-0.919],[109.357,-0.919],[109.406,-0.933],[109.427,-0.899],[109.415,-0.869],[109.438,-0.853],[109.456,-0.866],[109.523,-0.878],[109.558,-0.889],[109.571,-0.903],[109.593,-0.908],[109.608,-0.944],[109.609,-0.965],[109.621,-0.979],[109.639,-0.977],[109.649,-0.999],[109.684,-1.013],[109.696,-0.989],[109.721,-0.974],[109.721,-0.914],[109.746,-0.9],[109.721,-0.874],[109.71,-0.832],[109.682,-0.833],[109.659,-0.811],[109.618,-0.797],[109.56,-0.763],[109.558,-0.748],[109.535,-0.738],[109.467,-0.755],[109.394,-0.707],[109.356,-0.714],[109.306,-0.702],[109.286,-0.69],[109.265,-0.665],[109.251,-0.662]]],[[[109.376,-0.654],[109.36,-0.673],[109.405,-0.675],[109.376,-0.654]]],[[[109.452,-0.632],[109.427,-0.643],[109.472,-0.669],[109.486,-0.664],[109.476,-0.647],[109.452,-0.632]]],[[[109.483,-0.628],[109.459,-0.631],[109.48,-0.649],[109.488,-0.662],[109.497,-0.662],[109.491,-0.674],[109.482,-0.668],[109.473,-0.671],[109.499,-0.694],[109.546,-0.703],[109.575,-0.687],[109.584,-0.653],[109.558,-0.657],[109.552,-0.652],[109.544,-0.654],[109.542,-0.646],[109.517,-0.645],[109.483,-0.628]]],[[[109.364,-0.617],[109.351,-0.635],[109.406,-0.673],[109.45,-0.661],[109.364,-0.617]]],[[[109.127,-0.202],[109.09,-0.207],[109.078,-0.218],[109.059,-0.213],[109.053,-0.249],[109.058,-0.273],[109.093,-0.33],[109.1,-0.308],[109.083,-0.288],[109.083,-0.27],[109.11,-0.261],[109.132,-0.236],[109.153,-0.234],[109.162,-0.23],[109.172,-0.231],[109.177,-0.225],[109.193,-0.219],[109.187,-0.212],[109.159,-0.211],[109.127,-0.202]]],[[[109.127,-0.176],[109.103,-0.169],[109.086,-0.187],[109.099,-0.195],[109.134,-0.196],[109.159,-0.208],[109.16,-0.188],[109.127,-0.176]]],[[[109.16,-0.185],[109.138,-0.152],[109.126,-0.167],[109.16,-0.185]]],[[[109.125,-0.15],[109.113,-0.117],[109.094,-0.13],[109.097,-0.151],[109.114,-0.167],[109.125,-0.15]]],[[[109.178,-0.117],[109.165,-0.093],[109.162,-0.058],[109.138,-0.081],[109.124,-0.104],[109.128,-0.133],[109.163,-0.186],[109.176,-0.194],[109.187,-0.14],[109.178,-0.117]]],[[[109.191,0.051],[109.178,0.036],[109.218,0.02],[109.221,0.037],[109.191,0.051]]],[[[109.932,-0.752],[109.934,-0.72],[109.903,-0.732],[109.879,-0.715],[109.88,-0.685],[109.859,-0.658],[109.838,-0.675],[109.811,-0.671],[109.814,-0.645],[109.86,-0.611],[109.881,-0.586],[109.887,-0.551],[109.919,-0.531],[109.947,-0.499],[109.964,-0.496],[109.972,-0.477],[109.967,-0.429],[109.926,-0.412],[109.921,-0.365],[109.946,-0.34],[109.932,-0.316],[109.966,-0.281],[109.948,-0.258],[109.942,-0.225],[109.938,-0.163],[109.901,-0.129],[109.904,-0.107],[109.875,-0.081],[109.873,-0.071],[109.848,-0.046],[109.842,0],[109.835,0.019],[109.856,0.025],[109.864,0.038],[109.859,0.069],[109.869,0.086],[109.795,0.09],[109.774,0.078],[109.754,0.091],[109.73,0.077],[109.701,0.077],[109.652,0.051],[109.613,0.02],[109.605,0.036],[109.557,-0.005],[109.525,-0.024],[109.507,0.003],[109.521,0.042],[109.501,0.069],[109.501,0.097],[109.511,0.118],[109.507,0.145],[109.488,0.166],[109.496,0.222],[109.474,0.247],[109.432,0.256],[109.384,0.255],[109.364,0.234],[109.351,0.207],[109.351,0.132],[109.359,0.118],[109.359,0.089],[109.371,0.069],[109.364,0.054],[109.371,0.021],[109.377,-0.021],[109.384,-0.026],[109.371,-0.036],[109.373,-0.062],[109.366,-0.061],[109.344,-0.097],[109.311,-0.07],[109.272,-0.027],[109.285,-0.017],[109.287,0.002],[109.241,0.016],[109.218,0.018],[109.181,0.033],[109.169,0.031],[109.16,-0.046],[109.177,-0.064],[109.183,-0.115],[109.19,-0.136],[109.182,-0.197],[109.198,-0.221],[109.177,-0.226],[109.172,-0.232],[109.162,-0.23],[109.153,-0.234],[109.133,-0.238],[109.12,-0.26],[109.089,-0.274],[109.089,-0.289],[109.105,-0.306],[109.114,-0.343],[109.098,-0.366],[109.117,-0.437],[109.113,-0.487],[109.125,-0.536],[109.148,-0.568],[109.188,-0.568],[109.202,-0.551],[109.227,-0.572],[109.226,-0.588],[109.259,-0.599],[109.295,-0.592],[109.315,-0.594],[109.355,-0.584],[109.374,-0.585],[109.39,-0.61],[109.415,-0.631],[109.461,-0.626],[109.475,-0.616],[109.503,-0.636],[109.543,-0.645],[109.547,-0.652],[109.562,-0.65],[109.569,-0.654],[109.586,-0.653],[109.583,-0.678],[109.596,-0.694],[109.612,-0.683],[109.632,-0.689],[109.652,-0.675],[109.667,-0.683],[109.685,-0.705],[109.688,-0.714],[109.697,-0.716],[109.692,-0.727],[109.685,-0.728],[109.671,-0.746],[109.658,-0.75],[109.632,-0.752],[109.634,-0.781],[109.638,-0.787],[109.635,-0.797],[109.662,-0.807],[109.679,-0.83],[109.713,-0.829],[109.726,-0.871],[109.74,-0.86],[109.754,-0.895],[109.78,-0.875],[109.803,-0.867],[109.8,-0.842],[109.828,-0.832],[109.845,-0.837],[109.894,-0.822],[109.894,-0.802],[109.932,-0.781],[109.932,-0.752]]]]},"properties":{"name":"Kubu Raya"}},
{"type":"Feature","geometry":{"type":"Polygon","coordinates":[[[110.774,-6.951],[110.793,-6.959],[110.804,-6.98],[110.811,-6.94],[110.826,-6.946],[110.848,-6.932],[110.845,-6.92],[110.865,-6.892],[110.883,-6.893],[110.878,-6.867],[110.921,-6.867],[110.977,-6.834],[110.974,-6.804],[110.961,-6.755],[110.945,-6.756],[110.934,-6.718],[110.935,-6.698],[110.899,-6.64],[110.902,-6.624],[110.86,-6.623],[110.859,-6.647],[110.847,-6.652],[110.833,-6.689],[110.82,-6.709],[110.825,-6.736],[110.815,-6.749],[110.768,-6.77],[110.759,-6.792],[110.778,-6.802],[110.799,-6.832],[110.837,-6.855],[110.808,-6.881],[110.783,-6.922],[110.774,-6.951]]]},"properties":{"name":"Kudus"}},
{"type":"Feature","geometry":{"type":"Polygon","coordinates":[[[110.233,-7.815],[110.236,-7.798],[110.22,-7.777],[110.22,-7.748],[110.233,-7.713],[110.27,-7.706],[110.264,-7.681],[110.266,-7.65],[110.24,-7.654],[110.192,-7.645],[110.166,-7.649],[110.142,-7.645],[110.118,-7.668],[110.138,-7.693],[110.132,-7.741],[110.113,-7.777],[110.09,-7.789],[110.081,-7.807],[110.062,-7.814],[110.059,-7.841],[110.044,-7.86],[110.042,-7.885],[110.028,-7.891],[110.003,-7.888],[110.067,-7.913],[110.141,-7.945],[110.204,-7.983],[110.232,-7.96],[110.248,-7.928],[110.27,-7.928],[110.273,-7.891],[110.257,-7.867],[110.222,-7.835],[110.233,-7.815]]]},"properties":{"name":"Kulon Progo"}},
{"type":"Feature","geometry":{"type":"Polygon","coordinates":[[[108.759,-6.984],[108.722,-6.989],[108.726,-6.963],[108.715,-6.944],[108.675,-6.928],[108.654,-6.902],[108.637,-6.911],[108.601,-6.903],[108.534,-6.88],[108.525,-6.858],[108.508,-6.852],[108.513,-6.791],[108.486,-6.789],[108.456,-6.799],[108.454,-6.784],[108.411,-6.787],[108.413,-6.803],[108.401,-6.83],[108.408,-6.893],[108.401,-6.934],[108.389,-6.947],[108.383,-7.007],[108.391,-7.021],[108.386,-7.073],[108.427,-7.096],[108.442,-7.119],[108.494,-7.125],[108.511,-7.136],[108.528,-7.182],[108.558,-7.193],[108.568,-7.165],[108.619,-7.141],[108.646,-7.142],[108.659,-7.156],[108.693,-7.152],[108.726,-7.115],[108.771,-7.112],[108.774,-7.083],[108.785,-7.057],[108.775,-7.035],[108.791,-7.025],[108.778,-6.993],[108.759,-6.984]]]},"properties":{"name":"Kuningan"}},
{"type":"Feature","geometry":{"type":"MultiPolygon","coordinates":[[[[123.453,-10.115],[123.396,-10.134],[123.386,-10.17],[123.368,-10.204],[123.349,-10.227],[123.32,-10.24],[123.301,-10.271],[123.309,-10.282],[123.305,-10.312],[123.317,-10.335],[123.329,-10.338],[123.347,-10.305],[123.379,-10.311],[123.383,-10.336],[123.409,-10.335],[123.42,-10.291],[123.419,-10.26],[123.41,-10.239],[123.394,-10.231],[123.394,-10.209],[123.421,-10.208],[123.432,-10.229],[123.461,-10.196],[123.482,-10.182],[123.502,-10.183],[123.506,-10.164],[123.489,-10.154],[123.469,-10.162],[123.463,-10.131],[123.453,-10.115]]],[[[123.528,-10.21],[123.526,-10.218],[123.489,-10.224],[123.489,-10.249],[123.501,-10.274],[123.455,-10.349],[123.467,-10.36],[123.486,-10.356],[123.53,-10.33],[123.569,-10.333],[123.6,-10.354],[123.611,-10.37],[123.626,-10.356],[123.658,-10.349],[123.704,-10.366],[123.766,-10.348],[123.798,-10.355],[123.821,-10.343],[123.864,-10.333],[123.876,-10.318],[123.915,-10.298],[123.942,-10.297],[123.949,-10.284],[123.976,-10.274],[124.018,-10.273],[124.033,-10.248],[124.073,-10.226],[124.08,-10.204],[124.101,-10.179],[124.139,-10.161],[124.171,-10.156],[124.22,-10.163],[124.227,-10.155],[124.206,-10.133],[124.215,-10.118],[124.199,-10.1],[124.209,-10.086],[124.182,-10.058],[124.151,-10.04],[124.143,-10.023],[124.146,-9.995],[124.116,-9.973],[124.1,-9.976],[124.085,-9.964],[124.081,-9.923],[124.09,-9.894],[124.091,-9.861],[124.085,-9.83],[124.094,-9.809],[124.067,-9.759],[124.087,-9.736],[124.091,-9.718],[124.08,-9.692],[124.056,-9.663],[124.054,-9.647],[124.086,-9.629],[124.089,-9.61],[124.079,-9.59],[124.111,-9.567],[124.12,-9.553],[124.147,-9.565],[124.158,-9.557],[124.139,-9.51],[124.117,-9.484],[124.122,-9.472],[124.146,-9.476],[124.186,-9.511],[124.19,-9.483],[124.167,-9.456],[124.124,-9.437],[124.095,-9.417],[124.096,-9.406],[124.07,-9.37],[124.045,-9.347],[123.994,-9.342],[123.98,-9.352],[123.968,-9.379],[123.94,-9.401],[123.934,-9.422],[123.896,-9.436],[123.894,-9.454],[123.87,-9.476],[123.848,-9.476],[123.828,-9.496],[123.802,-9.492],[123.788,-9.542],[123.734,-9.567],[123.721,-9.592],[123.674,-9.628],[123.671,-9.647],[123.684,-9.702],[123.676,-9.757],[123.644,-9.771],[123.662,-9.793],[123.67,-9.824],[123.664,-9.864],[123.649,-9.887],[123.632,-9.898],[123.601,-9.898],[123.584,-9.916],[123.578,-9.943],[123.589,-9.993],[123.581,-10.018],[123.586,-10.035],[123.608,-10.045],[123.622,-10.019],[123.654,-10.009],[123.681,-10.021],[123.697,-10.01],[123.716,-10.025],[123.753,-10.029],[123.771,-10.043],[123.742,-10.098],[123.711,-10.104],[123.675,-10.132],[123.68,-10.148],[123.662,-10.159],[123.681,-10.175],[123.651,-10.189],[123.663,-10.227],[123.64,-10.218],[123.621,-10.231],[123.639,-10.244],[123.63,-10.285],[123.614,-10.293],[123.59,-10.287],[123.557,-10.227],[123.528,-10.21]]]]},"properties":{"name":"Kupang"}},
{"type":"Feature","geometry":{"type":"Polygon","coordinates":[[[115.803,-1.118],[115.813,-1.105],[115.847,-1.09],[115.863,-1.102],[115.899,-1.113],[115.928,-1.113],[115.948,-1.101],[115.978,-1.099],[116.005,-1.111],[116.067,-1.11],[116.094,-1.086],[116.109,-1.118],[116.109,-1.141],[116.121,-1.155],[116.139,-1.153],[116.182,-1.118],[116.219,-1.118],[116.255,-1.051],[116.274,-1.045],[116.312,-1.048],[116.336,-1.033],[116.354,-1.001],[116.376,-0.985],[116.439,-0.971],[116.461,-0.95],[116.479,-0.914],[116.488,-0.884],[116.516,-0.842],[116.499,-0.822],[116.522,-0.775],[116.499,-0.766],[116.444,-0.727],[116.406,-0.665],[116.35,-0.572],[116.333,-0.488],[116.304,-0.483],[116.317,-0.451],[116.283,-0.444],[116.276,-0.425],[116.304,-0.374],[116.32,-0.3],[116.255,-0.29],[116.186,-0.25],[116.14,-0.209],[116.072,-0.165],[116.031,-0.111],[115.982,-0.065],[115.973,-0.028],[115.984,-0.008],[116.027,0.036],[116.028,0.059],[115.991,0.091],[115.95,0.115],[115.923,0.138],[115.917,0.169],[115.917,0.206],[115.896,0.213],[115.821,0.195],[115.797,0.185],[115.803,0.166],[115.777,0.149],[115.719,0.148],[115.686,0.157],[115.675,0.145],[115.652,0.144],[115.615,0.152],[115.578,0.14],[115.516,0.134],[115.472,0.138],[115.451,0.107],[115.453,0.089],[115.442,0.068],[115.441,0.042],[115.395,0.019],[115.374,0.032],[115.352,0.007],[115.332,-0.025],[115.305,-0.037],[115.315,-0.101],[115.309,-0.117],[115.286,-0.129],[115.26,-0.159],[115.269,-0.19],[115.259,-0.215],[115.238,-0.236],[115.254,-0.27],[115.254,-0.301],[115.232,-0.295],[115.222,-0.307],[115.233,-0.323],[115.232,-0.358],[115.253,-0.412],[115.253,-0.452],[115.303,-0.502],[115.319,-0.529],[115.317,-0.547],[115.354,-0.583],[115.356,-0.633],[115.368,-0.699],[115.367,-0.749],[115.38,-0.802],[115.398,-0.825],[115.448,-0.839],[115.482,-0.843],[115.505,-0.856],[115.534,-0.883],[115.558,-0.924],[115.588,-0.951],[115.653,-0.994],[115.664,-1.036],[115.655,-1.052],[115.675,-1.059],[115.694,-1.052],[115.702,-1.068],[115.743,-1.096],[115.749,-1.123],[115.766,-1.134],[115.79,-1.116],[115.803,-1.118]]]},"properties":{"name":"Kutai Barat"}},
{"type":"Feature","geometry":{"type":"MultiPolygon","coordinates":[[[[117.272,-0.827],[117.263,-0.83],[117.268,-0.884],[117.277,-0.879],[117.272,-0.827]]],[[[117.287,-0.796],[117.288,-0.825],[117.276,-0.855],[117.294,-0.871],[117.302,-0.848],[117.287,-0.796]]],[[[117.441,-0.78],[117.412,-0.757],[117.405,-0.766],[117.412,-0.785],[117.441,-0.78]]],[[[117.472,-0.746],[117.469,-0.763],[117.482,-0.77],[117.491,-0.787],[117.514,-0.809],[117.544,-0.811],[117.553,-0.792],[117.512,-0.777],[117.498,-0.749],[117.472,-0.746]]],[[[117.464,-0.75],[117.44,-0.754],[117.483,-0.799],[117.482,-0.772],[117.467,-0.762],[117.464,-0.75]]],[[[117.387,-0.74],[117.382,-0.769],[117.393,-0.777],[117.411,-0.819],[117.428,-0.831],[117.44,-0.816],[117.429,-0.786],[117.414,-0.788],[117.408,-0.783],[117.399,-0.752],[117.387,-0.74]]],[[[117.46,-0.703],[117.445,-0.74],[117.497,-0.748],[117.514,-0.772],[117.553,-0.785],[117.597,-0.785],[117.617,-0.759],[117.609,-0.73],[117.591,-0.736],[117.543,-0.728],[117.515,-0.736],[117.482,-0.71],[117.46,-0.703]]],[[[117.404,-0.702],[117.387,-0.695],[117.381,-0.719],[117.422,-0.758],[117.437,-0.753],[117.43,-0.722],[117.404,-0.702]]],[[[117.32,-0.719],[117.317,-0.692],[117.308,-0.676],[117.291,-0.728],[117.301,-0.773],[117.292,-0.782],[117.309,-0.84],[117.315,-0.878],[117.328,-0.904],[117.344,-0.914],[117.358,-0.897],[117.376,-0.894],[117.393,-0.877],[117.373,-0.841],[117.349,-0.789],[117.329,-0.767],[117.32,-0.719]]],[[[117.454,-0.681],[117.432,-0.676],[117.405,-0.701],[117.423,-0.71],[117.467,-0.699],[117.454,-0.681]]],[[[117.494,-0.66],[117.487,-0.661],[117.474,-0.677],[117.489,-0.692],[117.529,-0.689],[117.531,-0.674],[117.524,-0.661],[117.514,-0.666],[117.494,-0.66]]],[[[117.329,-0.635],[117.345,-0.676],[117.383,-0.694],[117.37,-0.667],[117.329,-0.635]]],[[[117.364,-0.646],[117.357,-0.641],[117.347,-0.627],[117.349,-0.637],[117.377,-0.671],[117.395,-0.686],[117.426,-0.681],[117.432,-0.657],[117.395,-0.63],[117.382,-0.634],[117.38,-0.634],[117.374,-0.631],[117.373,-0.639],[117.369,-0.653],[117.365,-0.653],[117.361,-0.65],[117.361,-0.646],[117.364,-0.646]]],[[[117.491,-0.628],[117.459,-0.631],[117.477,-0.665],[117.485,-0.66],[117.489,-0.647],[117.499,-0.661],[117.51,-0.663],[117.491,-0.628]]],[[[117.323,-0.633],[117.3,-0.63],[117.307,-0.662],[117.32,-0.688],[117.324,-0.718],[117.34,-0.736],[117.332,-0.75],[117.349,-0.769],[117.362,-0.803],[117.378,-0.82],[117.414,-0.887],[117.436,-0.871],[117.434,-0.844],[117.411,-0.839],[117.389,-0.777],[117.374,-0.781],[117.372,-0.759],[117.387,-0.731],[117.348,-0.694],[117.344,-0.677],[117.324,-0.654],[117.323,-0.633]]],[[[117.5,-0.614],[117.501,-0.627],[117.526,-0.654],[117.557,-0.653],[117.566,-0.621],[117.511,-0.608],[117.5,-0.614]]],[[[117.373,-0.599],[117.365,-0.588],[117.344,-0.599],[117.352,-0.608],[117.412,-0.636],[117.455,-0.667],[117.476,-0.666],[117.46,-0.635],[117.424,-0.631],[117.411,-0.618],[117.395,-0.624],[117.373,-0.599]]],[[[117.433,-0.587],[117.425,-0.584],[117.417,-0.598],[117.413,-0.593],[117.403,-0.599],[117.422,-0.629],[117.449,-0.621],[117.434,-0.605],[117.425,-0.593],[117.433,-0.587]]],[[[117.306,-0.578],[117.285,-0.584],[117.323,-0.628],[117.347,-0.627],[117.352,-0.632],[117.357,-0.64],[117.368,-0.644],[117.367,-0.646],[117.361,-0.647],[117.363,-0.651],[117.368,-0.653],[117.372,-0.638],[117.372,-0.631],[117.375,-0.63],[117.38,-0.634],[117.383,-0.634],[117.386,-0.631],[117.365,-0.615],[117.351,-0.608],[117.34,-0.599],[117.342,-0.589],[117.306,-0.578]]],[[[117.475,-0.556],[117.455,-0.555],[117.433,-0.568],[117.404,-0.568],[117.377,-0.582],[117.391,-0.597],[117.408,-0.592],[117.419,-0.591],[117.424,-0.583],[117.433,-0.587],[117.432,-0.594],[117.441,-0.607],[117.449,-0.609],[117.455,-0.629],[117.469,-0.618],[117.463,-0.598],[117.501,-0.589],[117.508,-0.572],[117.479,-0.565],[117.475,-0.556]]],[[[117.361,-0.583],[117.417,-0.554],[117.413,-0.541],[117.397,-0.545],[117.386,-0.552],[117.38,-0.561],[117.37,-0.569],[117.349,-0.576],[117.361,-0.583]]],[[[117.504,-0.527],[117.483,-0.527],[117.437,-0.544],[117.44,-0.559],[117.474,-0.548],[117.482,-0.564],[117.499,-0.556],[117.504,-0.527]]],[[[117.556,-0.508],[117.531,-0.53],[117.505,-0.526],[117.503,-0.564],[117.511,-0.572],[117.508,-0.594],[117.518,-0.603],[117.554,-0.598],[117.578,-0.578],[117.588,-0.517],[117.556,-0.508]]],[[[117.551,-0.44],[117.496,-0.473],[117.477,-0.495],[117.458,-0.503],[117.42,-0.531],[117.418,-0.561],[117.436,-0.564],[117.436,-0.543],[117.496,-0.517],[117.509,-0.507],[117.561,-0.489],[117.578,-0.487],[117.583,-0.465],[117.563,-0.466],[117.566,-0.451],[117.551,-0.44]]],[[[117.62,-0.418],[117.593,-0.411],[117.553,-0.439],[117.566,-0.45],[117.563,-0.464],[117.591,-0.463],[117.604,-0.477],[117.62,-0.461],[117.628,-0.436],[117.62,-0.418]]],[[[117.524,-0.351],[117.515,-0.352],[117.498,-0.383],[117.469,-0.418],[117.458,-0.463],[117.442,-0.481],[117.443,-0.5],[117.47,-0.49],[117.51,-0.442],[117.536,-0.398],[117.541,-0.375],[117.524,-0.351]]],[[[117.489,-0.329],[117.473,-0.331],[117.458,-0.353],[117.467,-0.375],[117.446,-0.381],[117.435,-0.397],[117.432,-0.413],[117.439,-0.424],[117.435,-0.434],[117.452,-0.44],[117.456,-0.425],[117.477,-0.388],[117.494,-0.347],[117.489,-0.329]]],[[[117.389,0.023],[117.37,0.022],[117.394,0.007],[117.397,-0.009],[117.421,-0.014],[117.437,-0.025],[117.443,-0.042],[117.462,-0.053],[117.518,-0.031],[117.507,0.002],[117.512,0.017],[117.389,0.023]]],[[[117.022,-1.141],[117.052,-1.12],[117.099,-1.059],[117.12,-1.017],[117.145,-0.994],[117.17,-0.953],[117.203,-0.928],[117.249,-0.907],[117.254,-0.811],[117.281,-0.794],[117.29,-0.726],[117.304,-0.683],[117.295,-0.607],[117.286,-0.593],[117.245,-0.634],[117.223,-0.668],[117.194,-0.676],[117.186,-0.701],[117.161,-0.704],[117.152,-0.685],[117.13,-0.663],[117.142,-0.619],[117.097,-0.591],[117.094,-0.577],[117.067,-0.571],[117.047,-0.517],[117.053,-0.472],[117.069,-0.434],[117.101,-0.424],[117.123,-0.409],[117.136,-0.388],[117.145,-0.351],[117.17,-0.338],[117.199,-0.312],[117.221,-0.321],[117.239,-0.339],[117.244,-0.367],[117.272,-0.359],[117.293,-0.366],[117.304,-0.397],[117.279,-0.42],[117.28,-0.463],[117.263,-0.478],[117.26,-0.524],[117.267,-0.549],[117.239,-0.567],[117.281,-0.577],[117.308,-0.571],[117.331,-0.578],[117.369,-0.569],[117.38,-0.56],[117.386,-0.551],[117.393,-0.546],[117.413,-0.539],[117.439,-0.497],[117.437,-0.484],[117.453,-0.463],[117.455,-0.447],[117.427,-0.435],[117.435,-0.427],[117.431,-0.415],[117.428,-0.399],[117.445,-0.379],[117.453,-0.356],[117.447,-0.316],[117.426,-0.274],[117.417,-0.246],[117.424,-0.208],[117.443,-0.202],[117.445,-0.179],[117.494,-0.043],[117.462,-0.053],[117.438,-0.04],[117.421,-0.015],[117.397,-0.009],[117.388,0.009],[117.37,0.022],[117.348,0.027],[117.324,0.048],[117.286,0.032],[117.262,0.055],[117.195,0.095],[117.17,0.105],[117.153,0.122],[117.148,0.144],[117.155,0.188],[117.162,0.197],[117.184,0.284],[117.18,0.323],[117.116,0.413],[117.082,0.448],[117.041,0.501],[116.992,0.614],[116.978,0.615],[116.951,0.597],[116.935,0.56],[116.947,0.521],[116.93,0.484],[116.939,0.459],[116.947,0.405],[116.944,0.375],[116.922,0.331],[116.86,0.237],[116.818,0.184],[116.739,0.095],[116.742,0.044],[116.738,0.03],[116.715,0.016],[116.639,0.018],[116.577,0.023],[116.492,0.024],[116.475,0.042],[116.491,0.121],[116.489,0.158],[116.494,0.224],[116.493,0.269],[116.477,0.316],[116.453,0.354],[116.43,0.365],[116.389,0.372],[116.371,0.384],[116.341,0.418],[116.319,0.434],[116.285,0.449],[116.286,0.491],[116.271,0.525],[116.274,0.558],[116.3,0.587],[116.282,0.619],[116.261,0.637],[116.242,0.666],[116.233,0.703],[116.225,0.709],[116.147,0.721],[116.139,0.756],[116.106,0.762],[116.061,0.803],[116.031,0.807],[116.006,0.829],[116.027,0.852],[116.039,0.887],[116.066,0.899],[116.043,0.947],[116.049,0.964],[116.045,0.995],[116.066,1.015],[116.063,1.047],[116.07,1.062],[116.066,1.093],[116.083,1.104],[116.132,1.111],[116.146,1.134],[116.143,1.163],[116.129,1.189],[116.148,1.217],[116.147,1.236],[116.128,1.278],[116.144,1.298],[116.157,1.356],[116.158,1.387],[116.139,1.423],[116.149,1.468],[116.141,1.478],[116.088,1.491],[116.01,1.528],[115.973,1.531],[115.955,1.506],[115.954,1.491],[115.905,1.475],[115.899,1.465],[115.85,1.432],[115.855,1.402],[115.832,1.378],[115.812,1.379],[115.792,1.361],[115.769,1.355],[115.758,1.331],[115.771,1.307],[115.772,1.271],[115.75,1.259],[115.709,1.263],[115.632,1.285],[115.594,1.283],[115.566,1.27],[115.504,1.257],[115.495,1.231],[115.476,1.214],[115.479,1.2],[115.503,1.162],[115.517,1.121],[115.526,1.058],[115.52,0.953],[115.509,0.912],[115.465,0.834],[115.462,0.807],[115.466,0.771],[115.509,0.735],[115.572,0.654],[115.6,0.626],[115.642,0.617],[115.653,0.604],[115.65,0.577],[115.636,0.557],[115.67,0.536],[115.765,0.449],[115.782,0.426],[115.775,0.374],[115.763,0.345],[115.761,0.318],[115.788,0.298],[115.806,0.26],[115.821,0.195],[115.896,0.213],[115.917,0.206],[115.917,0.169],[115.923,0.138],[115.95,0.115],[115.991,0.091],[116.028,0.059],[116.027,0.036],[115.984,-0.008],[115.973,-0.028],[115.982,-0.065],[116.031,-0.111],[116.072,-0.165],[116.14,-0.209],[116.186,-0.25],[116.255,-0.29],[116.32,-0.3],[116.304,-0.374],[116.276,-0.425],[116.283,-0.444],[116.317,-0.451],[116.304,-0.483],[116.333,-0.488],[116.35,-0.572],[116.406,-0.665],[116.444,-0.727],[116.499,-0.766],[116.522,-0.775],[116.499,-0.822],[116.516,-0.842],[116.543,-0.839],[116.565,-0.849],[116.603,-0.879],[116.63,-0.882],[116.647,-0.842],[116.667,-0.812],[116.684,-0.801],[116.714,-0.798],[116.742,-0.808],[116.809,-0.812],[116.86,-0.818],[116.893,-0.831],[116.885,-0.851],[116.955,-0.926],[116.921,-0.963],[116.889,-0.979],[116.872,-1.008],[116.843,-1.022],[116.837,-1.046],[116.868,-1.059],[116.903,-1.063],[116.908,-1.081],[116.972,-1.125],[117.004,-1.13],[117.022,-1.141]]]]},"properties":{"name":"Kutai Kartanegara"}},
{"type":"Feature","geometry":{"type":"MultiPolygon","coordinates":[[[[117.955,1.046],[117.951,1.015],[117.978,0.976],[117.987,0.979],[117.975,1.023],[117.955,1.046]]],[[[116.185,1.841],[116.168,1.779],[116.157,1.752],[116.141,1.687],[116.129,1.663],[116.103,1.666],[116.074,1.652],[116.036,1.606],[116.046,1.582],[116.041,1.56],[116.01,1.528],[116.088,1.491],[116.141,1.478],[116.149,1.468],[116.139,1.423],[116.158,1.387],[116.157,1.356],[116.144,1.298],[116.128,1.278],[116.147,1.236],[116.148,1.217],[116.129,1.189],[116.143,1.163],[116.146,1.134],[116.132,1.111],[116.083,1.104],[116.066,1.093],[116.07,1.062],[116.063,1.047],[116.066,1.015],[116.045,0.995],[116.049,0.964],[116.043,0.947],[116.066,0.899],[116.039,0.887],[116.027,0.852],[116.006,0.829],[116.031,0.807],[116.061,0.803],[116.106,0.762],[116.139,0.756],[116.147,0.721],[116.225,0.709],[116.233,0.703],[116.242,0.666],[116.261,0.637],[116.282,0.619],[116.3,0.587],[116.274,0.558],[116.271,0.525],[116.286,0.491],[116.285,0.449],[116.319,0.434],[116.341,0.418],[116.371,0.384],[116.389,0.372],[116.43,0.365],[116.453,0.354],[116.477,0.316],[116.493,0.269],[116.494,0.224],[116.489,0.158],[116.491,0.121],[116.475,0.042],[116.492,0.024],[116.577,0.023],[116.639,0.018],[116.715,0.016],[116.738,0.03],[116.742,0.044],[116.739,0.095],[116.818,0.184],[116.86,0.237],[116.922,0.331],[116.944,0.375],[116.947,0.405],[116.939,0.459],[116.93,0.484],[116.947,0.521],[116.935,0.56],[116.951,0.597],[116.978,0.615],[116.992,0.614],[117.041,0.501],[117.082,0.448],[117.116,0.413],[117.18,0.323],[117.184,0.284],[117.162,0.197],[117.155,0.188],[117.148,0.144],[117.153,0.122],[117.17,0.105],[117.195,0.095],[117.262,0.055],[117.286,0.032],[117.324,0.048],[117.348,0.027],[117.37,0.022],[117.389,0.023],[117.389,0.062],[117.402,0.092],[117.431,0.111],[117.45,0.168],[117.468,0.175],[117.468,0.199],[117.505,0.206],[117.528,0.221],[117.517,0.244],[117.53,0.258],[117.519,0.277],[117.534,0.287],[117.524,0.321],[117.544,0.319],[117.553,0.334],[117.553,0.362],[117.567,0.392],[117.603,0.417],[117.613,0.437],[117.603,0.454],[117.605,0.487],[117.629,0.507],[117.648,0.553],[117.661,0.566],[117.67,0.608],[117.685,0.621],[117.711,0.628],[117.712,0.697],[117.752,0.756],[117.77,0.771],[117.826,0.804],[117.853,0.811],[117.889,0.831],[117.914,0.837],[117.926,0.805],[117.959,0.793],[117.972,0.773],[118.029,0.78],[118.031,0.799],[118.019,0.816],[118.029,0.831],[118.01,0.885],[117.997,0.897],[117.977,0.93],[117.969,0.959],[117.972,0.98],[117.951,1.01],[117.941,1.036],[117.93,1.037],[117.919,1.064],[117.889,1.089],[117.902,1.112],[117.925,1.105],[117.951,1.08],[117.984,1.059],[117.996,1.02],[117.991,1],[118.008,0.988],[118.009,0.96],[118.048,0.948],[118.064,0.903],[118.211,0.867],[118.32,0.85],[118.339,0.841],[118.341,0.814],[118.379,0.804],[118.416,0.822],[118.422,0.839],[118.443,0.844],[118.47,0.83],[118.546,0.808],[118.568,0.814],[118.593,0.812],[118.621,0.844],[118.651,0.846],[118.677,0.857],[118.709,0.829],[118.76,0.806],[118.802,0.809],[118.825,0.828],[118.826,0.842],[118.865,0.88],[118.887,0.872],[118.905,0.887],[118.907,0.903],[118.936,0.916],[118.964,0.951],[118.988,0.988],[118.979,1.006],[118.985,1.03],[118.966,1.01],[118.941,1.009],[118.892,1.028],[118.854,1.011],[118.806,1.004],[118.792,1.021],[118.78,1.082],[118.769,1.104],[118.743,1.107],[118.668,1.102],[118.633,1.091],[118.607,1.096],[118.585,1.113],[118.58,1.137],[118.59,1.212],[118.579,1.245],[118.561,1.25],[118.554,1.227],[118.533,1.214],[118.506,1.234],[118.486,1.263],[118.461,1.278],[118.444,1.273],[118.433,1.255],[118.411,1.26],[118.403,1.281],[118.38,1.274],[118.37,1.253],[118.357,1.192],[118.333,1.19],[118.308,1.206],[118.286,1.205],[118.228,1.254],[118.2,1.259],[118.197,1.226],[118.207,1.202],[118.159,1.168],[118.125,1.165],[118.033,1.188],[118.014,1.228],[117.959,1.28],[117.925,1.292],[117.882,1.321],[117.855,1.345],[117.859,1.364],[117.894,1.383],[117.904,1.405],[117.914,1.465],[117.914,1.494],[117.905,1.51],[117.841,1.569],[117.83,1.625],[117.815,1.627],[117.795,1.599],[117.795,1.579],[117.774,1.579],[117.749,1.6],[117.714,1.608],[117.718,1.68],[117.697,1.68],[117.671,1.621],[117.647,1.598],[117.624,1.602],[117.612,1.614],[117.574,1.625],[117.553,1.612],[117.54,1.595],[117.535,1.527],[117.503,1.511],[117.46,1.543],[117.441,1.581],[117.396,1.608],[117.385,1.605],[117.361,1.563],[117.335,1.549],[117.328,1.514],[117.343,1.476],[117.337,1.437],[117.319,1.388],[117.283,1.361],[117.258,1.363],[117.193,1.317],[117.163,1.305],[117.129,1.344],[117.112,1.373],[117.1,1.351],[117.034,1.354],[117.006,1.347],[116.99,1.353],[116.998,1.39],[116.989,1.409],[116.963,1.418],[116.971,1.442],[116.991,1.476],[116.986,1.496],[116.989,1.534],[116.935,1.561],[116.924,1.58],[116.86,1.594],[116.797,1.58],[116.757,1.622],[116.723,1.617],[116.603,1.611],[116.576,1.592],[116.556,1.586],[116.534,1.599],[116.542,1.629],[116.531,1.663],[116.504,1.676],[116.476,1.725],[116.435,1.72],[116.426,1.708],[116.399,1.721],[116.397,1.749],[116.383,1.762],[116.355,1.762],[116.349,1.803],[116.309,1.832],[116.3,1.827],[116.259,1.829],[116.229,1.844],[116.185,1.841]]]]},"properties":{"name":"Kutai Timur"}},
{"type":"Feature","geometry":{"type":"Polygon","coordinates":[[[100.323,2.545],[100.279,2.586],[100.271,2.612],[100.234,2.643],[100.22,2.705],[100.191,2.712],[100.171,2.71],[100.142,2.692],[100.123,2.659],[100.122,2.611],[100.137,2.543],[100.113,2.546],[100.091,2.618],[100.097,2.664],[100.089,2.711],[100.049,2.741],[100.069,2.62],[100.075,2.545],[100.058,2.526],[100.053,2.505],[100.023,2.461],[100.001,2.396],[99.955,2.32],[99.933,2.262],[99.944,2.25],[99.964,2.203],[99.899,2.181],[99.774,2.182],[99.766,2.138],[99.748,2.134],[99.73,2.116],[99.718,2.086],[99.672,2.069],[99.662,2.038],[99.684,2.036],[99.691,1.97],[99.677,1.937],[99.705,1.93],[99.714,1.963],[99.739,1.977],[99.747,2.004],[99.764,2.006],[99.791,2.025],[99.816,2.026],[99.828,2.016],[99.828,1.994],[99.842,1.979],[99.832,1.933],[99.835,1.915],[99.809,1.904],[99.817,1.884],[99.823,1.832],[99.839,1.799],[99.86,1.816],[99.856,1.906],[99.877,1.922],[99.886,1.945],[99.906,1.959],[99.94,1.971],[99.979,1.961],[100.001,1.983],[100.002,1.936],[100.031,1.935],[100.057,1.98],[100.015,2],[100.045,2.03],[100.045,2.085],[100.073,2.105],[100.095,2.108],[100.135,2.191],[100.21,2.193],[100.213,2.21],[100.331,2.212],[100.365,2.21],[100.359,2.212],[100.317,2.29],[100.301,2.34],[100.295,2.428],[100.307,2.491],[100.323,2.545]]]},"properties":{"name":"Labuhan Batu"}},
{"type":"Feature","geometry":{"type":"Polygon","coordinates":[[[99.839,1.799],[99.814,1.807],[99.781,1.809],[99.758,1.827],[99.728,1.828],[99.695,1.806],[99.705,1.78],[99.702,1.763],[99.717,1.751],[99.733,1.724],[99.765,1.711],[99.771,1.697],[99.81,1.673],[99.846,1.637],[99.884,1.689],[99.9,1.717],[99.914,1.715],[99.94,1.649],[99.955,1.625],[100.003,1.64],[100.04,1.7],[100.049,1.72],[100.077,1.722],[100.108,1.691],[100.126,1.659],[100.139,1.652],[100.145,1.631],[100.165,1.622],[100.173,1.595],[100.202,1.584],[100.209,1.57],[100.233,1.552],[100.318,1.5],[100.317,1.476],[100.324,1.459],[100.388,1.456],[100.413,1.465],[100.424,1.489],[100.418,1.555],[100.404,1.586],[100.415,1.609],[100.403,1.624],[100.412,1.661],[100.383,1.672],[100.369,1.667],[100.319,1.69],[100.342,1.715],[100.352,1.738],[100.354,1.782],[100.296,1.791],[100.278,1.813],[100.282,1.865],[100.305,1.882],[100.314,1.91],[100.316,2.052],[100.337,2.122],[100.364,2.169],[100.365,2.21],[100.331,2.212],[100.213,2.21],[100.21,2.193],[100.135,2.191],[100.095,2.108],[100.073,2.105],[100.045,2.085],[100.045,2.03],[100.015,2],[100.057,1.98],[100.031,1.935],[100.002,1.936],[100.001,1.983],[99.979,1.961],[99.94,1.971],[99.906,1.959],[99.886,1.945],[99.877,1.922],[99.856,1.906],[99.86,1.816],[99.839,1.799]]]},"properties":{"name":"Labuhan Batu Selatan"}},
{"type":"Feature","geometry":{"type":"Polygon","coordinates":[[[99.461,2.551],[99.453,2.54],[99.449,2.499],[99.419,2.46],[99.503,2.395],[99.526,2.403],[99.519,2.376],[99.52,2.351],[99.552,2.336],[99.583,2.328],[99.578,2.307],[99.549,2.307],[99.547,2.268],[99.537,2.248],[99.522,2.242],[99.501,2.247],[99.416,2.211],[99.417,2.199],[99.394,2.166],[99.398,2.156],[99.436,2.124],[99.459,2.126],[99.473,2.119],[99.513,2.123],[99.523,2.091],[99.551,2.078],[99.546,2.062],[99.566,2.03],[99.573,2.029],[99.609,1.997],[99.625,1.997],[99.617,2.041],[99.662,2.038],[99.672,2.069],[99.718,2.086],[99.73,2.116],[99.748,2.134],[99.766,2.138],[99.774,2.182],[99.899,2.181],[99.964,2.203],[99.944,2.25],[99.933,2.262],[99.955,2.32],[100.001,2.396],[100.023,2.461],[100.053,2.505],[100.058,2.526],[100.075,2.545],[100.069,2.62],[100.049,2.741],[100.028,2.742],[99.998,2.725],[99.974,2.744],[99.994,2.783],[99.995,2.831],[99.988,2.855],[99.926,2.794],[99.867,2.73],[99.751,2.625],[99.697,2.587],[99.668,2.587],[99.643,2.576],[99.609,2.575],[99.583,2.591],[99.57,2.585],[99.56,2.605],[99.5,2.585],[99.461,2.551]]]},"properties":{"name":"Labuhan Batu Utara"}},
{"type":"Feature","geometry":{"type":"MultiPolygon","coordinates":[[[[103.181,-4.236],[103.185,-4.216],[103.181,-4.148],[103.153,-4.107],[103.137,-4.042],[103.121,-4.016],[103.11,-4.022],[103.086,-4.008],[103.032,-4.021],[102.997,-4.019],[102.981,-4.042],[102.957,-4.056],[102.931,-4.047],[102.916,-4.057],[102.92,-4.097],[102.97,-4.124],[103,-4.158],[103.026,-4.168],[103.061,-4.196],[103.052,-4.219],[103.068,-4.241],[103.07,-4.257],[103.115,-4.248],[103.135,-4.255],[103.155,-4.241],[103.181,-4.236]]],[[[103.121,-4.016],[103.132,-4.015],[103.191,-3.989],[103.22,-3.988],[103.253,-4.003],[103.286,-4.007],[103.277,-4.037],[103.289,-4.044],[103.328,-4.044],[103.343,-4.031],[103.361,-3.996],[103.415,-3.985],[103.401,-4.047],[103.39,-4.072],[103.359,-4.098],[103.355,-4.123],[103.363,-4.158],[103.346,-4.18],[103.331,-4.186],[103.309,-4.251],[103.363,-4.223],[103.439,-4.171],[103.454,-4.112],[103.47,-4.1],[103.496,-4.129],[103.512,-4.107],[103.545,-4.111],[103.554,-4.121],[103.591,-4.047],[103.59,-4.028],[103.601,-3.988],[103.62,-3.988],[103.644,-3.966],[103.631,-3.942],[103.67,-3.91],[103.683,-3.915],[103.703,-3.894],[103.703,-3.87],[103.714,-3.84],[103.707,-3.817],[103.73,-3.789],[103.723,-3.775],[103.738,-3.752],[103.76,-3.747],[103.75,-3.711],[103.738,-3.699],[103.761,-3.671],[103.74,-3.647],[103.767,-3.632],[103.766,-3.595],[103.756,-3.575],[103.729,-3.575],[103.665,-3.539],[103.628,-3.512],[103.574,-3.55],[103.539,-3.548],[103.537,-3.593],[103.516,-3.598],[103.499,-3.549],[103.499,-3.515],[103.484,-3.509],[103.445,-3.51],[103.418,-3.53],[103.374,-3.535],[103.337,-3.53],[103.317,-3.511],[103.266,-3.504],[103.202,-3.502],[103.195,-3.49],[103.169,-3.506],[103.164,-3.549],[103.126,-3.603],[103.128,-3.652],[103.156,-3.674],[103.145,-3.735],[103.152,-3.77],[103.172,-3.8],[103.142,-3.853],[103.116,-3.86],[103.108,-3.882],[103.108,-3.92],[103.124,-3.94],[103.143,-3.944],[103.142,-3.979],[103.125,-3.999],[103.121,-4.016]]]]},"properties":{"name":"Lahat"}},
{"type":"Feature","geometry":{"type":"Polygon","coordinates":[[[111.066,-2.118],[111.157,-2.056],[111.179,-2.056],[111.203,-2.075],[111.201,-2.1],[111.223,-2.121],[111.252,-2.126],[111.265,-2.141],[111.293,-2.149],[111.355,-2.152],[111.368,-2.194],[111.386,-2.198],[111.391,-2.267],[111.382,-2.281],[111.408,-2.301],[111.438,-2.313],[111.518,-2.307],[111.56,-2.32],[111.603,-2.306],[111.602,-2.255],[111.607,-2.235],[111.629,-2.193],[111.668,-2.177],[111.691,-2.158],[111.712,-2.128],[111.745,-2.067],[111.791,-1.972],[111.82,-1.874],[111.824,-1.776],[111.809,-1.583],[111.797,-1.563],[111.736,-1.501],[111.686,-1.473],[111.623,-1.42],[111.607,-1.414],[111.518,-1.42],[111.469,-1.408],[111.447,-1.393],[111.394,-1.327],[111.37,-1.33],[111.332,-1.334],[111.325,-1.365],[111.283,-1.402],[111.26,-1.416],[111.223,-1.421],[111.196,-1.438],[111.157,-1.434],[111.138,-1.451],[111.119,-1.513],[111.119,-1.553],[111.075,-1.559],[111.068,-1.539],[111.036,-1.54],[111.017,-1.563],[110.996,-1.556],[110.979,-1.54],[110.952,-1.579],[110.914,-1.585],[110.89,-1.612],[110.859,-1.63],[110.855,-1.674],[110.882,-1.679],[110.901,-1.713],[110.917,-1.72],[110.943,-1.71],[110.953,-1.684],[110.974,-1.669],[111.003,-1.697],[111.006,-1.727],[111.016,-1.744],[111.014,-1.778],[111.005,-1.801],[110.986,-1.817],[110.978,-1.838],[110.975,-1.878],[110.996,-1.909],[110.98,-1.95],[111.018,-1.956],[111.053,-1.99],[111.059,-2.015],[111.09,-2.016],[111.083,-2.045],[111.06,-2.058],[111.057,-2.072],[111.066,-2.118]]]},"properties":{"name":"Lamandau"}},
{"type":"Feature","geometry":{"type":"Polygon","coordinates":[[[112.082,-7.383],[112.107,-7.384],[112.17,-7.357],[112.211,-7.349],[112.25,-7.363],[112.29,-7.359],[112.329,-7.344],[112.346,-7.345],[112.368,-7.325],[112.409,-7.306],[112.412,-7.274],[112.397,-7.265],[112.419,-7.232],[112.434,-7.229],[112.453,-7.208],[112.502,-7.192],[112.498,-7.164],[112.472,-7.157],[112.476,-7.126],[112.496,-7.127],[112.501,-7.107],[112.536,-7.096],[112.548,-7.066],[112.524,-7.039],[112.497,-7.024],[112.482,-7.003],[112.462,-7.007],[112.428,-7.002],[112.392,-6.986],[112.372,-6.985],[112.375,-6.958],[112.404,-6.958],[112.425,-6.949],[112.428,-6.904],[112.441,-6.899],[112.441,-6.875],[112.427,-6.865],[112.382,-6.876],[112.358,-6.864],[112.329,-6.863],[112.313,-6.872],[112.266,-6.877],[112.217,-6.874],[112.171,-6.897],[112.203,-6.922],[112.202,-6.944],[112.215,-7.009],[112.204,-7.026],[112.218,-7.036],[112.217,-7.075],[112.204,-7.074],[112.178,-7.098],[112.155,-7.11],[112.162,-7.12],[112.151,-7.158],[112.137,-7.165],[112.113,-7.217],[112.089,-7.231],[112.084,-7.255],[112.09,-7.298],[112.073,-7.333],[112.089,-7.358],[112.082,-7.383]]]},"properties":{"name":"Lamongan"}},
{"type":"Feature","geometry":{"type":"Polygon","coordinates":[[[103.875,-4.884],[103.866,-4.871],[103.866,-4.848],[103.825,-4.801],[103.804,-4.793],[103.78,-4.796],[103.761,-4.775],[103.718,-4.794],[103.708,-4.814],[103.656,-4.848],[103.637,-4.849],[103.616,-4.87],[103.602,-4.868],[103.593,-4.895],[103.571,-4.926],[103.611,-4.926],[103.642,-4.937],[103.659,-4.921],[103.694,-4.903],[103.732,-4.909],[103.752,-4.918],[103.772,-4.945],[103.793,-4.935],[103.793,-4.901],[103.818,-4.875],[103.82,-4.906],[103.839,-4.918],[103.873,-4.965],[103.89,-4.96],[103.921,-4.976],[103.941,-4.977],[103.957,-4.994],[103.982,-5.002],[104.012,-5.024],[104.023,-5.044],[104.017,-5.07],[104.029,-5.084],[104.058,-5.092],[104.079,-5.109],[104.084,-5.141],[104.145,-5.191],[104.205,-5.203],[104.223,-5.219],[104.254,-5.259],[104.261,-5.283],[104.315,-5.346],[104.332,-5.355],[104.349,-5.382],[104.38,-5.337],[104.395,-5.251],[104.41,-5.203],[104.402,-5.184],[104.408,-5.17],[104.433,-5.171],[104.477,-5.145],[104.491,-5.131],[104.533,-5.107],[104.58,-5.058],[104.57,-5.024],[104.538,-5.015],[104.528,-5.023],[104.499,-5.016],[104.501,-4.955],[104.48,-4.932],[104.445,-4.945],[104.44,-4.92],[104.422,-4.904],[104.411,-4.866],[104.387,-4.873],[104.341,-4.865],[104.313,-4.884],[104.281,-4.857],[104.272,-4.875],[104.24,-4.88],[104.215,-4.858],[104.194,-4.862],[104.187,-4.892],[104.163,-4.922],[104.108,-4.923],[104.047,-4.901],[103.96,-4.911],[103.947,-4.898],[103.914,-4.92],[103.923,-4.943],[103.916,-4.96],[103.881,-4.926],[103.851,-4.919],[103.875,-4.884]]]},"properties":{"name":"Lampung Barat"}},
{"type":"Feature","geometry":{"type":"MultiPolygon","coordinates":[[[[105.449,-6.137],[105.423,-6.146],[105.428,-6.165],[105.449,-6.169],[105.464,-6.153],[105.449,-6.137]]],[[[105.363,-6.113],[105.397,-6.091],[105.385,-6.078],[105.363,-6.113]]],[[[105.502,-5.923],[105.477,-5.926],[105.468,-5.936],[105.467,-5.964],[105.501,-5.969],[105.516,-5.948],[105.502,-5.923]]],[[[105.527,-5.849],[105.502,-5.862],[105.509,-5.9],[105.529,-5.894],[105.543,-5.862],[105.527,-5.849]]],[[[105.347,-5.522],[105.364,-5.541],[105.369,-5.562],[105.391,-5.599],[105.412,-5.624],[105.506,-5.674],[105.531,-5.693],[105.535,-5.671],[105.562,-5.673],[105.555,-5.695],[105.589,-5.737],[105.58,-5.767],[105.585,-5.806],[105.604,-5.831],[105.635,-5.84],[105.676,-5.839],[105.715,-5.858],[105.717,-5.904],[105.757,-5.869],[105.79,-5.808],[105.8,-5.752],[105.792,-5.716],[105.809,-5.685],[105.82,-5.618],[105.829,-5.59],[105.817,-5.576],[105.805,-5.583],[105.785,-5.616],[105.767,-5.619],[105.757,-5.592],[105.738,-5.597],[105.734,-5.613],[105.686,-5.612],[105.657,-5.584],[105.659,-5.563],[105.634,-5.553],[105.631,-5.498],[105.582,-5.487],[105.591,-5.457],[105.569,-5.449],[105.528,-5.45],[105.532,-5.418],[105.524,-5.406],[105.525,-5.362],[105.531,-5.341],[105.512,-5.317],[105.498,-5.316],[105.478,-5.289],[105.466,-5.307],[105.423,-5.307],[105.415,-5.281],[105.439,-5.287],[105.455,-5.279],[105.458,-5.243],[105.425,-5.245],[105.42,-5.212],[105.368,-5.213],[105.357,-5.228],[105.332,-5.235],[105.325,-5.22],[105.289,-5.217],[105.276,-5.18],[105.242,-5.181],[105.24,-5.171],[105.21,-5.18],[105.163,-5.21],[105.161,-5.229],[105.176,-5.259],[105.16,-5.274],[105.141,-5.259],[105.109,-5.311],[105.164,-5.322],[105.213,-5.354],[105.219,-5.366],[105.243,-5.343],[105.261,-5.337],[105.267,-5.355],[105.289,-5.349],[105.292,-5.368],[105.308,-5.375],[105.342,-5.42],[105.327,-5.452],[105.331,-5.48],[105.359,-5.514],[105.347,-5.522]]]]},"properties":{"name":"Lampung Selatan"}},
{"type":"Feature","geometry":{"type":"Polygon","coordinates":[[[105.32,-5.053],[105.362,-5.029],[105.363,-5.012],[105.323,-5.007],[105.328,-4.986],[105.345,-4.964],[105.362,-4.973],[105.414,-4.968],[105.402,-4.922],[105.438,-4.89],[105.485,-4.9],[105.508,-4.881],[105.536,-4.885],[105.555,-4.873],[105.593,-4.879],[105.605,-4.852],[105.625,-4.859],[105.638,-4.851],[105.637,-4.827],[105.655,-4.806],[105.65,-4.794],[105.675,-4.785],[105.682,-4.747],[105.721,-4.735],[105.737,-4.746],[105.758,-4.731],[105.789,-4.75],[105.812,-4.751],[105.805,-4.723],[105.818,-4.681],[105.817,-4.65],[105.804,-4.654],[105.781,-4.633],[105.779,-4.605],[105.803,-4.58],[105.8,-4.561],[105.771,-4.553],[105.754,-4.522],[105.738,-4.536],[105.713,-4.531],[105.694,-4.491],[105.674,-4.486],[105.655,-4.509],[105.628,-4.487],[105.621,-4.518],[105.534,-4.521],[105.522,-4.498],[105.469,-4.492],[105.449,-4.495],[105.428,-4.51],[105.381,-4.517],[105.365,-4.529],[105.354,-4.551],[105.312,-4.58],[105.304,-4.604],[105.284,-4.621],[105.265,-4.623],[105.245,-4.64],[105.216,-4.639],[105.214,-4.615],[105.2,-4.613],[105.176,-4.621],[105.173,-4.645],[105.156,-4.677],[105.138,-4.685],[105.143,-4.705],[105.127,-4.727],[105.123,-4.765],[105.099,-4.812],[105.068,-4.864],[105.053,-4.873],[105.052,-4.927],[105.042,-4.945],[105.005,-4.955],[104.994,-4.929],[104.968,-4.915],[104.936,-4.919],[104.904,-4.958],[104.902,-4.985],[104.86,-4.971],[104.82,-4.988],[104.782,-5.013],[104.767,-5.036],[104.722,-5.064],[104.697,-5.064],[104.688,-5.082],[104.643,-5.081],[104.637,-5.089],[104.607,-5.084],[104.58,-5.058],[104.533,-5.107],[104.56,-5.113],[104.583,-5.146],[104.607,-5.155],[104.637,-5.15],[104.661,-5.171],[104.699,-5.167],[104.719,-5.138],[104.751,-5.132],[104.767,-5.149],[104.792,-5.158],[104.795,-5.171],[104.804,-5.173],[104.829,-5.201],[104.862,-5.215],[104.884,-5.251],[104.898,-5.243],[104.913,-5.267],[104.949,-5.258],[104.97,-5.244],[105.01,-5.238],[105.038,-5.209],[105.058,-5.171],[105.075,-5.16],[105.133,-5.15],[105.177,-5.136],[105.206,-5.135],[105.211,-5.155],[105.24,-5.171],[105.242,-5.181],[105.276,-5.18],[105.279,-5.124],[105.269,-5.097],[105.32,-5.053]]]},"properties":{"name":"Lampung Tengah"}},
{"type":"Feature","geometry":{"type":"Polygon","coordinates":[[[105.276,-5.18],[105.289,-5.217],[105.325,-5.22],[105.332,-5.235],[105.357,-5.228],[105.368,-5.213],[105.42,-5.212],[105.425,-5.245],[105.458,-5.243],[105.455,-5.279],[105.439,-5.287],[105.415,-5.281],[105.423,-5.307],[105.466,-5.307],[105.478,-5.289],[105.498,-5.316],[105.512,-5.317],[105.531,-5.341],[105.525,-5.362],[105.524,-5.406],[105.532,-5.418],[105.528,-5.45],[105.569,-5.449],[105.591,-5.457],[105.582,-5.487],[105.631,-5.498],[105.634,-5.553],[105.659,-5.563],[105.657,-5.584],[105.686,-5.612],[105.734,-5.613],[105.738,-5.597],[105.757,-5.592],[105.767,-5.619],[105.785,-5.616],[105.805,-5.583],[105.817,-5.576],[105.819,-5.515],[105.825,-5.502],[105.819,-5.38],[105.821,-5.322],[105.827,-5.301],[105.863,-5.258],[105.862,-5.15],[105.857,-5.074],[105.865,-4.994],[105.874,-4.964],[105.898,-4.944],[105.901,-4.925],[105.873,-4.878],[105.863,-4.839],[105.863,-4.768],[105.872,-4.724],[105.882,-4.703],[105.876,-4.683],[105.855,-4.678],[105.858,-4.635],[105.833,-4.621],[105.817,-4.65],[105.818,-4.681],[105.805,-4.723],[105.812,-4.751],[105.789,-4.75],[105.758,-4.731],[105.737,-4.746],[105.721,-4.735],[105.682,-4.747],[105.675,-4.785],[105.65,-4.794],[105.655,-4.806],[105.637,-4.827],[105.638,-4.851],[105.625,-4.859],[105.605,-4.852],[105.593,-4.879],[105.555,-4.873],[105.536,-4.885],[105.508,-4.881],[105.485,-4.9],[105.438,-4.89],[105.402,-4.922],[105.414,-4.968],[105.362,-4.973],[105.345,-4.964],[105.328,-4.986],[105.323,-5.007],[105.363,-5.012],[105.362,-5.029],[105.32,-5.053],[105.316,-5.076],[105.334,-5.088],[105.34,-5.107],[105.324,-5.133],[105.331,-5.168],[105.295,-5.185],[105.276,-5.18]]]},"properties":{"name":"Lampung Timur"}},
{"type":"Feature","geometry":{"type":"Polygon","coordinates":[[[104.58,-5.058],[104.607,-5.084],[104.637,-5.089],[104.643,-5.081],[104.688,-5.082],[104.697,-5.064],[104.722,-5.064],[104.767,-5.036],[104.782,-5.013],[104.82,-4.988],[104.86,-4.971],[104.902,-4.985],[104.904,-4.958],[104.936,-4.919],[104.968,-4.915],[104.994,-4.929],[105.005,-4.955],[105.042,-4.945],[105.052,-4.927],[105.053,-4.873],[105.068,-4.864],[105.099,-4.812],[105.123,-4.765],[105.127,-4.727],[105.102,-4.713],[105.069,-4.709],[105.035,-4.668],[104.999,-4.66],[104.998,-4.607],[104.986,-4.559],[104.967,-4.528],[104.944,-4.531],[104.907,-4.553],[104.885,-4.542],[104.822,-4.583],[104.783,-4.585],[104.75,-4.564],[104.717,-4.554],[104.698,-4.557],[104.699,-4.597],[104.645,-4.632],[104.636,-4.657],[104.614,-4.67],[104.61,-4.691],[104.631,-4.702],[104.618,-4.717],[104.645,-4.753],[104.642,-4.774],[104.62,-4.824],[104.562,-4.83],[104.535,-4.891],[104.501,-4.955],[104.499,-5.016],[104.528,-5.023],[104.538,-5.015],[104.57,-5.024],[104.58,-5.058]]]},"properties":{"name":"Lampung Utara"}},
{"type":"Feature","geometry":{"type":"Polygon","coordinates":[[[109.143,0.685],[109.181,0.671],[109.19,0.655],[109.213,0.643],[109.245,0.635],[109.26,0.645],[109.29,0.607],[109.282,0.588],[109.247,0.552],[109.238,0.517],[109.223,0.49],[109.253,0.452],[109.263,0.456],[109.312,0.408],[109.322,0.362],[109.305,0.36],[109.263,0.337],[109.235,0.342],[109.209,0.315],[109.2,0.29],[109.218,0.28],[109.246,0.277],[109.26,0.264],[109.321,0.267],[109.362,0.263],[109.384,0.255],[109.432,0.256],[109.474,0.247],[109.496,0.222],[109.488,0.166],[109.507,0.145],[109.511,0.118],[109.501,0.097],[109.501,0.069],[109.521,0.042],[109.507,0.003],[109.525,-0.024],[109.557,-0.005],[109.605,0.036],[109.613,0.02],[109.652,0.051],[109.701,0.077],[109.73,0.077],[109.754,0.091],[109.774,0.078],[109.795,0.09],[109.869,0.086],[109.903,0.099],[109.918,0.116],[109.92,0.134],[109.934,0.152],[109.962,0.169],[109.997,0.165],[110.03,0.177],[110.045,0.208],[110.073,0.218],[110.116,0.209],[110.135,0.224],[110.129,0.249],[110.143,0.268],[110.133,0.323],[110.148,0.338],[110.145,0.357],[110.155,0.38],[110.191,0.385],[110.209,0.426],[110.186,0.427],[110.162,0.441],[110.162,0.454],[110.181,0.466],[110.191,0.485],[110.207,0.484],[110.2,0.525],[110.218,0.537],[110.256,0.55],[110.252,0.591],[110.235,0.583],[110.224,0.6],[110.219,0.624],[110.23,0.665],[110.245,0.697],[110.234,0.732],[110.195,0.758],[110.176,0.808],[110.182,0.836],[110.205,0.848],[110.24,0.847],[110.266,0.868],[110.234,0.887],[110.221,0.916],[110.203,0.927],[110.217,0.948],[110.214,0.99],[110.202,1],[110.159,1.004],[110.122,1.019],[110.055,1.037],[110.022,1.022],[109.953,1.034],[109.931,1.053],[109.912,1.029],[109.927,1.016],[109.919,0.994],[109.925,0.959],[109.909,0.935],[109.859,0.906],[109.85,0.872],[109.809,0.847],[109.785,0.841],[109.732,0.842],[109.701,0.85],[109.687,0.84],[109.676,0.805],[109.677,0.769],[109.662,0.749],[109.64,0.746],[109.581,0.718],[109.53,0.714],[109.52,0.732],[109.505,0.733],[109.471,0.777],[109.432,0.741],[109.407,0.731],[109.362,0.765],[109.336,0.759],[109.306,0.72],[109.291,0.711],[109.276,0.727],[109.253,0.732],[109.233,0.722],[109.215,0.727],[109.193,0.701],[109.149,0.694],[109.143,0.685]]]},"properties":{"name":"Landak"}},
{"type":"Feature","geometry":{"type":"MultiPolygon","coordinates":[[[[98.26,4.176],[98.244,4.169],[98.233,4.147],[98.252,4.134],[98.272,4.142],[98.273,4.172],[98.26,4.176]]],[[[97.916,3.885],[97.909,3.869],[97.922,3.845],[97.896,3.808],[97.825,3.75],[97.8,3.723],[97.826,3.676],[97.844,3.661],[97.854,3.627],[97.869,3.616],[97.864,3.599],[97.868,3.571],[97.904,3.557],[97.924,3.512],[97.922,3.498],[97.959,3.482],[97.95,3.473],[97.921,3.422],[97.898,3.41],[97.91,3.39],[97.948,3.391],[97.977,3.372],[98.007,3.366],[98.029,3.331],[98.056,3.316],[98.08,3.32],[98.099,3.314],[98.117,3.271],[98.141,3.266],[98.167,3.28],[98.223,3.271],[98.259,3.25],[98.285,3.255],[98.298,3.229],[98.34,3.219],[98.357,3.229],[98.361,3.251],[98.351,3.288],[98.398,3.263],[98.399,3.25],[98.43,3.236],[98.445,3.247],[98.466,3.23],[98.472,3.236],[98.471,3.278],[98.509,3.308],[98.501,3.338],[98.505,3.362],[98.496,3.391],[98.502,3.407],[98.504,3.454],[98.52,3.524],[98.501,3.569],[98.494,3.555],[98.476,3.556],[98.478,3.528],[98.446,3.538],[98.447,3.567],[98.46,3.587],[98.443,3.613],[98.474,3.617],[98.472,3.648],[98.501,3.673],[98.51,3.729],[98.507,3.737],[98.532,3.787],[98.577,3.816],[98.619,3.883],[98.636,3.884],[98.651,3.905],[98.665,3.908],[98.632,3.917],[98.604,3.915],[98.574,3.94],[98.56,3.939],[98.551,3.983],[98.538,3.992],[98.542,4.012],[98.503,4.017],[98.464,4.04],[98.431,4.041],[98.407,4.067],[98.388,4.076],[98.311,4.074],[98.299,4.104],[98.273,4.121],[98.236,4.131],[98.171,4.104],[98.178,4.144],[98.161,4.152],[98.186,4.175],[98.245,4.187],[98.25,4.208],[98.243,4.271],[98.252,4.289],[98.214,4.287],[98.203,4.297],[98.154,4.287],[98.143,4.26],[98.109,4.252],[98.083,4.257],[98.068,4.246],[98.089,4.226],[98.085,4.193],[98.063,4.189],[98.072,4.143],[98.047,4.12],[98.045,4.074],[98.034,4.057],[98.046,4.024],[98.026,4.014],[98.031,3.986],[98.023,3.967],[98.004,3.964],[97.995,3.945],[97.962,3.933],[97.957,3.902],[97.916,3.885]]]]},"properties":{"name":"Langkat"}},
{"type":"Feature","geometry":{"type":"Polygon","coordinates":[[[138.611,-3.784],[138.609,-3.723],[138.505,-3.726],[138.473,-3.743],[138.428,-3.755],[138.406,-3.753],[138.393,-3.783],[138.334,-3.774],[138.305,-3.773],[138.269,-3.813],[138.186,-3.838],[138.125,-3.832],[138.05,-3.834],[138.009,-3.84],[137.952,-3.867],[137.949,-3.944],[137.937,-3.962],[137.871,-3.976],[137.814,-3.979],[137.758,-4.013],[137.715,-4.057],[137.678,-4.172],[137.74,-4.145],[137.816,-4.131],[137.842,-4.15],[137.866,-4.155],[137.895,-4.147],[138.004,-4.137],[138.125,-4.134],[138.161,-4.137],[138.237,-4.155],[138.294,-4.188],[138.33,-4.192],[138.377,-4.183],[138.415,-4.181],[138.459,-4.19],[138.505,-4.188],[138.555,-4.192],[138.581,-4.183],[138.599,-4.141],[138.615,-4.096],[138.634,-4.077],[138.648,-4.027],[138.677,-3.969],[138.704,-3.946],[138.728,-3.912],[138.708,-3.888],[138.718,-3.849],[138.658,-3.843],[138.602,-3.846],[138.611,-3.784]]]},"properties":{"name":"Lanny Jaya"}},
{"type":"Feature","geometry":{"type":"Polygon","coordinates":[[[106.427,-6.348],[106.4,-6.332],[106.357,-6.329],[106.318,-6.335],[106.31,-6.322],[106.284,-6.313],[106.274,-6.301],[106.245,-6.297],[106.22,-6.309],[106.212,-6.291],[106.171,-6.29],[106.148,-6.324],[106.13,-6.328],[106.126,-6.358],[106.131,-6.376],[106.113,-6.419],[106.101,-6.427],[106.067,-6.408],[106.046,-6.412],[106.026,-6.432],[105.984,-6.504],[105.985,-6.541],[105.933,-6.602],[105.943,-6.63],[105.939,-6.687],[105.917,-6.719],[105.896,-6.716],[105.884,-6.761],[105.866,-6.787],[105.885,-6.821],[105.882,-6.841],[105.906,-6.82],[105.95,-6.813],[105.993,-6.814],[106.044,-6.826],[106.062,-6.835],[106.095,-6.876],[106.165,-6.909],[106.214,-6.919],[106.246,-6.94],[106.246,-6.961],[106.266,-6.974],[106.301,-6.978],[106.307,-6.995],[106.337,-6.987],[106.36,-6.997],[106.381,-6.995],[106.397,-6.979],[106.391,-6.932],[106.4,-6.92],[106.393,-6.901],[106.431,-6.862],[106.438,-6.828],[106.457,-6.804],[106.498,-6.791],[106.525,-6.762],[106.498,-6.752],[106.467,-6.751],[106.451,-6.727],[106.449,-6.707],[106.429,-6.682],[106.43,-6.591],[106.423,-6.551],[106.403,-6.517],[106.413,-6.483],[106.401,-6.456],[106.44,-6.45],[106.454,-6.419],[106.434,-6.394],[106.427,-6.348]]]},"properties":{"name":"Lebak"}},
{"type":"Feature","geometry":{"type":"Polygon","coordinates":[[[102.376,-3.382],[102.393,-3.355],[102.424,-3.358],[102.441,-3.347],[102.449,-3.321],[102.49,-3.326],[102.501,-3.31],[102.487,-3.284],[102.498,-3.26],[102.49,-3.239],[102.506,-3.215],[102.489,-3.208],[102.494,-3.164],[102.489,-3.157],[102.486,-3.108],[102.467,-3.08],[102.436,-3.055],[102.403,-3.053],[102.39,-3.044],[102.37,-3.055],[102.321,-3.07],[102.284,-3.038],[102.257,-3.037],[102.237,-2.997],[102.225,-2.928],[102.194,-2.918],[102.182,-2.901],[102.164,-2.896],[102.133,-2.876],[102.13,-2.836],[102.114,-2.816],[102.093,-2.81],[102.072,-2.793],[102.068,-2.768],[102.029,-2.757],[101.99,-2.723],[101.963,-2.726],[101.953,-2.735],[101.922,-2.737],[101.933,-2.765],[101.947,-2.776],[101.964,-2.815],[102,-2.844],[102.011,-2.863],[102.008,-2.885],[102.032,-2.917],[102.042,-2.974],[102.077,-2.994],[102.104,-3.026],[102.104,-3.037],[102.135,-3.064],[102.143,-3.082],[102.136,-3.144],[102.126,-3.173],[102.142,-3.197],[102.154,-3.189],[102.169,-3.209],[102.172,-3.228],[102.206,-3.221],[102.271,-3.277],[102.289,-3.28],[102.298,-3.322],[102.28,-3.337],[102.275,-3.361],[102.315,-3.373],[102.359,-3.373],[102.376,-3.382]]]},"properties":{"name":"Lebong"}},
{"type":"Feature","geometry":{"type":"Polygon","coordinates":[[[123.845,-8.21],[123.808,-8.176],[123.782,-8.167],[123.753,-8.184],[123.738,-8.203],[123.697,-8.223],[123.699,-8.252],[123.668,-8.253],[123.655,-8.238],[123.657,-8.221],[123.632,-8.214],[123.607,-8.238],[123.628,-8.247],[123.63,-8.293],[123.606,-8.298],[123.602,-8.284],[123.575,-8.285],[123.576,-8.311],[123.599,-8.327],[123.586,-8.35],[123.554,-8.366],[123.518,-8.349],[123.497,-8.353],[123.518,-8.308],[123.531,-8.303],[123.547,-8.254],[123.538,-8.232],[123.495,-8.239],[123.465,-8.265],[123.436,-8.27],[123.407,-8.25],[123.384,-8.261],[123.366,-8.278],[123.375,-8.296],[123.405,-8.289],[123.431,-8.294],[123.473,-8.335],[123.432,-8.366],[123.401,-8.366],[123.381,-8.382],[123.339,-8.396],[123.291,-8.462],[123.234,-8.507],[123.217,-8.506],[123.22,-8.547],[123.234,-8.54],[123.278,-8.541],[123.292,-8.547],[123.314,-8.525],[123.345,-8.536],[123.355,-8.561],[123.393,-8.584],[123.425,-8.573],[123.446,-8.546],[123.447,-8.531],[123.49,-8.513],[123.505,-8.515],[123.511,-8.551],[123.53,-8.566],[123.548,-8.567],[123.584,-8.539],[123.582,-8.5],[123.554,-8.465],[123.59,-8.437],[123.625,-8.402],[123.648,-8.4],[123.652,-8.426],[123.675,-8.423],[123.693,-8.408],[123.701,-8.381],[123.731,-8.346],[123.74,-8.319],[123.77,-8.284],[123.805,-8.269],[123.832,-8.275],[123.874,-8.27],[123.918,-8.253],[123.925,-8.244],[123.905,-8.211],[123.845,-8.21]]]},"properties":{"name":"Lembata"}},
{"type":"Feature","geometry":{"type":"Polygon","coordinates":[[[100.536,-0.281],[100.568,-0.281],[100.582,-0.294],[100.585,-0.312],[100.601,-0.314],[100.608,-0.352],[100.645,-0.352],[100.668,-0.345],[100.686,-0.327],[100.754,-0.366],[100.791,-0.352],[100.824,-0.352],[100.845,-0.339],[100.841,-0.297],[100.806,-0.271],[100.802,-0.243],[100.777,-0.218],[100.763,-0.212],[100.769,-0.177],[100.753,-0.083],[100.743,-0.072],[100.745,-0.046],[100.782,-0.011],[100.809,-0.03],[100.848,0],[100.844,0.027],[100.85,0.053],[100.832,0.067],[100.801,0.049],[100.781,0.078],[100.788,0.128],[100.82,0.143],[100.835,0.14],[100.849,0.17],[100.843,0.181],[100.841,0.226],[100.819,0.249],[100.8,0.258],[100.773,0.251],[100.765,0.237],[100.732,0.236],[100.701,0.246],[100.695,0.217],[100.682,0.189],[100.649,0.204],[100.63,0.219],[100.594,0.268],[100.564,0.297],[100.532,0.318],[100.534,0.341],[100.499,0.364],[100.482,0.401],[100.465,0.398],[100.435,0.418],[100.42,0.424],[100.376,0.389],[100.347,0.384],[100.32,0.403],[100.301,0.397],[100.332,0.338],[100.309,0.3],[100.332,0.253],[100.333,0.219],[100.344,0.201],[100.35,0.171],[100.328,0.15],[100.316,0.088],[100.338,0.043],[100.32,0.027],[100.314,0.005],[100.296,-0.009],[100.277,-0.01],[100.264,-0.035],[100.302,-0.056],[100.317,-0.046],[100.332,-0.077],[100.355,-0.086],[100.372,-0.113],[100.378,-0.146],[100.4,-0.161],[100.44,-0.172],[100.448,-0.203],[100.508,-0.242],[100.535,-0.253],[100.536,-0.281]],[[100.656,-0.188],[100.671,-0.189],[100.684,-0.207],[100.677,-0.231],[100.646,-0.25],[100.649,-0.265],[100.619,-0.275],[100.599,-0.262],[100.586,-0.237],[100.599,-0.22],[100.583,-0.21],[100.598,-0.191],[100.632,-0.194],[100.656,-0.188]]]},"properties":{"name":"Lima Puluh Kota"}},
{"type":"Feature","geometry":{"type":"MultiPolygon","coordinates":[[[[104.196,-0.393],[104.196,-0.424],[104.219,-0.428],[104.232,-0.401],[104.196,-0.393]]],[[[104.189,-0.363],[104.192,-0.387],[104.234,-0.387],[104.235,-0.368],[104.189,-0.363]]],[[[104.485,-0.34],[104.437,-0.344],[104.428,-0.359],[104.432,-0.381],[104.414,-0.4],[104.387,-0.412],[104.358,-0.406],[104.338,-0.416],[104.323,-0.396],[104.338,-0.388],[104.321,-0.361],[104.311,-0.389],[104.277,-0.396],[104.267,-0.427],[104.26,-0.475],[104.252,-0.491],[104.304,-0.538],[104.322,-0.547],[104.344,-0.626],[104.342,-0.655],[104.366,-0.684],[104.389,-0.667],[104.383,-0.656],[104.396,-0.629],[104.397,-0.602],[104.434,-0.582],[104.455,-0.62],[104.474,-0.637],[104.505,-0.643],[104.509,-0.596],[104.535,-0.539],[104.565,-0.502],[104.593,-0.493],[104.597,-0.458],[104.573,-0.444],[104.541,-0.391],[104.539,-0.371],[104.506,-0.363],[104.485,-0.34]]],[[[104.472,-0.277],[104.428,-0.29],[104.405,-0.28],[104.392,-0.304],[104.42,-0.324],[104.454,-0.324],[104.486,-0.318],[104.492,-0.306],[104.483,-0.283],[104.472,-0.277]]],[[[104.534,0.024],[104.514,0.013],[104.522,-0.001],[104.543,0.013],[104.534,0.024]]],[[[104.583,0.005],[104.549,0.031],[104.555,0.004],[104.536,-0.011],[104.501,-0.007],[104.502,-0.046],[104.509,-0.056],[104.509,-0.108],[104.503,-0.132],[104.48,-0.139],[104.469,-0.163],[104.452,-0.161],[104.427,-0.183],[104.429,-0.233],[104.448,-0.246],[104.498,-0.241],[104.502,-0.262],[104.518,-0.275],[104.569,-0.239],[104.593,-0.246],[104.629,-0.231],[104.648,-0.217],[104.7,-0.205],[104.735,-0.233],[104.753,-0.234],[104.753,-0.254],[104.813,-0.291],[104.849,-0.323],[104.865,-0.313],[104.882,-0.327],[104.903,-0.326],[104.901,-0.289],[104.916,-0.278],[104.937,-0.28],[104.955,-0.293],[104.997,-0.306],[104.99,-0.276],[104.966,-0.28],[104.942,-0.268],[104.897,-0.23],[104.879,-0.196],[104.867,-0.189],[104.847,-0.154],[104.827,-0.134],[104.814,-0.155],[104.816,-0.186],[104.807,-0.207],[104.778,-0.196],[104.757,-0.196],[104.737,-0.168],[104.734,-0.141],[104.717,-0.133],[104.684,-0.084],[104.67,-0.081],[104.64,-0.035],[104.583,0.005]]],[[[104.78,0.043],[104.74,0.047],[104.74,0.032],[104.78,0.043]]],[[[104.478,0.096],[104.478,0.108],[104.457,0.136],[104.446,0.127],[104.478,0.096]]],[[[104.406,0.156],[104.397,0.144],[104.413,0.114],[104.408,0.094],[104.444,0.05],[104.477,0.038],[104.492,0.059],[104.474,0.096],[104.456,0.109],[104.423,0.146],[104.406,0.156]]],[[[104.232,0.201],[104.201,0.167],[104.226,0.155],[104.241,0.177],[104.232,0.201]]],[[[104.525,0.236],[104.525,0.218],[104.489,0.246],[104.493,0.217],[104.516,0.199],[104.527,0.164],[104.562,0.118],[104.603,0.082],[104.621,0.075],[104.658,0.041],[104.696,0.016],[104.71,0.038],[104.664,0.074],[104.631,0.112],[104.605,0.151],[104.525,0.236]]],[[[104.348,0.312],[104.355,0.279],[104.387,0.282],[104.369,0.306],[104.348,0.312]]],[[[104.332,0.376],[104.348,0.349],[104.338,0.339],[104.354,0.314],[104.377,0.313],[104.391,0.29],[104.412,0.294],[104.423,0.319],[104.417,0.332],[104.395,0.337],[104.332,0.376]]]]},"properties":{"name":"Lingga"}},
{"type":"Feature","geometry":{"type":"Polygon","coordinates":[[[116.074,-8.625],[116.068,-8.677],[116.057,-8.725],[116.073,-8.738],[116.044,-8.766],[116.03,-8.739],[116.015,-8.751],[115.99,-8.731],[115.949,-8.745],[115.936,-8.77],[115.907,-8.773],[115.882,-8.763],[115.867,-8.746],[115.869,-8.73],[115.853,-8.72],[115.838,-8.729],[115.824,-8.758],[115.829,-8.792],[115.845,-8.82],[115.869,-8.818],[115.906,-8.839],[115.931,-8.833],[115.945,-8.841],[115.972,-8.879],[115.997,-8.888],[116.008,-8.904],[116.045,-8.87],[116.05,-8.885],[116.072,-8.885],[116.101,-8.87],[116.092,-8.846],[116.115,-8.808],[116.133,-8.768],[116.131,-8.745],[116.173,-8.728],[116.177,-8.678],[116.196,-8.674],[116.179,-8.62],[116.249,-8.593],[116.267,-8.564],[116.288,-8.557],[116.316,-8.517],[116.321,-8.498],[116.304,-8.462],[116.339,-8.411],[116.311,-8.429],[116.278,-8.44],[116.267,-8.451],[116.222,-8.457],[116.214,-8.48],[116.142,-8.454],[116.129,-8.471],[116.068,-8.462],[116.037,-8.47],[116.034,-8.485],[116.061,-8.514],[116.069,-8.551],[116.143,-8.566],[116.16,-8.585],[116.151,-8.612],[116.101,-8.625],[116.074,-8.625]]]},"properties":{"name":"Lombok Barat"}},
{"type":"Feature","geometry":{"type":"Polygon","coordinates":[[[116.101,-8.87],[116.137,-8.87],[116.15,-8.863],[116.174,-8.914],[116.216,-8.902],[116.245,-8.913],[116.268,-8.91],[116.278,-8.893],[116.298,-8.906],[116.328,-8.909],[116.342,-8.922],[116.367,-8.925],[116.377,-8.956],[116.398,-8.937],[116.393,-8.926],[116.405,-8.899],[116.386,-8.867],[116.402,-8.857],[116.39,-8.821],[116.414,-8.807],[116.418,-8.776],[116.446,-8.746],[116.446,-8.723],[116.429,-8.691],[116.381,-8.664],[116.377,-8.611],[116.386,-8.489],[116.406,-8.461],[116.406,-8.435],[116.375,-8.414],[116.339,-8.411],[116.304,-8.462],[116.321,-8.498],[116.316,-8.517],[116.288,-8.557],[116.267,-8.564],[116.249,-8.593],[116.179,-8.62],[116.196,-8.674],[116.177,-8.678],[116.173,-8.728],[116.131,-8.745],[116.133,-8.768],[116.115,-8.808],[116.092,-8.846],[116.101,-8.87]]]},"properties":{"name":"Lombok Tengah"}},
{"type":"Feature","geometry":{"type":"Polygon","coordinates":[[[116.402,-8.857],[116.428,-8.826],[116.441,-8.841],[116.468,-8.83],[116.448,-8.899],[116.436,-8.92],[116.472,-8.921],[116.516,-8.897],[116.526,-8.909],[116.567,-8.892],[116.575,-8.872],[116.537,-8.856],[116.535,-8.828],[116.498,-8.842],[116.499,-8.808],[116.51,-8.78],[116.545,-8.753],[116.556,-8.721],[116.578,-8.691],[116.585,-8.67],[116.621,-8.627],[116.623,-8.605],[116.658,-8.572],[116.667,-8.556],[116.658,-8.532],[116.666,-8.514],[116.662,-8.487],[116.696,-8.452],[116.712,-8.443],[116.71,-8.415],[116.722,-8.397],[116.725,-8.368],[116.715,-8.346],[116.694,-8.336],[116.659,-8.294],[116.621,-8.281],[116.6,-8.281],[116.578,-8.269],[116.532,-8.254],[116.506,-8.256],[116.494,-8.246],[116.47,-8.274],[116.467,-8.331],[116.42,-8.39],[116.429,-8.405],[116.406,-8.435],[116.406,-8.461],[116.386,-8.489],[116.377,-8.611],[116.381,-8.664],[116.429,-8.691],[116.446,-8.723],[116.446,-8.746],[116.418,-8.776],[116.414,-8.807],[116.39,-8.821],[116.402,-8.857]]]},"properties":{"name":"Lombok Timur"}},
{"type":"Feature","geometry":{"type":"Polygon","coordinates":[[[116.339,-8.411],[116.375,-8.414],[116.406,-8.435],[116.429,-8.405],[116.42,-8.39],[116.467,-8.331],[116.47,-8.274],[116.494,-8.246],[116.46,-8.227],[116.351,-8.211],[116.27,-8.245],[116.237,-8.266],[116.204,-8.302],[116.194,-8.305],[116.178,-8.341],[116.153,-8.343],[116.13,-8.365],[116.109,-8.362],[116.102,-8.394],[116.073,-8.407],[116.056,-8.404],[116.046,-8.433],[116.032,-8.447],[116.037,-8.47],[116.068,-8.462],[116.129,-8.471],[116.142,-8.454],[116.214,-8.48],[116.222,-8.457],[116.267,-8.451],[116.278,-8.44],[116.311,-8.429],[116.339,-8.411]]]},"properties":{"name":"Lombok Utara"}},
{"type":"Feature","geometry":{"type":"Polygon","coordinates":[[[113.363,-8.028],[113.357,-7.984],[113.345,-7.956],[113.322,-7.928],[113.275,-7.93],[113.267,-7.901],[113.212,-7.911],[113.191,-7.945],[113.154,-7.971],[113.113,-7.988],[113.104,-7.981],[113.07,-7.982],[113.064,-7.998],[113.044,-7.99],[113.022,-7.969],[112.994,-7.961],[112.975,-7.98],[112.942,-7.983],[112.935,-8.019],[112.909,-8.042],[112.9,-8.061],[112.906,-8.082],[112.923,-8.087],[112.925,-8.111],[112.904,-8.154],[112.903,-8.174],[112.914,-8.228],[112.921,-8.241],[112.907,-8.283],[112.919,-8.307],[112.943,-8.317],[112.938,-8.337],[112.96,-8.353],[112.98,-8.325],[113.047,-8.299],[113.088,-8.286],[113.122,-8.291],[113.161,-8.282],[113.22,-8.282],[113.261,-8.289],[113.303,-8.307],[113.32,-8.266],[113.313,-8.229],[113.333,-8.208],[113.349,-8.207],[113.368,-8.185],[113.366,-8.168],[113.379,-8.158],[113.377,-8.136],[113.362,-8.101],[113.367,-8.086],[113.349,-8.055],[113.363,-8.028]]]},"properties":{"name":"Lumajang"}},
{"type":"Feature","geometry":{"type":"MultiPolygon","coordinates":[[[[120.096,-3.483],[120.117,-3.487],[120.136,-3.501],[120.171,-3.498],[120.182,-3.534],[120.192,-3.547],[120.196,-3.581],[120.208,-3.594],[120.231,-3.592],[120.305,-3.649],[120.324,-3.652],[120.344,-3.65],[120.412,-3.664],[120.418,-3.632],[120.417,-3.573],[120.401,-3.551],[120.38,-3.498],[120.391,-3.489],[120.39,-3.445],[120.405,-3.431],[120.398,-3.366],[120.404,-3.34],[120.399,-3.289],[120.419,-3.27],[120.39,-3.251],[120.381,-3.223],[120.382,-3.202],[120.304,-3.178],[120.29,-3.168],[120.266,-3.166],[120.252,-3.142],[120.26,-3.127],[120.262,-3.082],[120.253,-3.052],[120.229,-3.043],[120.208,-3.06],[120.178,-3.054],[120.139,-3.087],[120.083,-3.031],[120.066,-3.05],[120.049,-3.054],[120.021,-3.081],[120.017,-3.119],[120.006,-3.128],[119.996,-3.173],[119.985,-3.187],[119.992,-3.211],[119.98,-3.224],[119.981,-3.245],[120.001,-3.268],[120.025,-3.282],[120.03,-3.322],[120.044,-3.353],[120.034,-3.374],[120.021,-3.379],[120.032,-3.403],[120.053,-3.405],[120.066,-3.438],[120.096,-3.483]]],[[[120.23,-2.953],[120.256,-2.946],[120.279,-2.929],[120.287,-2.91],[120.27,-2.897],[120.27,-2.854],[120.216,-2.789],[120.182,-2.764],[120.171,-2.736],[120.131,-2.703],[120.14,-2.688],[120.13,-2.674],[120.102,-2.666],[120.082,-2.695],[120.065,-2.691],[120.046,-2.701],[120.016,-2.698],[119.948,-2.717],[119.927,-2.728],[119.916,-2.723],[119.872,-2.741],[119.882,-2.763],[119.898,-2.776],[119.941,-2.781],[119.96,-2.806],[119.952,-2.83],[119.968,-2.859],[119.984,-2.861],[120.005,-2.902],[120.046,-2.928],[120.048,-2.954],[120.094,-2.918],[120.14,-2.903],[120.159,-2.889],[120.199,-2.89],[120.217,-2.896],[120.216,-2.913],[120.233,-2.94],[120.23,-2.953]]]]},"properties":{"name":"Luwu"}},
{"type":"Feature","geometry":{"type":"Polygon","coordinates":[[[121.358,-2.975],[121.382,-2.98],[121.412,-3.003],[121.457,-3.013],[121.465,-2.999],[121.492,-2.978],[121.525,-2.962],[121.547,-2.922],[121.566,-2.922],[121.601,-2.904],[121.617,-2.906],[121.638,-2.894],[121.686,-2.901],[121.688,-2.878],[121.673,-2.869],[121.67,-2.843],[121.687,-2.821],[121.724,-2.808],[121.722,-2.768],[121.742,-2.756],[121.754,-2.735],[121.758,-2.705],[121.79,-2.667],[121.78,-2.631],[121.738,-2.593],[121.704,-2.538],[121.684,-2.543],[121.653,-2.539],[121.631,-2.494],[121.612,-2.485],[121.586,-2.492],[121.56,-2.491],[121.545,-2.472],[121.501,-2.453],[121.49,-2.43],[121.46,-2.42],[121.442,-2.405],[121.408,-2.41],[121.319,-2.389],[121.299,-2.378],[121.231,-2.361],[121.182,-2.375],[121.15,-2.341],[121.139,-2.318],[121.105,-2.279],[121.053,-2.267],[121.034,-2.276],[120.993,-2.245],[120.937,-2.228],[120.88,-2.22],[120.842,-2.218],[120.805,-2.225],[120.791,-2.238],[120.757,-2.239],[120.717,-2.223],[120.615,-2.157],[120.521,-2.051],[120.508,-2.069],[120.52,-2.144],[120.507,-2.165],[120.501,-2.205],[120.472,-2.247],[120.485,-2.281],[120.498,-2.286],[120.512,-2.317],[120.531,-2.332],[120.532,-2.381],[120.543,-2.399],[120.543,-2.43],[120.574,-2.468],[120.604,-2.539],[120.621,-2.585],[120.639,-2.599],[120.635,-2.622],[120.656,-2.667],[120.672,-2.65],[120.746,-2.637],[120.75,-2.622],[120.783,-2.627],[120.817,-2.619],[120.84,-2.65],[120.899,-2.645],[120.907,-2.662],[120.948,-2.661],[120.979,-2.667],[120.995,-2.679],[121.036,-2.665],[121.037,-2.694],[121.057,-2.693],[121.085,-2.704],[121.094,-2.723],[121.065,-2.764],[121.036,-2.777],[121.022,-2.804],[120.982,-2.822],[120.988,-2.831],[121.019,-2.82],[121.037,-2.791],[121.069,-2.788],[121.08,-2.779],[121.121,-2.791],[121.177,-2.831],[121.203,-2.858],[121.223,-2.854],[121.241,-2.825],[121.281,-2.819],[121.295,-2.807],[121.319,-2.808],[121.333,-2.834],[121.358,-2.899],[121.329,-2.939],[121.358,-2.975]]]},"properties":{"name":"Luwu Timur"}},
{"type":"Feature","geometry":{"type":"Polygon","coordinates":[[[120.287,-2.91],[120.322,-2.901],[120.355,-2.864],[120.364,-2.865],[120.41,-2.841],[120.453,-2.823],[120.478,-2.803],[120.488,-2.784],[120.534,-2.757],[120.539,-2.739],[120.573,-2.706],[120.571,-2.687],[120.599,-2.679],[120.633,-2.682],[120.656,-2.667],[120.635,-2.622],[120.639,-2.599],[120.621,-2.585],[120.604,-2.539],[120.574,-2.468],[120.543,-2.43],[120.543,-2.399],[120.532,-2.381],[120.531,-2.332],[120.512,-2.317],[120.498,-2.286],[120.485,-2.281],[120.472,-2.247],[120.501,-2.205],[120.507,-2.165],[120.52,-2.144],[120.508,-2.069],[120.521,-2.051],[120.484,-2.002],[120.471,-1.963],[120.419,-1.914],[120.409,-1.897],[120.389,-1.898],[120.38,-1.945],[120.363,-1.992],[120.362,-2.011],[120.349,-2.03],[120.345,-2.057],[120.335,-2.062],[120.271,-2.028],[120.238,-2.029],[120.203,-2.036],[120.179,-2.034],[120.115,-2.009],[120.099,-1.986],[120.085,-1.98],[120.051,-1.985],[120.01,-1.964],[119.968,-1.977],[119.964,-2],[119.944,-2.015],[119.945,-2.027],[119.921,-2.034],[119.909,-2.053],[119.884,-2.046],[119.87,-2.018],[119.843,-2.046],[119.817,-2.062],[119.817,-2.095],[119.77,-2.121],[119.762,-2.145],[119.729,-2.166],[119.727,-2.177],[119.691,-2.209],[119.674,-2.21],[119.657,-2.234],[119.632,-2.243],[119.636,-2.28],[119.628,-2.295],[119.69,-2.351],[119.72,-2.404],[119.697,-2.445],[119.701,-2.474],[119.731,-2.5],[119.726,-2.527],[119.711,-2.555],[119.716,-2.576],[119.74,-2.591],[119.761,-2.617],[119.797,-2.64],[119.839,-2.611],[119.854,-2.621],[119.858,-2.642],[119.852,-2.698],[119.872,-2.741],[119.916,-2.723],[119.927,-2.728],[119.948,-2.717],[120.016,-2.698],[120.046,-2.701],[120.065,-2.691],[120.082,-2.695],[120.102,-2.666],[120.13,-2.674],[120.14,-2.688],[120.131,-2.703],[120.171,-2.736],[120.182,-2.764],[120.216,-2.789],[120.27,-2.854],[120.27,-2.897],[120.287,-2.91]]]},"properties":{"name":"Luwu Utara"}},
{"type":"Feature","geometry":{"type":"Polygon","coordinates":[[[111.671,-7.41],[111.637,-7.463],[111.611,-7.476],[111.57,-7.524],[111.536,-7.546],[111.51,-7.537],[111.5,-7.559],[111.475,-7.585],[111.466,-7.637],[111.483,-7.639],[111.482,-7.661],[111.512,-7.649],[111.496,-7.638],[111.521,-7.597],[111.559,-7.597],[111.551,-7.642],[111.542,-7.659],[111.511,-7.659],[111.499,-7.674],[111.499,-7.699],[111.483,-7.704],[111.459,-7.725],[111.45,-7.779],[111.469,-7.777],[111.509,-7.799],[111.582,-7.802],[111.605,-7.781],[111.658,-7.767],[111.678,-7.774],[111.7,-7.812],[111.721,-7.813],[111.733,-7.801],[111.752,-7.801],[111.728,-7.779],[111.734,-7.725],[111.753,-7.705],[111.762,-7.678],[111.784,-7.647],[111.786,-7.603],[111.802,-7.549],[111.834,-7.549],[111.842,-7.498],[111.822,-7.493],[111.818,-7.473],[111.8,-7.461],[111.767,-7.469],[111.727,-7.449],[111.671,-7.41]]]},"properties":{"name":"Madiun"}},
{"type":"Feature","geometry":{"type":"Polygon","coordinates":[[[110.439,-7.454],[110.414,-7.417],[110.404,-7.365],[110.377,-7.345],[110.379,-7.335],[110.328,-7.32],[110.317,-7.353],[110.287,-7.364],[110.263,-7.381],[110.236,-7.373],[110.222,-7.392],[110.173,-7.381],[110.121,-7.39],[110.074,-7.386],[110.053,-7.435],[110.065,-7.46],[110.052,-7.483],[110.044,-7.535],[110.059,-7.559],[110.081,-7.577],[110.1,-7.569],[110.121,-7.624],[110.142,-7.645],[110.166,-7.649],[110.192,-7.645],[110.24,-7.654],[110.266,-7.65],[110.264,-7.681],[110.27,-7.706],[110.304,-7.655],[110.355,-7.623],[110.4,-7.585],[110.416,-7.561],[110.446,-7.542],[110.405,-7.517],[110.414,-7.497],[110.433,-7.478],[110.439,-7.454]],[[110.226,-7.438],[110.234,-7.5],[110.202,-7.499],[110.214,-7.451],[110.226,-7.438]]]},"properties":{"name":"Magelang"}},
{"type":"Feature","geometry":{"type":"Polygon","coordinates":[[[111.182,-7.712],[111.214,-7.723],[111.216,-7.738],[111.239,-7.751],[111.287,-7.743],[111.294,-7.761],[111.285,-7.778],[111.29,-7.794],[111.319,-7.786],[111.364,-7.784],[111.428,-7.776],[111.45,-7.779],[111.459,-7.725],[111.483,-7.704],[111.499,-7.699],[111.499,-7.674],[111.511,-7.659],[111.512,-7.649],[111.482,-7.661],[111.483,-7.639],[111.466,-7.637],[111.475,-7.585],[111.5,-7.559],[111.51,-7.537],[111.502,-7.514],[111.467,-7.51],[111.438,-7.521],[111.411,-7.538],[111.381,-7.54],[111.371,-7.57],[111.354,-7.57],[111.294,-7.602],[111.261,-7.598],[111.194,-7.62],[111.188,-7.656],[111.192,-7.673],[111.182,-7.712]]]},"properties":{"name":"Magetan"}},
{"type":"Feature","geometry":{"type":"Polygon","coordinates":[[[115.305,-0.037],[115.332,-0.025],[115.352,0.007],[115.374,0.032],[115.395,0.019],[115.441,0.042],[115.442,0.068],[115.453,0.089],[115.451,0.107],[115.472,0.138],[115.516,0.134],[115.578,0.14],[115.615,0.152],[115.652,0.144],[115.675,0.145],[115.686,0.157],[115.719,0.148],[115.777,0.149],[115.803,0.166],[115.797,0.185],[115.821,0.195],[115.806,0.26],[115.788,0.298],[115.761,0.318],[115.763,0.345],[115.775,0.374],[115.782,0.426],[115.765,0.449],[115.67,0.536],[115.636,0.557],[115.65,0.577],[115.653,0.604],[115.642,0.617],[115.6,0.626],[115.572,0.654],[115.509,0.735],[115.466,0.771],[115.462,0.807],[115.465,0.834],[115.509,0.912],[115.52,0.953],[115.526,1.058],[115.517,1.121],[115.503,1.162],[115.479,1.2],[115.476,1.214],[115.495,1.231],[115.504,1.257],[115.436,1.229],[115.406,1.173],[115.418,1.144],[115.394,1.105],[115.378,1.1],[115.371,1.072],[115.348,1.061],[115.317,1.059],[115.266,1.044],[115.23,1.058],[115.186,1.068],[115.19,1.088],[115.174,1.116],[115.142,1.116],[115.119,1.129],[115.084,1.116],[115.06,1.123],[115.045,1.116],[115.007,1.127],[115,1.152],[114.989,1.157],[114.99,1.183],[114.974,1.193],[114.936,1.178],[114.914,1.199],[114.88,1.211],[114.859,1.192],[114.852,1.168],[114.81,1.193],[114.758,1.245],[114.758,1.255],[114.727,1.264],[114.716,1.278],[114.726,1.311],[114.7,1.354],[114.672,1.353],[114.639,1.381],[114.646,1.409],[114.635,1.431],[114.604,1.444],[114.59,1.463],[114.585,1.445],[114.563,1.433],[114.539,1.437],[114.463,1.485],[114.392,1.521],[114.379,1.493],[114.337,1.486],[114.307,1.472],[114.299,1.457],[114.238,1.448],[114.205,1.41],[114.198,1.397],[114.179,1.395],[114.169,1.37],[114.206,1.347],[114.209,1.31],[114.196,1.299],[114.187,1.269],[114.208,1.236],[114.209,1.219],[114.198,1.196],[114.222,1.161],[114.18,1.152],[114.163,1.138],[114.128,1.127],[114.094,1.106],[114.078,1.106],[114.055,1.128],[114.036,1.111],[113.987,1.126],[113.963,1.11],[113.963,1.091],[113.948,1.061],[113.9,1.058],[113.89,1.047],[113.893,1.019],[113.916,1.003],[113.912,0.968],[113.872,0.917],[113.871,0.889],[113.926,0.84],[113.91,0.812],[113.874,0.78],[113.896,0.755],[113.896,0.742],[113.875,0.713],[113.844,0.706],[113.836,0.682],[113.843,0.666],[113.88,0.66],[113.886,0.642],[113.914,0.657],[113.966,0.657],[113.985,0.666],[114.005,0.649],[114.027,0.671],[114.053,0.67],[114.091,0.698],[114.127,0.691],[114.13,0.67],[114.158,0.659],[114.177,0.64],[114.179,0.616],[114.159,0.599],[114.167,0.583],[114.188,0.586],[114.203,0.54],[114.248,0.523],[114.292,0.538],[114.322,0.541],[114.364,0.53],[114.407,0.495],[114.427,0.502],[114.438,0.519],[114.435,0.543],[114.463,0.562],[114.489,0.571],[114.531,0.559],[114.546,0.601],[114.545,0.63],[114.567,0.625],[114.62,0.643],[114.639,0.671],[114.654,0.678],[114.665,0.703],[114.695,0.713],[114.717,0.701],[114.75,0.726],[114.782,0.727],[114.834,0.754],[114.862,0.737],[114.917,0.777],[114.958,0.762],[114.979,0.739],[114.989,0.718],[115,0.673],[115.011,0.607],[115.05,0.539],[115.082,0.5],[115.094,0.47],[115.133,0.432],[115.129,0.375],[115.055,0.318],[115.047,0.298],[115.023,0.33],[114.998,0.321],[114.979,0.33],[114.955,0.319],[114.934,0.332],[114.901,0.316],[114.872,0.271],[114.864,0.238],[114.833,0.227],[114.829,0.195],[114.802,0.172],[114.813,0.162],[114.809,0.14],[114.793,0.119],[114.794,0.086],[114.814,0.067],[114.832,0.074],[114.861,0.054],[114.876,0.055],[114.895,0.04],[114.889,0.023],[114.893,-0.026],[114.906,-0.05],[114.912,-0.08],[114.925,-0.1],[114.917,-0.134],[114.93,-0.161],[114.923,-0.182],[114.951,-0.19],[114.979,-0.178],[115.001,-0.187],[115.045,-0.19],[115.067,-0.166],[115.081,-0.153],[115.119,-0.147],[115.15,-0.135],[115.147,-0.12],[115.159,-0.099],[115.182,-0.094],[115.196,-0.076],[115.227,-0.073],[115.262,-0.047],[115.286,-0.048],[115.305,-0.037]]]},"properties":{"name":"Mahakam Hulu"}},
{"type":"Feature","geometry":{"type":"Polygon","coordinates":[[[108.386,-7.073],[108.391,-7.021],[108.383,-7.007],[108.389,-6.947],[108.401,-6.934],[108.408,-6.893],[108.401,-6.83],[108.413,-6.803],[108.411,-6.787],[108.373,-6.759],[108.36,-6.711],[108.359,-6.681],[108.34,-6.674],[108.347,-6.639],[108.343,-6.623],[108.323,-6.621],[108.289,-6.622],[108.275,-6.617],[108.276,-6.591],[108.21,-6.573],[108.185,-6.611],[108.149,-6.606],[108.142,-6.565],[108.128,-6.544],[108.073,-6.579],[108.068,-6.613],[108.043,-6.639],[108.08,-6.67],[108.092,-6.673],[108.114,-6.702],[108.138,-6.707],[108.164,-6.729],[108.152,-6.745],[108.154,-6.762],[108.17,-6.784],[108.159,-6.826],[108.175,-6.832],[108.18,-6.852],[108.215,-6.889],[108.218,-6.92],[108.199,-6.947],[108.171,-6.969],[108.165,-6.998],[108.133,-7.039],[108.162,-7.074],[108.176,-7.068],[108.194,-7.059],[108.227,-7.055],[108.245,-7.067],[108.282,-7.058],[108.314,-7.057],[108.34,-7.069],[108.36,-7.052],[108.386,-7.073]]]},"properties":{"name":"Majalengka"}},
{"type":"Feature","geometry":{"type":"Polygon","coordinates":[[[119.027,-2.964],[119.007,-2.955],[118.994,-2.928],[118.957,-2.928],[118.944,-2.915],[118.894,-2.933],[118.878,-2.923],[118.869,-2.957],[118.848,-2.99],[118.848,-3.007],[118.861,-3.032],[118.842,-3.068],[118.825,-3.089],[118.805,-3.08],[118.779,-3.08],[118.776,-3.104],[118.789,-3.135],[118.83,-3.17],[118.84,-3.214],[118.83,-3.228],[118.857,-3.307],[118.845,-3.315],[118.852,-3.344],[118.845,-3.377],[118.878,-3.441],[118.877,-3.471],[118.934,-3.567],[118.966,-3.545],[118.994,-3.565],[119.006,-3.533],[118.985,-3.497],[118.966,-3.494],[118.95,-3.452],[118.916,-3.409],[118.919,-3.372],[118.905,-3.328],[118.921,-3.297],[118.909,-3.239],[118.913,-3.222],[118.898,-3.198],[118.911,-3.17],[118.951,-3.152],[118.953,-3.127],[118.946,-3.106],[118.956,-3.089],[118.984,-3.092],[119.043,-3.086],[119.065,-3.105],[119.069,-3.089],[119.059,-3.05],[119.083,-3.028],[119.069,-2.994],[119.027,-2.964]]]},"properties":{"name":"Majene"}},
{"type":"Feature","geometry":{"type":"Polygon","coordinates":[[[124.815,-9.341],[124.801,-9.351],[124.809,-9.369],[124.8,-9.384],[124.775,-9.398],[124.788,-9.419],[124.788,-9.446],[124.762,-9.482],[124.753,-9.482],[124.722,-9.507],[124.753,-9.536],[124.753,-9.564],[124.731,-9.554],[124.705,-9.561],[124.696,-9.586],[124.645,-9.585],[124.653,-9.618],[124.673,-9.63],[124.719,-9.637],[124.744,-9.62],[124.762,-9.598],[124.788,-9.6],[124.801,-9.62],[124.793,-9.639],[124.821,-9.658],[124.798,-9.771],[124.808,-9.79],[124.824,-9.775],[124.845,-9.741],[124.895,-9.695],[124.938,-9.683],[124.979,-9.644],[124.987,-9.629],[124.986,-9.594],[125.005,-9.535],[125.032,-9.504],[125.088,-9.463],[125.079,-9.435],[125.08,-9.392],[125.049,-9.354],[125.049,-9.325],[125.029,-9.32],[125.014,-9.303],[124.988,-9.33],[124.996,-9.358],[124.961,-9.393],[124.931,-9.377],[124.901,-9.369],[124.889,-9.379],[124.85,-9.389],[124.848,-9.362],[124.815,-9.341]]]},"properties":{"name":"Malaka"}},
{"type":"Feature","geometry":{"type":"MultiPolygon","coordinates":[[[[112.699,-8.43],[112.681,-8.452],[112.707,-8.464],[112.712,-8.435],[112.699,-8.43]]],[[[112.359,-8.348],[112.373,-8.376],[112.421,-8.382],[112.443,-8.398],[112.472,-8.393],[112.506,-8.404],[112.51,-8.396],[112.61,-8.421],[112.641,-8.436],[112.652,-8.449],[112.672,-8.445],[112.709,-8.418],[112.75,-8.415],[112.784,-8.387],[112.792,-8.403],[112.81,-8.402],[112.821,-8.373],[112.839,-8.372],[112.848,-8.394],[112.869,-8.407],[112.899,-8.402],[112.938,-8.382],[112.96,-8.353],[112.938,-8.337],[112.943,-8.317],[112.919,-8.307],[112.907,-8.283],[112.921,-8.241],[112.914,-8.228],[112.903,-8.174],[112.904,-8.154],[112.925,-8.111],[112.923,-8.087],[112.906,-8.082],[112.9,-8.061],[112.909,-8.042],[112.935,-8.019],[112.942,-7.983],[112.935,-7.956],[112.885,-7.953],[112.856,-7.94],[112.836,-7.941],[112.805,-7.925],[112.78,-7.892],[112.777,-7.868],[112.744,-7.848],[112.729,-7.82],[112.71,-7.825],[112.7,-7.814],[112.656,-7.797],[112.616,-7.788],[112.602,-7.769],[112.588,-7.767],[112.586,-7.785],[112.563,-7.814],[112.564,-7.878],[112.595,-7.903],[112.534,-7.926],[112.513,-7.923],[112.474,-7.942],[112.475,-7.904],[112.495,-7.854],[112.495,-7.814],[112.478,-7.769],[112.456,-7.779],[112.422,-7.767],[112.397,-7.785],[112.382,-7.785],[112.349,-7.761],[112.329,-7.777],[112.299,-7.769],[112.288,-7.78],[112.307,-7.799],[112.31,-7.834],[112.319,-7.839],[112.323,-7.892],[112.312,-7.905],[112.307,-7.929],[112.341,-7.939],[112.37,-7.957],[112.445,-7.911],[112.479,-7.971],[112.468,-7.987],[112.454,-8.064],[112.453,-8.144],[112.422,-8.158],[112.366,-8.176],[112.385,-8.192],[112.383,-8.208],[112.393,-8.232],[112.381,-8.24],[112.385,-8.285],[112.359,-8.348]],[[112.631,-7.912],[112.663,-7.927],[112.664,-7.958],[112.69,-7.975],[112.692,-7.992],[112.675,-8.028],[112.656,-8.05],[112.631,-8.035],[112.597,-8.006],[112.603,-7.968],[112.596,-7.938],[112.602,-7.922],[112.631,-7.912]]]]},"properties":{"name":"Malang"}},
{"type":"Feature","geometry":{"type":"Polygon","coordinates":[[[116.272,2.104],[116.24,2.12],[116.228,2.133],[116.185,2.147],[116.157,2.133],[116.13,2.168],[116.095,2.171],[116.052,2.151],[116.017,2.192],[115.997,2.229],[115.989,2.261],[116.029,2.253],[116.053,2.283],[116.06,2.313],[116.089,2.351],[116.11,2.358],[116.106,2.384],[116.147,2.401],[116.182,2.408],[116.197,2.441],[116.234,2.489],[116.266,2.479],[116.301,2.545],[116.323,2.597],[116.324,2.647],[116.314,2.664],[116.333,2.699],[116.361,2.713],[116.375,2.733],[116.402,2.754],[116.405,2.765],[116.431,2.78],[116.434,2.808],[116.453,2.823],[116.494,2.829],[116.542,2.87],[116.581,2.89],[116.586,2.917],[116.61,2.933],[116.608,2.948],[116.639,2.974],[116.658,2.976],[116.661,3.005],[116.679,3.018],[116.742,3.036],[116.748,3.068],[116.724,3.105],[116.744,3.153],[116.742,3.17],[116.769,3.169],[116.805,3.2],[116.808,3.231],[116.802,3.257],[116.806,3.28],[116.773,3.348],[116.753,3.377],[116.738,3.406],[116.703,3.43],[116.707,3.452],[116.694,3.47],[116.722,3.488],[116.744,3.569],[116.755,3.574],[116.769,3.605],[116.761,3.642],[116.738,3.66],[116.731,3.691],[116.716,3.7],[116.661,3.703],[116.618,3.693],[116.58,3.693],[116.573,3.72],[116.547,3.72],[116.512,3.748],[116.489,3.745],[116.477,3.763],[116.478,3.781],[116.466,3.808],[116.421,3.867],[116.385,3.948],[116.384,3.983],[116.355,4.008],[116.355,4.034],[116.319,4.063],[116.301,4.049],[116.289,4.058],[116.275,4.041],[116.237,4.047],[116.223,4.079],[116.206,4.074],[116.162,4.091],[116.147,4.111],[116.126,4.121],[116.109,4.112],[116.086,4.118],[116.072,4.1],[116.032,4.08],[116.024,4.09],[115.99,4.094],[115.976,4.113],[115.96,4.108],[115.959,4.072],[115.965,4.047],[115.961,4.014],[115.952,3.997],[115.951,3.96],[115.933,3.951],[115.92,3.925],[115.92,3.894],[115.909,3.841],[115.924,3.835],[115.923,3.804],[115.949,3.777],[115.944,3.76],[115.928,3.753],[115.925,3.726],[115.912,3.69],[115.934,3.652],[115.935,3.638],[115.956,3.62],[115.952,3.596],[115.978,3.553],[115.968,3.523],[115.911,3.494],[115.884,3.47],[115.856,3.472],[115.851,3.486],[115.819,3.493],[115.805,3.489],[115.801,3.464],[115.769,3.463],[115.762,3.447],[115.743,3.448],[115.714,3.438],[115.691,3.406],[115.658,3.439],[115.625,3.408],[115.608,3.447],[115.587,3.45],[115.58,3.419],[115.565,3.405],[115.545,3.363],[115.546,3.339],[115.532,3.308],[115.524,3.25],[115.53,3.225],[115.517,3.222],[115.519,3.197],[115.532,3.182],[115.563,3.17],[115.564,3.15],[115.536,3.142],[115.514,3.089],[115.517,3.057],[115.487,3.018],[115.468,3.026],[115.442,3.024],[115.395,2.98],[115.368,2.983],[115.332,2.975],[115.324,3.011],[115.306,3.033],[115.286,3.047],[115.279,3.027],[115.253,2.995],[115.25,2.965],[115.22,2.961],[115.191,2.934],[115.165,2.927],[115.149,2.908],[115.153,2.87],[115.12,2.836],[115.098,2.824],[115.128,2.802],[115.143,2.805],[115.156,2.79],[115.141,2.775],[115.139,2.744],[115.101,2.717],[115.096,2.698],[115.11,2.68],[115.123,2.651],[115.093,2.606],[115.11,2.588],[115.136,2.585],[115.145,2.603],[115.179,2.61],[115.22,2.56],[115.225,2.542],[115.255,2.533],[115.251,2.509],[115.206,2.471],[115.19,2.483],[115.151,2.477],[115.132,2.457],[115.117,2.454],[115.1,2.425],[115.103,2.408],[115.054,2.405],[115.046,2.39],[114.995,2.348],[114.97,2.368],[114.954,2.349],[114.952,2.308],[114.965,2.285],[114.939,2.278],[114.918,2.255],[114.872,2.264],[114.828,2.245],[114.814,2.262],[114.8,2.249],[114.79,2.202],[114.742,2.191],[114.736,2.147],[114.75,2.137],[114.802,2.144],[114.823,2.115],[114.803,2.08],[114.798,2.055],[114.81,2.024],[114.83,2.027],[114.86,2.044],[114.875,2.013],[114.869,1.986],[114.852,1.972],[114.853,1.943],[114.882,1.914],[114.856,1.895],[114.82,1.893],[114.787,1.847],[114.747,1.869],[114.732,1.858],[114.727,1.831],[114.705,1.821],[114.714,1.771],[114.705,1.761],[114.718,1.728],[114.711,1.706],[114.714,1.684],[114.707,1.641],[114.689,1.628],[114.681,1.61],[114.61,1.575],[114.6,1.531],[114.616,1.516],[114.595,1.482],[114.59,1.463],[114.604,1.444],[114.635,1.431],[114.646,1.409],[114.639,1.381],[114.672,1.353],[114.7,1.354],[114.726,1.311],[114.716,1.278],[114.727,1.264],[114.758,1.255],[114.758,1.245],[114.81,1.193],[114.852,1.168],[114.859,1.192],[114.88,1.211],[114.914,1.199],[114.936,1.178],[114.974,1.193],[114.99,1.183],[114.989,1.157],[115,1.152],[115.007,1.127],[115.045,1.116],[115.06,1.123],[115.084,1.116],[115.119,1.129],[115.142,1.116],[115.174,1.116],[115.19,1.088],[115.186,1.068],[115.23,1.058],[115.266,1.044],[115.317,1.059],[115.348,1.061],[115.371,1.072],[115.378,1.1],[115.394,1.105],[115.418,1.144],[115.406,1.173],[115.436,1.229],[115.504,1.257],[115.566,1.27],[115.594,1.283],[115.632,1.285],[115.709,1.263],[115.75,1.259],[115.772,1.271],[115.771,1.307],[115.758,1.331],[115.769,1.355],[115.792,1.361],[115.812,1.379],[115.832,1.378],[115.855,1.402],[115.85,1.432],[115.899,1.465],[115.905,1.475],[115.954,1.491],[115.955,1.506],[115.973,1.531],[116.01,1.528],[116.041,1.56],[116.046,1.582],[116.036,1.606],[116.074,1.652],[116.103,1.666],[116.129,1.663],[116.141,1.687],[116.157,1.752],[116.168,1.779],[116.185,1.841],[116.176,1.871],[116.18,1.912],[116.195,1.955],[116.194,1.983],[116.229,2.011],[116.234,2.03],[116.226,2.053],[116.221,2.092],[116.234,2.103],[116.272,2.104]]]},"properties":{"name":"Malinau"}},
{"type":"Feature","geometry":{"type":"MultiPolygon","coordinates":[[[[128.217,-8.207],[128.189,-8.202],[128.154,-8.215],[128.095,-8.22],[128.079,-8.254],[128.084,-8.262],[128.151,-8.278],[128.204,-8.278],[128.235,-8.269],[128.217,-8.207]]],[[[128.871,-8.183],[128.835,-8.192],[128.828,-8.205],[128.894,-8.239],[128.927,-8.246],[128.938,-8.224],[128.954,-8.224],[128.979,-8.246],[129.016,-8.261],[129.031,-8.242],[129.029,-8.216],[128.997,-8.207],[128.965,-8.185],[128.927,-8.189],[128.871,-8.183]]],[[[128.691,-8.166],[128.693,-8.186],[128.713,-8.192],[128.721,-8.18],[128.691,-8.166]]],[[[128.76,-8.161],[128.778,-8.17],[128.786,-8.202],[128.801,-8.191],[128.789,-8.174],[128.76,-8.161]]],[[[127.696,-8.155],[127.67,-8.16],[127.646,-8.175],[127.629,-8.196],[127.601,-8.216],[127.632,-8.226],[127.631,-8.237],[127.665,-8.237],[127.717,-8.212],[127.729,-8.218],[127.751,-8.206],[127.747,-8.177],[127.696,-8.155]]],[[[127.79,-8.105],[127.762,-8.109],[127.784,-8.135],[127.785,-8.166],[127.794,-8.185],[127.819,-8.2],[127.886,-8.218],[127.907,-8.214],[127.946,-8.221],[127.96,-8.247],[128.005,-8.258],[128.045,-8.259],[128.053,-8.228],[128.07,-8.215],[128.071,-8.2],[128.119,-8.172],[128.125,-8.153],[128.102,-8.139],[128.079,-8.137],[128.035,-8.148],[127.997,-8.14],[127.942,-8.145],[127.926,-8.128],[127.904,-8.13],[127.876,-8.117],[127.79,-8.105]]],[[[129.925,-8.1],[129.913,-8.096],[129.897,-8.115],[129.876,-8.12],[129.849,-8.141],[129.828,-8.187],[129.812,-8.205],[129.827,-8.214],[129.854,-8.193],[129.881,-8.147],[129.916,-8.131],[129.925,-8.1]]],[[[127.183,-8.015],[127.16,-8.016],[127.136,-8.038],[127.148,-8.081],[127.147,-8.102],[127.172,-8.107],[127.229,-8.105],[127.213,-8.066],[127.215,-8.04],[127.2,-8.014],[127.183,-8.015]]],[[[125.736,-7.968],[125.727,-8.009],[125.738,-8.058],[125.764,-8.015],[125.762,-7.998],[125.736,-7.968]]],[[[129.518,-7.843],[129.526,-7.869],[129.515,-7.921],[129.525,-7.943],[129.544,-7.951],[129.57,-7.909],[129.551,-7.888],[129.553,-7.874],[129.518,-7.843]]],[[[129.679,-7.786],[129.621,-7.802],[129.597,-7.823],[129.589,-7.847],[129.594,-7.867],[129.582,-7.893],[129.603,-7.912],[129.641,-7.967],[129.652,-7.97],[129.672,-8.009],[129.708,-8.041],[129.754,-8.055],[129.792,-8.044],[129.807,-8.002],[129.839,-7.946],[129.852,-7.94],[129.868,-7.906],[129.847,-7.891],[129.842,-7.858],[129.846,-7.841],[129.819,-7.817],[129.777,-7.814],[129.732,-7.796],[129.679,-7.786]]],[[[130.07,-7.753],[130.058,-7.767],[130.079,-7.789],[130.092,-7.762],[130.07,-7.753]]],[[[130.002,-7.696],[129.989,-7.707],[130,-7.742],[130.025,-7.745],[130.002,-7.696]]],[[[126.626,-7.557],[126.589,-7.571],[126.536,-7.572],[126.499,-7.589],[126.47,-7.589],[126.458,-7.614],[126.44,-7.631],[126.419,-7.634],[126.407,-7.624],[126.386,-7.639],[126.367,-7.667],[126.334,-7.682],[126.323,-7.695],[126.236,-7.688],[126.185,-7.728],[126.146,-7.725],[126.116,-7.712],[126.067,-7.706],[126.045,-7.693],[126.024,-7.692],[126.013,-7.674],[125.998,-7.679],[125.984,-7.657],[125.947,-7.662],[125.911,-7.734],[125.894,-7.758],[125.862,-7.768],[125.858,-7.781],[125.876,-7.797],[125.863,-7.817],[125.806,-7.863],[125.825,-7.904],[125.818,-7.959],[125.792,-7.99],[125.816,-7.995],[125.869,-7.977],[125.886,-7.952],[125.921,-7.941],[125.953,-7.914],[125.988,-7.912],[126.03,-7.896],[126.064,-7.888],[126.107,-7.895],[126.132,-7.891],[126.165,-7.91],[126.171,-7.923],[126.225,-7.928],[126.248,-7.921],[126.333,-7.915],[126.368,-7.934],[126.421,-7.931],[126.463,-7.974],[126.475,-7.971],[126.504,-7.918],[126.499,-7.907],[126.515,-7.883],[126.521,-7.859],[126.537,-7.852],[126.549,-7.823],[126.594,-7.806],[126.604,-7.792],[126.649,-7.775],[126.659,-7.778],[126.696,-7.751],[126.72,-7.744],[126.763,-7.748],[126.804,-7.741],[126.826,-7.753],[126.843,-7.734],[126.832,-7.701],[126.809,-7.679],[126.816,-7.662],[126.758,-7.656],[126.72,-7.665],[126.712,-7.644],[126.688,-7.623],[126.668,-7.621],[126.64,-7.605],[126.626,-7.557]]],[[[127.601,-7.575],[127.595,-7.586],[127.598,-7.621],[127.618,-7.605],[127.601,-7.575]]],[[[129.675,-7.528],[129.662,-7.555],[129.715,-7.573],[129.717,-7.548],[129.691,-7.552],[129.675,-7.528]]],[[[127.389,-7.496],[127.365,-7.501],[127.355,-7.529],[127.36,-7.569],[127.371,-7.585],[127.341,-7.595],[127.327,-7.608],[127.323,-7.629],[127.34,-7.649],[127.367,-7.655],[127.386,-7.649],[127.405,-7.626],[127.405,-7.607],[127.439,-7.602],[127.47,-7.59],[127.482,-7.576],[127.489,-7.549],[127.487,-7.524],[127.473,-7.514],[127.46,-7.527],[127.411,-7.51],[127.389,-7.496]]],[[[128.612,-7.063],[128.594,-7.066],[128.56,-7.098],[128.532,-7.117],[128.525,-7.143],[128.543,-7.163],[128.559,-7.16],[128.6,-7.197],[128.624,-7.213],[128.651,-7.216],[128.66,-7.194],[128.679,-7.172],[128.656,-7.147],[128.687,-7.138],[128.699,-7.126],[128.7,-7.107],[128.665,-7.094],[128.612,-7.063]]],[[[129.14,-6.954],[129.123,-6.973],[129.134,-6.991],[129.162,-6.984],[129.16,-6.958],[129.14,-6.954]]],[[[129.539,-6.708],[129.497,-6.725],[129.494,-6.749],[129.521,-6.753],[129.539,-6.738],[129.539,-6.708]]]]},"properties":{"name":"Maluku Barat Daya"}},
{"type":"Feature","geometry":{"type":"MultiPolygon","coordinates":[[[[129.944,-4.508],[129.928,-4.543],[129.883,-4.553],[129.907,-4.565],[129.935,-4.571],[129.958,-4.549],[129.944,-4.508]]],[[[129.878,-4.505],[129.868,-4.53],[129.889,-4.536],[129.891,-4.516],[129.878,-4.505]]],[[[128.781,-3.647],[128.758,-3.649],[128.766,-3.693],[128.805,-3.686],[128.811,-3.675],[128.806,-3.649],[128.781,-3.647]]],[[[128.457,-3.513],[128.447,-3.51],[128.415,-3.532],[128.424,-3.566],[128.413,-3.583],[128.417,-3.635],[128.441,-3.631],[128.466,-3.614],[128.494,-3.619],[128.539,-3.615],[128.576,-3.586],[128.568,-3.563],[128.551,-3.538],[128.539,-3.541],[128.499,-3.513],[128.487,-3.519],[128.457,-3.513]]],[[[128.582,-3.494],[128.566,-3.498],[128.555,-3.531],[128.577,-3.549],[128.595,-3.551],[128.606,-3.574],[128.623,-3.591],[128.638,-3.623],[128.651,-3.63],[128.675,-3.576],[128.699,-3.588],[128.732,-3.62],[128.738,-3.601],[128.734,-3.556],[128.726,-3.531],[128.73,-3.513],[128.716,-3.498],[128.694,-3.494],[128.682,-3.544],[128.636,-3.52],[128.603,-3.497],[128.582,-3.494]]],[[[128.271,-3.618],[128.311,-3.633],[128.354,-3.634],[128.354,-3.598],[128.33,-3.587],[128.322,-3.568],[128.354,-3.527],[128.345,-3.507],[128.316,-3.507],[128.292,-3.491],[128.255,-3.496],[128.214,-3.525],[128.18,-3.567],[128.179,-3.582],[128.14,-3.591],[128.133,-3.585],[128.028,-3.592],[128.022,-3.602],[127.966,-3.642],[127.941,-3.674],[127.921,-3.682],[127.923,-3.734],[127.943,-3.774],[127.994,-3.783],[128.02,-3.764],[128.038,-3.734],[128.078,-3.722],[128.083,-3.713],[128.034,-3.684],[128.028,-3.666],[128.05,-3.643],[128.065,-3.651],[128.096,-3.633],[128.128,-3.633],[128.14,-3.625],[128.194,-3.623],[128.195,-3.607],[128.217,-3.58],[128.239,-3.573],[128.27,-3.599],[128.271,-3.618]]],[[[130.11,-2.997],[130.047,-3.005],[129.96,-2.969],[129.909,-2.942],[129.902,-2.914],[129.882,-2.914],[129.879,-2.897],[129.859,-2.897],[129.818,-2.914],[129.793,-2.89],[129.79,-2.868],[129.761,-2.862],[129.709,-2.834],[129.686,-2.835],[129.669,-2.825],[129.648,-2.829],[129.628,-2.821],[129.619,-2.803],[129.585,-2.81],[129.548,-2.8],[129.525,-2.773],[129.499,-2.795],[129.47,-2.784],[129.435,-2.783],[129.417,-2.791],[129.377,-2.789],[129.364,-2.803],[129.369,-2.828],[129.346,-2.859],[129.235,-2.919],[129.223,-2.922],[129.205,-2.947],[129.19,-2.924],[129.131,-2.969],[129.11,-2.951],[129.083,-2.939],[129.083,-2.922],[129.064,-2.898],[129.072,-2.879],[129.067,-2.81],[129.053,-2.795],[129.033,-2.796],[129.001,-2.82],[128.957,-2.842],[128.916,-2.852],[128.891,-2.854],[128.836,-2.867],[128.806,-2.868],[128.754,-2.851],[128.75,-2.891],[128.762,-2.951],[128.746,-2.963],[128.752,-3.032],[128.776,-3.043],[128.83,-3.226],[128.843,-3.239],[128.859,-3.212],[128.885,-3.204],[128.934,-3.21],[128.967,-3.227],[128.971,-3.27],[128.967,-3.29],[128.939,-3.309],[128.916,-3.339],[128.936,-3.357],[128.962,-3.362],[129.033,-3.348],[129.06,-3.352],[129.084,-3.341],[129.118,-3.351],[129.132,-3.365],[129.166,-3.37],[129.193,-3.39],[129.289,-3.414],[129.309,-3.411],[129.336,-3.417],[129.356,-3.41],[129.405,-3.417],[129.453,-3.436],[129.529,-3.47],[129.554,-3.468],[129.568,-3.448],[129.561,-3.398],[129.514,-3.338],[129.498,-3.322],[129.526,-3.298],[129.549,-3.309],[129.571,-3.304],[129.608,-3.316],[129.628,-3.312],[129.671,-3.322],[129.729,-3.315],[129.763,-3.332],[129.814,-3.322],[129.822,-3.331],[129.858,-3.336],[129.858,-3.32],[129.874,-3.306],[129.884,-3.269],[129.9,-3.259],[129.906,-3.233],[129.9,-3.222],[129.914,-3.199],[129.913,-3.168],[129.927,-3.164],[130.02,-3.182],[130.044,-3.182],[130.058,-3.192],[130.096,-3.193],[130.097,-3.152],[130.106,-3.14],[130.106,-3.091],[130.101,-3.082],[130.104,-3.015],[130.11,-2.997]]]]},"properties":{"name":"Maluku Tengah"}},
{"type":"Feature","geometry":{"type":"MultiPolygon","coordinates":[[[[132.71,-5.627],[132.712,-5.592],[132.68,-5.611],[132.675,-5.63],[132.654,-5.618],[132.626,-5.612],[132.636,-5.638],[132.635,-5.667],[132.655,-5.686],[132.648,-5.707],[132.678,-5.727],[132.681,-5.749],[132.669,-5.776],[132.689,-5.806],[132.691,-5.833],[132.672,-5.857],[132.666,-5.902],[132.69,-5.903],[132.698,-5.921],[132.718,-5.926],[132.715,-5.892],[132.731,-5.896],[132.721,-5.947],[132.734,-5.953],[132.783,-5.94],[132.798,-5.867],[132.816,-5.85],[132.805,-5.788],[132.78,-5.779],[132.772,-5.766],[132.775,-5.72],[132.747,-5.715],[132.738,-5.692],[132.744,-5.656],[132.711,-5.652],[132.71,-5.627]]],[[[133.154,-5.285],[133.125,-5.282],[133.112,-5.295],[133.095,-5.342],[133.089,-5.374],[133.075,-5.388],[133.075,-5.412],[133.054,-5.455],[133.044,-5.523],[133.035,-5.534],[133.013,-5.599],[133.005,-5.649],[132.962,-5.663],[132.941,-5.688],[132.946,-5.699],[132.937,-5.752],[132.925,-5.782],[132.908,-5.804],[132.899,-5.832],[132.872,-5.879],[132.889,-5.896],[132.873,-5.914],[132.87,-5.938],[132.887,-5.957],[132.916,-5.902],[132.949,-5.88],[132.96,-5.855],[132.942,-5.824],[132.963,-5.743],[132.977,-5.729],[133.007,-5.681],[133.04,-5.647],[133.066,-5.63],[133.084,-5.626],[133.121,-5.566],[133.135,-5.497],[133.149,-5.459],[133.151,-5.432],[133.168,-5.356],[133.189,-5.34],[133.19,-5.312],[133.161,-5.283],[133.154,-5.285]]]]},"properties":{"name":"Maluku Tenggara"}},
{"type":"Feature","geometry":{"type":"MultiPolygon","coordinates":[[[[131.033,-8.077],[131.001,-8.092],[130.986,-8.128],[130.951,-8.141],[130.937,-8.126],[130.916,-8.143],[130.916,-8.172],[130.928,-8.195],[130.922,-8.214],[130.884,-8.217],[130.864,-8.226],[130.799,-8.283],[130.783,-8.318],[130.756,-8.337],[130.77,-8.346],[130.809,-8.345],[130.827,-8.322],[130.879,-8.301],[130.898,-8.288],[130.889,-8.245],[130.926,-8.23],[130.965,-8.23],[130.982,-8.239],[131.039,-8.203],[131.054,-8.206],[131.083,-8.185],[131.142,-8.16],[131.168,-8.132],[131.166,-8.118],[131.127,-8.116],[131.108,-8.138],[131.07,-8.162],[131.068,-8.15],[131.087,-8.128],[131.081,-8.111],[131.044,-8.094],[131.033,-8.077]]],[[[131.091,-7.726],[131.068,-7.753],[131.081,-7.767],[131.098,-7.735],[131.091,-7.726]]],[[[131.097,-7.635],[131.061,-7.648],[131.025,-7.67],[130.97,-7.681],[130.963,-7.727],[130.983,-7.736],[131.041,-7.724],[131.026,-7.711],[131.034,-7.689],[131.05,-7.683],[131.071,-7.708],[131.102,-7.696],[131.114,-7.678],[131.117,-7.65],[131.097,-7.635]]],[[[130.983,-7.521],[130.966,-7.538],[130.983,-7.549],[130.995,-7.532],[130.983,-7.521]]],[[[130.856,-7.496],[130.84,-7.506],[130.839,-7.543],[130.844,-7.562],[130.875,-7.567],[130.894,-7.578],[130.928,-7.568],[130.954,-7.542],[130.955,-7.525],[130.915,-7.522],[130.883,-7.513],[130.856,-7.496]]],[[[131.161,-7.405],[131.133,-7.408],[131.088,-7.422],[131.013,-7.422],[130.981,-7.436],[130.971,-7.458],[130.969,-7.49],[131.004,-7.504],[131.029,-7.501],[131.055,-7.484],[131.06,-7.524],[131.079,-7.496],[131.105,-7.479],[131.169,-7.426],[131.161,-7.405]]],[[[131.257,-7.304],[131.242,-7.314],[131.242,-7.339],[131.225,-7.338],[131.212,-7.351],[131.236,-7.373],[131.256,-7.373],[131.277,-7.333],[131.257,-7.304]]],[[[131.493,-7.199],[131.491,-7.172],[131.473,-7.17],[131.467,-7.211],[131.493,-7.199]]],[[[131.655,-7.118],[131.618,-7.127],[131.584,-7.126],[131.566,-7.148],[131.54,-7.141],[131.524,-7.153],[131.518,-7.181],[131.53,-7.202],[131.529,-7.235],[131.507,-7.24],[131.493,-7.231],[131.474,-7.241],[131.456,-7.283],[131.432,-7.316],[131.453,-7.344],[131.419,-7.344],[131.404,-7.335],[131.385,-7.349],[131.372,-7.378],[131.384,-7.394],[131.357,-7.406],[131.353,-7.43],[131.343,-7.445],[131.324,-7.427],[131.3,-7.433],[131.241,-7.471],[131.228,-7.496],[131.224,-7.528],[131.209,-7.558],[131.184,-7.589],[131.172,-7.645],[131.156,-7.671],[131.174,-7.678],[131.185,-7.705],[131.209,-7.7],[131.23,-7.719],[131.207,-7.726],[131.17,-7.723],[131.162,-7.711],[131.122,-7.683],[131.106,-7.705],[131.127,-7.747],[131.147,-7.756],[131.111,-7.783],[131.145,-7.803],[131.145,-7.828],[131.122,-7.836],[131.102,-7.827],[131.083,-7.85],[131.085,-7.885],[131.119,-7.903],[131.121,-7.919],[131.102,-7.967],[131.102,-7.995],[131.139,-8.003],[131.185,-7.994],[131.201,-8.003],[131.237,-8.003],[131.251,-7.989],[131.269,-7.945],[131.285,-7.924],[131.305,-7.943],[131.307,-7.963],[131.286,-8.003],[131.301,-8.022],[131.342,-7.979],[131.33,-7.955],[131.343,-7.909],[131.363,-7.912],[131.364,-7.87],[131.392,-7.843],[131.415,-7.839],[131.432,-7.814],[131.46,-7.811],[131.458,-7.789],[131.481,-7.776],[131.485,-7.73],[131.529,-7.73],[131.554,-7.724],[131.578,-7.68],[131.585,-7.659],[131.6,-7.644],[131.62,-7.649],[131.655,-7.555],[131.676,-7.462],[131.707,-7.422],[131.657,-7.43],[131.658,-7.391],[131.677,-7.392],[131.681,-7.372],[131.651,-7.352],[131.658,-7.336],[131.65,-7.314],[131.637,-7.307],[131.639,-7.28],[131.63,-7.268],[131.652,-7.234],[131.711,-7.232],[131.742,-7.223],[131.712,-7.161],[131.71,-7.143],[131.675,-7.158],[131.681,-7.173],[131.648,-7.179],[131.66,-7.138],[131.655,-7.118]]],[[[131.926,-7.11],[131.881,-7.107],[131.829,-7.117],[131.774,-7.119],[131.755,-7.116],[131.719,-7.135],[131.714,-7.156],[131.725,-7.173],[131.765,-7.172],[131.777,-7.165],[131.813,-7.161],[131.867,-7.168],[131.897,-7.179],[131.909,-7.229],[131.928,-7.231],[131.95,-7.253],[131.974,-7.244],[131.987,-7.213],[131.973,-7.206],[131.974,-7.176],[131.959,-7.169],[131.926,-7.11]]],[[[131.449,-7.101],[131.436,-7.103],[131.432,-7.126],[131.454,-7.124],[131.449,-7.101]]],[[[131.975,-7.022],[131.955,-7.017],[131.948,-7.03],[131.916,-7.05],[131.909,-7.081],[131.933,-7.077],[131.961,-7.055],[131.975,-7.022]]],[[[131.49,-6.867],[131.47,-6.876],[131.457,-6.917],[131.486,-6.922],[131.514,-6.879],[131.49,-6.867]]],[[[131.579,-6.668],[131.559,-6.686],[131.564,-6.703],[131.521,-6.744],[131.517,-6.768],[131.528,-6.804],[131.565,-6.788],[131.585,-6.773],[131.563,-6.756],[131.557,-6.741],[131.577,-6.711],[131.594,-6.727],[131.624,-6.697],[131.624,-6.679],[131.579,-6.668]]]]},"properties":{"name":"Maluku Tenggara Barat"}},
{"type":"Feature","geometry":{"type":"Polygon","coordinates":[[[119.065,-3.105],[119.081,-3.113],[119.112,-3.093],[119.132,-3.098],[119.148,-3.117],[119.177,-3.105],[119.189,-3.092],[119.224,-3.072],[119.226,-3.093],[119.254,-3.127],[119.256,-3.166],[119.289,-3.201],[119.295,-3.253],[119.345,-3.289],[119.402,-3.306],[119.412,-3.32],[119.433,-3.323],[119.44,-3.338],[119.434,-3.316],[119.432,-3.268],[119.421,-3.249],[119.391,-3.232],[119.374,-3.214],[119.374,-3.196],[119.395,-3.198],[119.43,-3.172],[119.439,-3.184],[119.476,-3.191],[119.516,-3.172],[119.536,-3.139],[119.598,-3.128],[119.632,-3.11],[119.619,-3.079],[119.595,-3.063],[119.565,-2.997],[119.577,-2.951],[119.569,-2.927],[119.557,-2.921],[119.551,-2.898],[119.569,-2.87],[119.561,-2.851],[119.565,-2.806],[119.583,-2.748],[119.553,-2.729],[119.527,-2.742],[119.485,-2.741],[119.48,-2.75],[119.422,-2.781],[119.39,-2.768],[119.377,-2.747],[119.349,-2.744],[119.305,-2.729],[119.298,-2.708],[119.232,-2.712],[119.201,-2.669],[119.183,-2.66],[119.161,-2.671],[119.131,-2.659],[119.102,-2.67],[119.076,-2.7],[119.061,-2.705],[119.04,-2.751],[119.025,-2.75],[119.013,-2.774],[119.025,-2.806],[119.014,-2.871],[119.025,-2.884],[119.027,-2.964],[119.069,-2.994],[119.083,-3.028],[119.059,-3.05],[119.069,-3.089],[119.065,-3.105]]]},"properties":{"name":"Mamasa"}},
{"type":"Feature","geometry":{"type":"MultiPolygon","coordinates":[[[[137.089,-1.857],[137.088,-1.888],[137.112,-1.877],[137.089,-1.857]]],[[[138.17,-1.631],[138.133,-1.626],[138.068,-1.601],[138.012,-1.561],[137.99,-1.532],[137.969,-1.531],[137.932,-1.458],[137.909,-1.469],[137.89,-1.464],[137.838,-1.462],[137.799,-1.469],[137.772,-1.482],[137.744,-1.477],[137.743,-1.493],[137.681,-1.505],[137.658,-1.515],[137.61,-1.545],[137.477,-1.598],[137.474,-1.605],[137.364,-1.676],[137.31,-1.698],[137.277,-1.721],[137.247,-1.736],[137.242,-1.751],[137.204,-1.747],[137.165,-1.763],[137.151,-1.776],[137.124,-1.776],[137.095,-1.807],[137.089,-1.852],[137.122,-1.88],[137.129,-1.897],[137.147,-1.906],[137.156,-1.932],[137.183,-1.937],[137.203,-1.966],[137.208,-1.99],[137.19,-2],[137.212,-2.025],[137.221,-2.06],[137.196,-2.067],[137.189,-2.077],[137.159,-2.095],[137.123,-2.1],[137.109,-2.111],[137.058,-2.098],[137.039,-2.113],[137,-2.129],[136.977,-2.133],[136.951,-2.127],[136.925,-2.152],[136.909,-2.18],[136.875,-2.176],[136.836,-2.195],[136.834,-2.173],[136.807,-2.176],[136.823,-2.186],[136.826,-2.204],[136.86,-2.224],[136.878,-2.248],[136.902,-2.265],[136.919,-2.295],[136.915,-2.332],[136.938,-2.34],[136.91,-2.361],[136.913,-2.385],[136.944,-2.395],[136.963,-2.42],[137.002,-2.426],[137.031,-2.418],[137.044,-2.462],[137.075,-2.486],[137.087,-2.483],[137.137,-2.518],[137.155,-2.538],[137.191,-2.555],[137.222,-2.577],[137.237,-2.576],[137.252,-2.596],[137.268,-2.631],[137.26,-2.682],[137.266,-2.698],[137.286,-2.715],[137.249,-2.761],[137.272,-2.777],[137.269,-2.824],[137.285,-2.843],[137.331,-2.851],[137.36,-2.879],[137.355,-2.904],[137.364,-2.932],[137.383,-2.943],[137.38,-2.966],[137.395,-2.983],[137.419,-2.993],[137.456,-3.05],[137.483,-3.044],[137.512,-3.057],[137.558,-3.052],[137.581,-3.066],[137.618,-3.112],[137.734,-3.118],[137.825,-3.12],[137.883,-3.117],[137.953,-3.127],[138.01,-3.155],[138.007,-3.185],[138.019,-3.199],[138.015,-3.235],[138.032,-3.242],[138.066,-3.245],[138.076,-3.263],[138.11,-3.263],[138.146,-3.286],[138.162,-3.278],[138.172,-3.236],[138.215,-3.208],[138.275,-3.198],[138.327,-3.194],[138.339,-3.216],[138.366,-3.29],[138.38,-3.318],[138.407,-3.33],[138.47,-3.325],[138.498,-3.332],[138.563,-3.338],[138.647,-3.309],[138.688,-3.289],[138.73,-3.286],[138.792,-3.347],[138.855,-3.418],[138.884,-3.429],[138.93,-3.419],[139.005,-3.382],[139.048,-3.393],[139.076,-3.336],[139.067,-3.297],[139.048,-3.292],[139.016,-3.273],[139.021,-3.253],[139.005,-3.217],[139.001,-3.194],[139.021,-3.186],[139.029,-3.133],[139.044,-3.12],[139.053,-3.098],[139.074,-3.077],[139.093,-3.074],[139.123,-3.031],[139.127,-3.006],[139.142,-2.974],[139.138,-2.942],[139.114,-2.933],[139.111,-2.903],[138.767,-2.721],[138.671,-2.674],[138.621,-2.646],[138.636,-2.62],[138.721,-2.478],[138.727,-2.457],[138.724,-2.423],[138.667,-2.351],[138.622,-2.289],[138.621,-2.277],[138.599,-2.262],[138.57,-2.267],[138.516,-2.26],[138.505,-2.245],[138.463,-2.217],[138.441,-2.215],[138.428,-2.197],[138.408,-2.2],[138.401,-2.179],[138.369,-2.185],[138.348,-2.17],[138.344,-2.144],[138.312,-2.116],[138.316,-2.104],[138.305,-2.067],[138.281,-2.05],[138.266,-2.051],[138.252,-2.032],[138.261,-2.01],[138.236,-1.982],[138.15,-1.954],[138.137,-1.94],[138.129,-1.888],[138.131,-1.854],[138.144,-1.816],[138.16,-1.801],[138.173,-1.717],[138.16,-1.702],[138.175,-1.674],[138.17,-1.631]]]]},"properties":{"name":"Mamberamo Raya"}},
{"type":"Feature","geometry":{"type":"Polygon","coordinates":[[[138.978,-3.923],[139.048,-3.897],[139.034,-3.842],[139.035,-3.816],[139.044,-3.778],[139.064,-3.785],[139.108,-3.768],[139.134,-3.749],[139.186,-3.743],[139.224,-3.759],[139.261,-3.759],[139.279,-3.737],[139.276,-3.708],[139.283,-3.69],[139.277,-3.67],[139.303,-3.673],[139.33,-3.685],[139.336,-3.656],[139.364,-3.635],[139.392,-3.606],[139.415,-3.565],[139.454,-3.475],[139.457,-3.46],[139.436,-3.463],[139.426,-3.446],[139.39,-3.443],[139.374,-3.434],[139.361,-3.449],[139.38,-3.464],[139.371,-3.475],[139.338,-3.485],[139.337,-3.456],[139.318,-3.451],[139.307,-3.471],[139.279,-3.468],[139.271,-3.44],[139.255,-3.455],[139.251,-3.417],[139.232,-3.433],[139.195,-3.448],[139.188,-3.427],[139.168,-3.431],[139.138,-3.419],[139.147,-3.4],[139.148,-3.369],[139.128,-3.355],[139.125,-3.384],[139.106,-3.38],[139.105,-3.338],[139.076,-3.336],[139.048,-3.393],[139.005,-3.382],[138.93,-3.419],[138.884,-3.429],[138.855,-3.418],[138.792,-3.347],[138.78,-3.367],[138.786,-3.406],[138.766,-3.452],[138.757,-3.505],[138.755,-3.563],[138.759,-3.642],[138.74,-3.656],[138.696,-3.703],[138.659,-3.708],[138.652,-3.723],[138.609,-3.723],[138.611,-3.784],[138.642,-3.781],[138.714,-3.788],[138.784,-3.823],[138.805,-3.76],[138.902,-3.803],[138.894,-3.86],[138.919,-3.9],[138.943,-3.904],[138.978,-3.923]]]},"properties":{"name":"Mamberamo Tengah"}},
{"type":"Feature","geometry":{"type":"Polygon","coordinates":[[[119.674,-2.21],[119.652,-2.198],[119.632,-2.145],[119.61,-2.149],[119.487,-2.14],[119.471,-2.145],[119.465,-2.163],[119.441,-2.179],[119.434,-2.194],[119.411,-2.187],[119.349,-2.201],[119.3,-2.228],[119.284,-2.233],[119.252,-2.263],[119.233,-2.268],[119.206,-2.302],[119.176,-2.308],[119.142,-2.298],[119.134,-2.308],[119.123,-2.33],[119.143,-2.393],[119.135,-2.421],[119.14,-2.474],[119.041,-2.508],[119.033,-2.533],[119.031,-2.581],[119.011,-2.588],[119,-2.615],[118.966,-2.637],[118.942,-2.64],[118.924,-2.659],[118.896,-2.667],[118.871,-2.681],[118.822,-2.62],[118.811,-2.642],[118.778,-2.684],[118.774,-2.714],[118.78,-2.737],[118.763,-2.749],[118.756,-2.78],[118.758,-2.801],[118.773,-2.811],[118.769,-2.867],[118.808,-2.851],[118.833,-2.858],[118.851,-2.852],[118.886,-2.887],[118.878,-2.923],[118.894,-2.933],[118.944,-2.915],[118.957,-2.928],[118.994,-2.928],[119.007,-2.955],[119.027,-2.964],[119.025,-2.884],[119.014,-2.871],[119.025,-2.806],[119.013,-2.774],[119.025,-2.75],[119.04,-2.751],[119.061,-2.705],[119.076,-2.7],[119.102,-2.67],[119.131,-2.659],[119.161,-2.671],[119.183,-2.66],[119.201,-2.669],[119.232,-2.712],[119.298,-2.708],[119.305,-2.729],[119.349,-2.744],[119.377,-2.747],[119.39,-2.768],[119.422,-2.781],[119.48,-2.75],[119.485,-2.741],[119.527,-2.742],[119.553,-2.729],[119.583,-2.748],[119.68,-2.756],[119.688,-2.753],[119.708,-2.732],[119.747,-2.714],[119.752,-2.671],[119.778,-2.662],[119.797,-2.64],[119.761,-2.617],[119.74,-2.591],[119.716,-2.576],[119.711,-2.555],[119.726,-2.527],[119.731,-2.5],[119.701,-2.474],[119.697,-2.445],[119.72,-2.404],[119.69,-2.351],[119.628,-2.295],[119.636,-2.28],[119.632,-2.243],[119.657,-2.234],[119.674,-2.21]]]},"properties":{"name":"Mamuju"}},
{"type":"Feature","geometry":{"type":"Polygon","coordinates":[[[119.87,-2.018],[119.868,-1.968],[119.871,-1.938],[119.86,-1.928],[119.869,-1.89],[119.863,-1.873],[119.875,-1.863],[119.858,-1.822],[119.871,-1.781],[119.851,-1.787],[119.839,-1.803],[119.818,-1.792],[119.735,-1.815],[119.705,-1.838],[119.681,-1.832],[119.66,-1.837],[119.595,-1.809],[119.584,-1.815],[119.545,-1.803],[119.478,-1.771],[119.453,-1.756],[119.445,-1.731],[119.413,-1.732],[119.402,-1.75],[119.378,-1.755],[119.343,-1.784],[119.344,-1.81],[119.356,-1.824],[119.364,-1.856],[119.351,-1.871],[119.353,-1.897],[119.336,-1.914],[119.342,-1.935],[119.333,-1.962],[119.29,-1.953],[119.213,-1.998],[119.223,-2.013],[119.21,-2.037],[119.195,-2.085],[119.2,-2.107],[119.19,-2.12],[119.189,-2.148],[119.166,-2.161],[119.145,-2.2],[119.152,-2.239],[119.13,-2.277],[119.134,-2.308],[119.142,-2.298],[119.176,-2.308],[119.206,-2.302],[119.233,-2.268],[119.252,-2.263],[119.284,-2.233],[119.3,-2.228],[119.349,-2.201],[119.411,-2.187],[119.434,-2.194],[119.441,-2.179],[119.465,-2.163],[119.471,-2.145],[119.487,-2.14],[119.61,-2.149],[119.632,-2.145],[119.652,-2.198],[119.674,-2.21],[119.691,-2.209],[119.727,-2.177],[119.729,-2.166],[119.762,-2.145],[119.77,-2.121],[119.817,-2.095],[119.817,-2.062],[119.843,-2.046],[119.87,-2.018]]]},"properties":{"name":"Mamuju Tengah"}},
{"type":"Feature","geometry":{"type":"Polygon","coordinates":[[[119.561,-0.851],[119.544,-0.865],[119.526,-0.897],[119.52,-0.939],[119.508,-0.954],[119.498,-0.985],[119.481,-0.998],[119.467,-1.06],[119.44,-1.103],[119.385,-1.142],[119.38,-1.159],[119.338,-1.185],[119.303,-1.274],[119.321,-1.298],[119.332,-1.35],[119.297,-1.382],[119.288,-1.411],[119.288,-1.45],[119.311,-1.534],[119.326,-1.573],[119.324,-1.596],[119.303,-1.611],[119.31,-1.629],[119.291,-1.647],[119.284,-1.663],[119.286,-1.692],[119.301,-1.707],[119.315,-1.768],[119.312,-1.798],[119.331,-1.815],[119.344,-1.81],[119.343,-1.784],[119.378,-1.755],[119.402,-1.75],[119.413,-1.732],[119.445,-1.731],[119.453,-1.756],[119.478,-1.771],[119.545,-1.803],[119.584,-1.815],[119.595,-1.809],[119.66,-1.837],[119.681,-1.832],[119.705,-1.838],[119.735,-1.815],[119.818,-1.792],[119.839,-1.803],[119.851,-1.787],[119.871,-1.781],[119.827,-1.767],[119.792,-1.721],[119.779,-1.712],[119.779,-1.69],[119.764,-1.679],[119.75,-1.643],[119.728,-1.643],[119.733,-1.605],[119.715,-1.592],[119.701,-1.566],[119.671,-1.544],[119.666,-1.526],[119.697,-1.453],[119.655,-1.423],[119.644,-1.406],[119.623,-1.397],[119.61,-1.406],[119.592,-1.396],[119.551,-1.432],[119.522,-1.424],[119.519,-1.412],[119.491,-1.391],[119.478,-1.398],[119.452,-1.367],[119.448,-1.341],[119.464,-1.319],[119.501,-1.32],[119.504,-1.276],[119.542,-1.223],[119.542,-1.201],[119.565,-1.201],[119.572,-1.149],[119.603,-1.159],[119.609,-1.12],[119.591,-1.115],[119.573,-1.05],[119.578,-1.03],[119.557,-1.01],[119.56,-0.985],[119.553,-0.938],[119.57,-0.889],[119.572,-0.866],[119.561,-0.851]]]},"properties":{"name":"Mamuju Utara"}},
{"type":"Feature","geometry":{"type":"Polygon","coordinates":[[[99.51,1.131],[99.444,1.112],[99.428,1.092],[99.424,1.072],[99.444,1.053],[99.44,1.022],[99.443,0.981],[99.42,0.988],[99.376,1.023],[99.348,1.018],[99.311,1.048],[99.277,1.095],[99.261,1.053],[99.248,1.044],[99.222,1.049],[99.21,1.081],[99.198,1.091],[99.171,1.093],[99.146,1.107],[99.117,1.108],[99.139,1.159],[99.071,1.19],[99.05,1.205],[99.038,1.225],[99.039,1.25],[99.03,1.272],[99.015,1.27],[98.992,1.299],[98.971,1.3],[98.965,1.318],[98.937,1.329],[98.921,1.308],[98.889,1.3],[98.868,1.287],[98.844,1.297],[98.844,1.278],[98.869,1.228],[98.864,1.218],[98.901,1.146],[98.918,1.098],[98.928,1.044],[98.964,0.952],[98.973,0.922],[98.986,0.854],[98.974,0.844],[98.993,0.823],[99.013,0.824],[99.058,0.743],[99.056,0.678],[99.066,0.659],[99.045,0.64],[99.049,0.624],[99.075,0.63],[99.098,0.603],[99.11,0.564],[99.106,0.535],[99.135,0.458],[99.14,0.42],[99.134,0.378],[99.109,0.346],[99.128,0.333],[99.148,0.331],[99.157,0.308],[99.161,0.274],[99.151,0.25],[99.166,0.236],[99.193,0.27],[99.2,0.29],[99.249,0.333],[99.266,0.337],[99.317,0.335],[99.35,0.386],[99.366,0.431],[99.398,0.465],[99.406,0.489],[99.429,0.492],[99.469,0.524],[99.514,0.539],[99.53,0.522],[99.576,0.51],[99.619,0.53],[99.638,0.547],[99.665,0.516],[99.666,0.491],[99.683,0.469],[99.701,0.468],[99.72,0.452],[99.739,0.475],[99.781,0.482],[99.82,0.461],[99.837,0.459],[99.906,0.471],[99.928,0.496],[99.96,0.516],[99.95,0.524],[99.965,0.546],[99.96,0.57],[99.941,0.593],[99.92,0.605],[99.925,0.631],[99.911,0.68],[99.885,0.689],[99.853,0.683],[99.831,0.696],[99.835,0.709],[99.825,0.736],[99.846,0.766],[99.846,0.808],[99.841,0.818],[99.8,0.857],[99.791,0.855],[99.752,0.866],[99.721,0.895],[99.713,0.915],[99.689,0.933],[99.64,0.92],[99.624,0.944],[99.601,0.951],[99.586,0.971],[99.599,0.994],[99.57,1.042],[99.568,1.065],[99.547,1.071],[99.544,1.091],[99.51,1.131]]]},"properties":{"name":"Mandailing Natal"}},
{"type":"Feature","geometry":{"type":"MultiPolygon","coordinates":[[[[120.296,-8.872],[120.274,-8.876],[120.256,-8.901],[120.274,-8.916],[120.306,-8.901],[120.296,-8.872]]],[[[120.493,-8.293],[120.467,-8.295],[120.443,-8.249],[120.429,-8.241],[120.414,-8.251],[120.408,-8.281],[120.361,-8.295],[120.338,-8.282],[120.292,-8.281],[120.293,-8.313],[120.283,-8.392],[120.284,-8.423],[120.306,-8.451],[120.331,-8.441],[120.346,-8.426],[120.396,-8.429],[120.388,-8.483],[120.371,-8.512],[120.352,-8.524],[120.361,-8.569],[120.344,-8.571],[120.333,-8.558],[120.315,-8.583],[120.285,-8.597],[120.282,-8.652],[120.333,-8.694],[120.327,-8.718],[120.293,-8.757],[120.274,-8.759],[120.281,-8.789],[120.251,-8.795],[120.233,-8.813],[120.24,-8.83],[120.228,-8.842],[120.277,-8.854],[120.298,-8.844],[120.311,-8.855],[120.337,-8.834],[120.372,-8.819],[120.391,-8.826],[120.438,-8.814],[120.49,-8.821],[120.518,-8.818],[120.51,-8.804],[120.501,-8.719],[120.469,-8.673],[120.481,-8.652],[120.517,-8.638],[120.527,-8.603],[120.51,-8.565],[120.543,-8.515],[120.535,-8.451],[120.514,-8.409],[120.478,-8.382],[120.48,-8.329],[120.492,-8.316],[120.493,-8.293]]]]},"properties":{"name":"Manggarai"}},
{"type":"Feature","geometry":{"type":"MultiPolygon","coordinates":[[[[119.786,-8.794],[119.771,-8.818],[119.798,-8.822],[119.8,-8.798],[119.786,-8.794]]],[[[119.655,-8.784],[119.632,-8.801],[119.653,-8.815],[119.668,-8.808],[119.655,-8.784]]],[[[119.601,-8.631],[119.58,-8.64],[119.579,-8.655],[119.602,-8.66],[119.601,-8.631]]],[[[119.635,-8.605],[119.618,-8.623],[119.631,-8.633],[119.642,-8.659],[119.636,-8.699],[119.617,-8.708],[119.621,-8.73],[119.603,-8.755],[119.623,-8.795],[119.659,-8.773],[119.676,-8.809],[119.694,-8.81],[119.72,-8.788],[119.723,-8.74],[119.69,-8.723],[119.713,-8.687],[119.726,-8.699],[119.744,-8.697],[119.757,-8.665],[119.801,-8.652],[119.805,-8.625],[119.762,-8.616],[119.719,-8.621],[119.704,-8.653],[119.708,-8.67],[119.674,-8.688],[119.658,-8.657],[119.662,-8.619],[119.635,-8.605]]],[[[119.457,-8.429],[119.454,-8.445],[119.42,-8.449],[119.446,-8.484],[119.421,-8.501],[119.432,-8.513],[119.423,-8.552],[119.389,-8.573],[119.38,-8.589],[119.384,-8.624],[119.41,-8.647],[119.404,-8.688],[119.388,-8.692],[119.38,-8.722],[119.406,-8.722],[119.437,-8.75],[119.453,-8.746],[119.437,-8.668],[119.469,-8.627],[119.456,-8.617],[119.497,-8.587],[119.512,-8.569],[119.536,-8.603],[119.557,-8.599],[119.564,-8.576],[119.56,-8.55],[119.55,-8.536],[119.571,-8.49],[119.535,-8.497],[119.525,-8.485],[119.507,-8.494],[119.488,-8.48],[119.471,-8.48],[119.467,-8.437],[119.457,-8.429]]],[[[120.292,-8.281],[120.261,-8.283],[120.24,-8.302],[120.216,-8.31],[120.201,-8.306],[120.162,-8.369],[120.14,-8.365],[120.117,-8.372],[120.116,-8.404],[120.126,-8.418],[120.092,-8.441],[120.08,-8.411],[120.086,-8.394],[120.04,-8.397],[120.022,-8.383],[119.998,-8.417],[120.016,-8.436],[120.001,-8.459],[119.973,-8.442],[119.916,-8.467],[119.877,-8.459],[119.882,-8.43],[119.861,-8.432],[119.861,-8.453],[119.881,-8.478],[119.868,-8.524],[119.805,-8.571],[119.811,-8.661],[119.8,-8.678],[119.799,-8.74],[119.803,-8.766],[119.836,-8.801],[119.883,-8.809],[119.89,-8.859],[119.911,-8.867],[119.925,-8.833],[119.945,-8.821],[119.969,-8.826],[119.998,-8.818],[120.045,-8.814],[120.111,-8.791],[120.149,-8.785],[120.167,-8.789],[120.19,-8.814],[120.228,-8.842],[120.24,-8.83],[120.233,-8.813],[120.251,-8.795],[120.281,-8.789],[120.274,-8.759],[120.293,-8.757],[120.327,-8.718],[120.333,-8.694],[120.282,-8.652],[120.285,-8.597],[120.315,-8.583],[120.333,-8.558],[120.344,-8.571],[120.361,-8.569],[120.352,-8.524],[120.371,-8.512],[120.388,-8.483],[120.396,-8.429],[120.346,-8.426],[120.331,-8.441],[120.306,-8.451],[120.284,-8.423],[120.283,-8.392],[120.293,-8.313],[120.292,-8.281]]]]},"properties":{"name":"Manggarai Barat"}},
{"type":"Feature","geometry":{"type":"Polygon","coordinates":[[[120.518,-8.818],[120.528,-8.813],[120.608,-8.821],[120.633,-8.857],[120.656,-8.87],[120.69,-8.871],[120.702,-8.882],[120.746,-8.893],[120.765,-8.889],[120.785,-8.873],[120.789,-8.841],[120.819,-8.836],[120.834,-8.789],[120.855,-8.751],[120.844,-8.709],[120.879,-8.687],[120.883,-8.661],[120.881,-8.602],[120.861,-8.573],[120.874,-8.563],[120.851,-8.538],[120.852,-8.504],[120.868,-8.5],[120.881,-8.478],[120.915,-8.478],[120.913,-8.444],[120.942,-8.4],[120.95,-8.371],[120.939,-8.357],[120.906,-8.357],[120.882,-8.349],[120.854,-8.358],[120.809,-8.339],[120.783,-8.345],[120.762,-8.336],[120.734,-8.349],[120.715,-8.326],[120.69,-8.33],[120.677,-8.31],[120.628,-8.268],[120.605,-8.277],[120.591,-8.297],[120.563,-8.301],[120.53,-8.272],[120.493,-8.293],[120.492,-8.316],[120.48,-8.329],[120.478,-8.382],[120.514,-8.409],[120.535,-8.451],[120.543,-8.515],[120.51,-8.565],[120.527,-8.603],[120.517,-8.638],[120.481,-8.652],[120.469,-8.673],[120.501,-8.719],[120.51,-8.804],[120.518,-8.818]]]},"properties":{"name":"Manggarai Timur"}},
{"type":"Feature","geometry":{"type":"MultiPolygon","coordinates":[[[[134.194,-1.2],[134.175,-1.233],[134.203,-1.224],[134.194,-1.2]]],[[[134.186,-1.192],[134.16,-1.179],[134.106,-1.126],[134.099,-1.098],[134.074,-1.069],[134.073,-1.027],[134.046,-1.003],[134.01,-0.955],[134.021,-0.929],[134.041,-0.928],[134.04,-0.911],[134.055,-0.891],[134.049,-0.872],[134.125,-0.88],[134.136,-0.869],[134.076,-0.814],[134.041,-0.803],[134.004,-0.773],[133.988,-0.753],[133.986,-0.732],[133.973,-0.72],[133.95,-0.714],[133.936,-0.729],[133.904,-0.727],[133.881,-0.714],[133.863,-0.729],[133.833,-0.735],[133.818,-0.747],[133.797,-0.727],[133.737,-0.726],[133.72,-0.751],[133.661,-0.738],[133.605,-0.735],[133.565,-0.722],[133.556,-0.744],[133.507,-0.748],[133.484,-0.774],[133.473,-0.81],[133.47,-0.884],[133.488,-0.887],[133.616,-0.905],[133.649,-0.906],[133.718,-0.928],[133.743,-0.929],[133.825,-0.947],[133.83,-0.994],[133.826,-1.063],[133.89,-1.061],[133.89,-1.016],[133.937,-1.011],[133.951,-1.034],[133.991,-1.039],[133.958,-1.067],[133.938,-1.046],[133.895,-1.085],[133.869,-1.102],[133.893,-1.118],[133.893,-1.146],[133.925,-1.166],[133.93,-1.151],[133.962,-1.109],[134.009,-1.078],[134.018,-1.134],[134.071,-1.181],[134.05,-1.202],[134.06,-1.248],[134.087,-1.288],[134.186,-1.192]]]]},"properties":{"name":"Manokwari"}},
{"type":"Feature","geometry":{"type":"Polygon","coordinates":[[[134.194,-1.2],[134.186,-1.192],[134.087,-1.288],[134.107,-1.333],[134.062,-1.386],[134.061,-1.412],[134.04,-1.441],[133.99,-1.422],[133.978,-1.437],[133.921,-1.477],[133.914,-1.488],[133.876,-1.515],[133.83,-1.476],[133.8,-1.446],[133.773,-1.428],[133.741,-1.39],[133.721,-1.378],[133.663,-1.364],[133.66,-1.41],[133.666,-1.481],[133.664,-1.543],[133.652,-1.588],[133.684,-1.594],[133.76,-1.595],[133.814,-1.6],[133.866,-1.597],[133.873,-1.657],[133.862,-1.715],[133.843,-1.759],[133.836,-1.807],[133.842,-1.87],[133.872,-1.954],[133.872,-1.992],[133.882,-2.023],[133.955,-2.015],[134.019,-2.005],[134.005,-1.91],[134.006,-1.825],[134.003,-1.772],[134.093,-1.768],[134.089,-1.707],[134.075,-1.649],[134.121,-1.636],[134.145,-1.597],[134.191,-1.556],[134.212,-1.5],[134.198,-1.464],[134.211,-1.433],[134.215,-1.406],[134.241,-1.358],[134.277,-1.333],[134.249,-1.311],[134.246,-1.29],[134.225,-1.264],[134.203,-1.224],[134.175,-1.233],[134.194,-1.2]]]},"properties":{"name":"Manokwari Selatan"}},
{"type":"Feature","geometry":{"type":"MultiPolygon","coordinates":[[[[138.716,-7.117],[138.707,-7.142],[138.716,-7.156],[138.743,-7.167],[138.77,-7.165],[138.757,-7.143],[138.716,-7.117]]],[[[138.641,-6.567],[138.661,-6.574],[138.666,-6.589],[138.695,-6.626],[138.673,-6.643],[138.667,-6.667],[138.673,-6.724],[138.651,-6.735],[138.625,-6.732],[138.611,-6.755],[138.635,-6.8],[138.673,-6.833],[138.667,-6.845],[138.677,-6.867],[138.652,-6.887],[138.628,-6.876],[138.581,-6.901],[138.562,-6.932],[138.596,-6.996],[138.616,-7.013],[138.662,-7.038],[138.692,-7.065],[138.747,-7.108],[138.775,-7.125],[138.854,-7.158],[138.855,-7.18],[138.833,-7.207],[138.764,-7.208],[138.677,-7.196],[138.667,-7.214],[139.211,-7.326],[139.829,-7.454],[140.058,-7.266],[140.065,-6.868],[140.072,-6.433],[139.788,-6.418],[139.801,-6.389],[139.848,-6.34],[139.854,-6.324],[139.857,-6.281],[139.825,-6.258],[139.823,-6.222],[139.835,-6.195],[139.87,-6.192],[139.727,-5.717],[139.727,-5.438],[139.705,-5.235],[139.644,-5.041],[139.259,-5.547],[138.943,-5.723],[138.933,-6.087],[138.924,-6.42],[138.916,-6.419],[138.851,-6.481],[138.781,-6.481],[138.746,-6.515],[138.7,-6.508],[138.672,-6.521],[138.664,-6.546],[138.641,-6.567]]]]},"properties":{"name":"Mappi"}},
{"type":"Feature","geometry":{"type":"Polygon","coordinates":[[[119.807,-4.809],[119.806,-4.842],[119.794,-4.868],[119.805,-4.886],[119.8,-4.913],[119.774,-4.943],[119.747,-4.929],[119.674,-4.953],[119.67,-4.933],[119.641,-4.916],[119.612,-4.888],[119.595,-4.905],[119.576,-4.905],[119.564,-4.892],[119.53,-4.892],[119.52,-4.884],[119.524,-4.924],[119.491,-4.981],[119.479,-4.99],[119.478,-5.059],[119.502,-5.069],[119.528,-5.064],[119.541,-5.083],[119.543,-5.111],[119.536,-5.131],[119.518,-5.15],[119.519,-5.166],[119.548,-5.164],[119.572,-5.175],[119.601,-5.153],[119.626,-5.17],[119.651,-5.177],[119.657,-5.168],[119.688,-5.168],[119.72,-5.182],[119.748,-5.182],[119.775,-5.207],[119.798,-5.211],[119.835,-5.192],[119.863,-5.161],[119.857,-5.15],[119.871,-5.12],[119.859,-5.108],[119.864,-5.092],[119.847,-5.059],[119.884,-5.002],[119.884,-4.962],[119.896,-4.921],[119.917,-4.907],[119.935,-4.882],[119.918,-4.867],[119.936,-4.843],[119.953,-4.793],[119.968,-4.775],[119.925,-4.748],[119.911,-4.732],[119.885,-4.719],[119.867,-4.744],[119.843,-4.743],[119.812,-4.768],[119.807,-4.809]]]},"properties":{"name":"Maros"}},
{"type":"Feature","geometry":{"type":"Polygon","coordinates":[[[132.709,-1.16],[132.676,-1.145],[132.506,-1.127],[132.493,-1.117],[132.487,-1.094],[132.453,-1.088],[132.381,-1.087],[132.331,-1.075],[132.263,-1.075],[132.183,-1.067],[132.092,-1.07],[132.025,-1.068],[132.07,-1.17],[132.073,-1.226],[132.038,-1.239],[132.018,-1.24],[132.021,-1.279],[132.013,-1.303],[132.078,-1.346],[132.121,-1.362],[132.102,-1.428],[132.169,-1.432],[132.202,-1.444],[132.237,-1.434],[132.289,-1.469],[132.307,-1.488],[132.311,-1.506],[132.305,-1.548],[132.322,-1.543],[132.373,-1.587],[132.37,-1.596],[132.414,-1.628],[132.434,-1.67],[132.439,-1.704],[132.463,-1.738],[132.493,-1.765],[132.497,-1.781],[132.525,-1.705],[132.55,-1.651],[132.568,-1.594],[132.6,-1.415],[132.72,-1.219],[132.723,-1.184],[132.709,-1.16]]]},"properties":{"name":"Maybrat"}},
{"type":"Feature","geometry":{"type":"Polygon","coordinates":[[[112.46,-0.673],[112.451,-0.647],[112.459,-0.614],[112.451,-0.589],[112.455,-0.56],[112.429,-0.537],[112.432,-0.488],[112.412,-0.455],[112.42,-0.42],[112.406,-0.389],[112.376,-0.372],[112.367,-0.344],[112.374,-0.306],[112.37,-0.231],[112.381,-0.182],[112.361,-0.188],[112.319,-0.22],[112.29,-0.231],[112.268,-0.232],[112.224,-0.254],[112.191,-0.286],[112.129,-0.306],[112.129,-0.282],[112.117,-0.27],[112.058,-0.245],[112.031,-0.216],[111.997,-0.228],[111.981,-0.222],[111.962,-0.198],[111.943,-0.196],[111.921,-0.204],[111.897,-0.234],[111.868,-0.238],[111.854,-0.209],[111.807,-0.18],[111.778,-0.181],[111.741,-0.153],[111.723,-0.145],[111.701,-0.156],[111.683,-0.144],[111.653,-0.192],[111.622,-0.205],[111.608,-0.186],[111.57,-0.223],[111.504,-0.221],[111.481,-0.23],[111.464,-0.256],[111.464,-0.286],[111.452,-0.343],[111.436,-0.354],[111.408,-0.358],[111.376,-0.356],[111.349,-0.388],[111.33,-0.391],[111.3,-0.425],[111.293,-0.447],[111.278,-0.449],[111.246,-0.487],[111.229,-0.516],[111.202,-0.525],[111.239,-0.589],[111.266,-0.588],[111.265,-0.61],[111.222,-0.659],[111.24,-0.69],[111.241,-0.719],[111.229,-0.741],[111.234,-0.784],[111.212,-0.832],[111.218,-0.864],[111.194,-0.88],[111.178,-0.862],[111.156,-0.875],[111.17,-0.91],[111.124,-0.931],[111.114,-0.952],[111.144,-0.961],[111.144,-1.007],[111.198,-1.015],[111.225,-1.04],[111.265,-1.098],[111.262,-1.136],[111.237,-1.175],[111.24,-1.194],[111.26,-1.209],[111.257,-1.235],[111.271,-1.258],[111.313,-1.257],[111.315,-1.293],[111.37,-1.33],[111.394,-1.327],[111.384,-1.298],[111.389,-1.271],[111.427,-1.254],[111.446,-1.224],[111.471,-1.213],[111.495,-1.213],[111.517,-1.222],[111.55,-1.209],[111.567,-1.187],[111.557,-1.146],[111.568,-1.11],[111.596,-1.082],[111.619,-1.071],[111.624,-1.055],[111.617,-1.03],[111.622,-0.999],[111.643,-0.97],[111.701,-0.953],[111.705,-0.942],[111.735,-0.934],[111.75,-0.913],[111.78,-0.909],[111.825,-0.911],[111.852,-0.884],[111.885,-0.86],[111.888,-0.841],[111.918,-0.841],[111.92,-0.796],[111.946,-0.787],[111.969,-0.799],[111.994,-0.8],[112.022,-0.79],[112.046,-0.771],[112.046,-0.745],[112.078,-0.722],[112.085,-0.702],[112.109,-0.702],[112.118,-0.713],[112.152,-0.729],[112.175,-0.726],[112.165,-0.69],[112.175,-0.683],[112.178,-0.643],[112.204,-0.633],[112.21,-0.615],[112.235,-0.617],[112.274,-0.647],[112.295,-0.696],[112.31,-0.72],[112.35,-0.705],[112.357,-0.715],[112.405,-0.703],[112.431,-0.671],[112.46,-0.673]]]},"properties":{"name":"Melawi"}},
{"type":"Feature","geometry":{"type":"Polygon","coordinates":[[[108.926,0.561],[108.907,0.505],[108.911,0.475],[108.939,0.449],[108.945,0.43],[108.944,0.383],[108.913,0.34],[108.928,0.322],[108.965,0.315],[109.015,0.298],[109.087,0.251],[109.109,0.226],[109.129,0.189],[109.132,0.145],[109.143,0.119],[109.161,0.104],[109.176,0.074],[109.236,0.033],[109.29,0.008],[109.309,0.038],[109.371,0.021],[109.364,0.054],[109.371,0.069],[109.359,0.089],[109.359,0.118],[109.351,0.132],[109.351,0.207],[109.364,0.234],[109.384,0.255],[109.362,0.263],[109.321,0.267],[109.26,0.264],[109.246,0.277],[109.218,0.28],[109.2,0.29],[109.209,0.315],[109.235,0.342],[109.263,0.337],[109.305,0.36],[109.322,0.362],[109.312,0.408],[109.263,0.456],[109.253,0.452],[109.223,0.49],[109.238,0.517],[109.247,0.552],[109.282,0.588],[109.29,0.607],[109.26,0.645],[109.245,0.635],[109.213,0.643],[109.19,0.655],[109.181,0.671],[109.143,0.685],[109.133,0.66],[109.108,0.645],[109.101,0.63],[109.072,0.599],[109.039,0.594],[109.027,0.568],[109.013,0.566],[108.996,0.542],[108.971,0.529],[108.952,0.53],[108.926,0.561]]]},"properties":{"name":"Mempawah"}},
{"type":"Feature","geometry":{"type":"Polygon","coordinates":[[[101.922,-2.737],[101.953,-2.735],[101.963,-2.726],[101.99,-2.723],[102.029,-2.757],[102.068,-2.768],[102.075,-2.766],[102.082,-2.726],[102.078,-2.704],[102.087,-2.692],[102.083,-2.655],[102.063,-2.624],[102.098,-2.606],[102.104,-2.597],[102.094,-2.565],[102.156,-2.509],[102.153,-2.488],[102.122,-2.427],[102.13,-2.411],[102.183,-2.41],[102.222,-2.397],[102.257,-2.365],[102.295,-2.352],[102.303,-2.387],[102.352,-2.379],[102.404,-2.314],[102.424,-2.247],[102.437,-2.244],[102.461,-2.196],[102.517,-2.2],[102.557,-2.207],[102.589,-2.195],[102.615,-2.16],[102.631,-2.148],[102.624,-2.116],[102.615,-2.102],[102.578,-2.1],[102.557,-2.082],[102.529,-2.047],[102.488,-2.011],[102.488,-1.983],[102.475,-1.974],[102.46,-1.915],[102.459,-1.897],[102.47,-1.86],[102.463,-1.842],[102.46,-1.8],[102.486,-1.768],[102.514,-1.715],[102.508,-1.695],[102.53,-1.658],[102.519,-1.646],[102.487,-1.658],[102.467,-1.681],[102.444,-1.698],[102.407,-1.715],[102.363,-1.677],[102.345,-1.679],[102.324,-1.704],[102.309,-1.707],[102.281,-1.731],[102.248,-1.743],[102.225,-1.762],[102.208,-1.788],[102.166,-1.787],[102.134,-1.793],[102.144,-1.825],[102.107,-1.884],[102.071,-1.872],[102.046,-1.89],[102.034,-1.907],[102.007,-1.901],[101.995,-1.91],[101.959,-1.858],[101.901,-1.838],[101.885,-1.848],[101.827,-1.821],[101.81,-1.833],[101.791,-1.832],[101.758,-1.861],[101.716,-1.88],[101.661,-1.875],[101.631,-1.891],[101.638,-1.897],[101.656,-1.955],[101.67,-1.973],[101.708,-1.987],[101.719,-1.998],[101.721,-2.025],[101.759,-2.061],[101.769,-2.096],[101.787,-2.109],[101.789,-2.139],[101.82,-2.163],[101.797,-2.196],[101.775,-2.205],[101.774,-2.223],[101.748,-2.25],[101.747,-2.282],[101.722,-2.31],[101.721,-2.324],[101.696,-2.346],[101.651,-2.342],[101.639,-2.351],[101.621,-2.334],[101.602,-2.334],[101.595,-2.361],[101.55,-2.352],[101.556,-2.368],[101.55,-2.406],[101.559,-2.417],[101.558,-2.45],[101.562,-2.463],[101.55,-2.494],[101.542,-2.553],[101.559,-2.569],[101.575,-2.544],[101.606,-2.538],[101.612,-2.548],[101.641,-2.543],[101.669,-2.53],[101.768,-2.644],[101.798,-2.668],[101.815,-2.673],[101.815,-2.691],[101.84,-2.7],[101.856,-2.717],[101.882,-2.734],[101.922,-2.737]]]},"properties":{"name":"Merangin"}},
{"type":"Feature","geometry":{"type":"MultiPolygon","coordinates":[[[[138.965,-8.358],[138.926,-8.324],[138.924,-8.359],[138.954,-8.372],[138.965,-8.358]]],[[[138.99,-8.288],[138.975,-8.292],[138.954,-8.296],[138.936,-8.306],[138.949,-8.326],[138.975,-8.329],[139.001,-8.296],[138.99,-8.288]]],[[[138.89,-8.292],[138.871,-8.284],[138.854,-8.293],[138.855,-8.304],[138.85,-8.329],[138.853,-8.351],[138.846,-8.38],[138.867,-8.391],[138.907,-8.38],[138.915,-8.36],[138.917,-8.31],[138.903,-8.288],[138.89,-8.292]]],[[[138.996,-8.235],[138.971,-8.239],[138.968,-8.243],[138.964,-8.254],[138.96,-8.261],[138.947,-8.264],[138.935,-8.278],[138.924,-8.281],[138.934,-8.303],[138.951,-8.296],[138.973,-8.292],[138.979,-8.287],[138.978,-8.276],[138.993,-8.26],[138.996,-8.235]]],[[[138.881,-8.271],[138.891,-8.267],[138.887,-8.239],[138.851,-8.205],[138.849,-8.255],[138.881,-8.271]]],[[[138.819,-8.15],[138.815,-8.138],[138.77,-8.152],[138.75,-8.165],[138.711,-8.171],[138.679,-8.17],[138.672,-8.217],[138.664,-8.235],[138.57,-8.308],[138.552,-8.336],[138.567,-8.356],[138.616,-8.367],[138.673,-8.369],[138.684,-8.376],[138.741,-8.386],[138.798,-8.379],[138.839,-8.384],[138.852,-8.352],[138.849,-8.329],[138.853,-8.295],[138.855,-8.291],[138.861,-8.286],[138.87,-8.284],[138.845,-8.261],[138.846,-8.199],[138.839,-8.174],[138.819,-8.15]]],[[[138.673,-7.366],[138.624,-7.371],[138.564,-7.386],[138.425,-7.403],[138.363,-7.416],[138.301,-7.437],[138.216,-7.472],[138.171,-7.499],[138.12,-7.536],[138.074,-7.582],[138.063,-7.588],[138.022,-7.633],[137.975,-7.705],[137.97,-7.733],[137.958,-7.735],[137.927,-7.762],[137.907,-7.787],[137.869,-7.853],[137.859,-7.881],[137.836,-7.915],[137.829,-7.939],[137.805,-7.986],[137.798,-8.012],[137.816,-8.038],[137.789,-8.05],[137.767,-8.07],[137.706,-8.172],[137.684,-8.236],[137.664,-8.317],[137.66,-8.352],[137.649,-8.383],[137.643,-8.431],[137.655,-8.446],[137.697,-8.421],[137.736,-8.406],[137.857,-8.385],[137.87,-8.373],[137.891,-8.383],[138.068,-8.386],[138.229,-8.385],[138.264,-8.392],[138.265,-8.419],[138.303,-8.425],[138.341,-8.42],[138.404,-8.401],[138.446,-8.382],[138.491,-8.346],[138.5,-8.318],[138.535,-8.305],[138.568,-8.277],[138.615,-8.25],[138.653,-8.205],[138.66,-8.174],[138.682,-8.146],[138.736,-8.154],[138.804,-8.133],[138.81,-8.102],[138.826,-8.08],[138.86,-8.069],[138.903,-8.077],[138.889,-8.029],[138.902,-7.993],[138.902,-7.97],[138.892,-7.936],[138.892,-7.913],[138.91,-7.89],[138.93,-7.876],[138.982,-7.861],[139,-7.829],[138.99,-7.761],[139.005,-7.725],[139.033,-7.687],[139.033,-7.653],[139.049,-7.615],[139.081,-7.588],[139.077,-7.567],[139.023,-7.558],[139.003,-7.56],[138.954,-7.552],[138.918,-7.533],[138.893,-7.496],[138.865,-7.437],[138.823,-7.4],[138.779,-7.378],[138.745,-7.371],[138.673,-7.366]]],[[[140.058,-7.266],[139.829,-7.454],[139.211,-7.326],[138.667,-7.214],[138.69,-7.233],[138.771,-7.264],[138.813,-7.298],[138.855,-7.31],[138.9,-7.355],[138.921,-7.397],[138.946,-7.482],[138.958,-7.511],[138.978,-7.522],[139.009,-7.516],[139.051,-7.516],[139.096,-7.536],[139.107,-7.552],[139.108,-7.6],[139.073,-7.626],[139.058,-7.656],[139.056,-7.689],[139.048,-7.71],[139.019,-7.749],[139.015,-7.787],[139.025,-7.83],[139.01,-7.863],[138.917,-7.914],[138.909,-7.932],[138.923,-7.976],[138.903,-8.03],[138.923,-8.051],[138.928,-8.069],[138.905,-8.088],[138.877,-8.087],[138.843,-8.102],[138.834,-8.126],[138.855,-8.185],[138.9,-8.236],[138.907,-8.261],[138.923,-8.277],[138.936,-8.276],[138.946,-8.263],[138.961,-8.258],[138.967,-8.243],[138.97,-8.239],[138.989,-8.233],[138.971,-8.208],[139.068,-8.153],[139.067,-8.136],[139.092,-8.135],[139.135,-8.119],[139.208,-8.097],[139.228,-8.098],[139.233,-8.121],[139.251,-8.151],[139.278,-8.177],[139.301,-8.18],[139.316,-8.197],[139.34,-8.206],[139.38,-8.203],[139.457,-8.194],[139.496,-8.174],[139.508,-8.178],[139.58,-8.144],[139.584,-8.13],[139.719,-8.1],[139.84,-8.101],[139.883,-8.109],[139.927,-8.107],[139.955,-8.113],[139.96,-8.147],[139.994,-8.2],[140.056,-8.255],[140.131,-8.306],[140.17,-8.337],[140.227,-8.356],[140.229,-8.374],[140.261,-8.41],[140.331,-8.467],[140.355,-8.475],[140.375,-8.508],[140.429,-8.556],[140.461,-8.588],[140.503,-8.615],[140.529,-8.688],[140.58,-8.754],[140.598,-8.791],[140.616,-8.813],[140.687,-8.88],[140.707,-8.891],[140.79,-8.974],[140.82,-9.016],[140.872,-9.06],[140.9,-9.09],[140.92,-9.091],[141.019,-9.12],[141.019,-8.528],[141.019,-8.016],[141.019,-7.369],[141.019,-6.89],[141,-6.89],[140.981,-6.902],[140.938,-6.891],[140.938,-6.874],[140.911,-6.862],[140.904,-6.841],[140.918,-6.82],[140.907,-6.806],[140.89,-6.814],[140.87,-6.795],[140.88,-6.768],[140.893,-6.765],[140.881,-6.735],[140.852,-6.726],[140.852,-6.696],[140.863,-6.683],[140.857,-6.648],[140.872,-6.632],[140.848,-6.618],[140.426,-6.964],[140.058,-7.266]]]]},"properties":{"name":"Merauke"}},
{"type":"Feature","geometry":{"type":"Polygon","coordinates":[[[105.753,-4.147],[105.729,-4.135],[105.708,-4.143],[105.697,-4.13],[105.711,-4.108],[105.69,-4.104],[105.684,-4.079],[105.654,-4.091],[105.64,-4.052],[105.623,-4.046],[105.613,-4.028],[105.631,-4.006],[105.612,-3.97],[105.593,-3.959],[105.612,-3.945],[105.6,-3.927],[105.587,-3.939],[105.562,-3.926],[105.574,-3.901],[105.548,-3.882],[105.533,-3.898],[105.512,-3.873],[105.526,-3.848],[105.492,-3.841],[105.48,-3.822],[105.437,-3.828],[105.43,-3.82],[105.436,-3.787],[105.413,-3.777],[105.384,-3.782],[105.366,-3.798],[105.352,-3.783],[105.353,-3.756],[105.342,-3.731],[105.319,-3.732],[105.308,-3.759],[105.305,-3.792],[105.284,-3.798],[105.282,-3.827],[105.291,-3.849],[105.276,-3.879],[105.254,-3.902],[105.23,-3.89],[105.205,-3.891],[105.179,-3.905],[105.165,-3.938],[105.15,-3.929],[105.135,-3.944],[105.142,-3.973],[105.127,-4],[105.114,-4],[105.098,-4.045],[105.078,-4.085],[105.062,-4.098],[105.066,-4.12],[105.05,-4.141],[105.073,-4.175],[105.067,-4.216],[105.108,-4.208],[105.108,-4.224],[105.144,-4.201],[105.186,-4.187],[105.21,-4.17],[105.227,-4.183],[105.237,-4.192],[105.278,-4.189],[105.312,-4.159],[105.365,-4.163],[105.366,-4.13],[105.425,-4.119],[105.424,-4.161],[105.468,-4.16],[105.468,-4.135],[105.505,-4.131],[105.504,-4.161],[105.527,-4.161],[105.607,-4.199],[105.607,-4.219],[105.654,-4.217],[105.655,-4.196],[105.72,-4.188],[105.721,-4.2],[105.758,-4.194],[105.753,-4.147]]]},"properties":{"name":"Mesuji"}},
{"type":"Feature","geometry":{"type":"Polygon","coordinates":[[[137.577,-4.652],[137.569,-4.615],[137.579,-4.584],[137.597,-4.572],[137.628,-4.522],[137.665,-4.474],[137.668,-4.434],[137.678,-4.172],[137.487,-4.163],[137.45,-4.165],[137.321,-4.161],[137.291,-4.032],[137.204,-4.024],[137.124,-4.021],[136.972,-4.125],[136.824,-4.138],[136.731,-4.127],[136.726,-4.146],[136.703,-4.189],[136.671,-4.218],[136.622,-4.218],[136.582,-4.213],[136.501,-4.212],[136.508,-4.254],[136.536,-4.296],[136.523,-4.31],[136.486,-4.317],[136.443,-4.314],[136.428,-4.319],[136.425,-4.294],[136.392,-4.3],[136.38,-4.289],[136.342,-4.296],[136.331,-4.274],[136.265,-4.262],[136.264,-4.284],[136.249,-4.296],[136.229,-4.274],[136.186,-4.243],[136.156,-4.238],[136.119,-4.257],[136.095,-4.254],[136.069,-4.272],[135.99,-4.252],[135.949,-4.227],[135.905,-4.231],[135.814,-4.226],[135.786,-4.209],[135.752,-4.214],[135.707,-4.203],[135.692,-4.191],[135.649,-4.216],[135.618,-4.219],[135.596,-4.206],[135.56,-4.208],[135.496,-4.202],[135.441,-4.192],[135.398,-4.161],[135.364,-4.158],[135.335,-4.178],[135.298,-4.156],[135.066,-4.149],[135.063,-4.144],[135.047,-4.045],[135.002,-4.106],[134.923,-4.183],[134.89,-4.222],[134.87,-4.251],[134.886,-4.252],[134.912,-4.267],[134.933,-4.291],[134.93,-4.303],[134.963,-4.327],[134.982,-4.333],[135.033,-4.363],[135.041,-4.376],[135.07,-4.377],[135.097,-4.409],[135.112,-4.408],[135.207,-4.466],[135.29,-4.445],[135.339,-4.445],[135.383,-4.436],[135.442,-4.437],[135.506,-4.445],[135.571,-4.461],[135.596,-4.473],[135.701,-4.489],[135.718,-4.497],[135.795,-4.485],[135.843,-4.484],[135.905,-4.487],[135.948,-4.506],[135.959,-4.527],[136.013,-4.557],[136.037,-4.578],[136.094,-4.6],[136.111,-4.621],[136.191,-4.645],[136.231,-4.662],[136.285,-4.668],[136.311,-4.659],[136.354,-4.674],[136.411,-4.706],[136.444,-4.739],[136.458,-4.735],[136.482,-4.743],[136.529,-4.77],[136.546,-4.79],[136.598,-4.81],[136.643,-4.833],[136.678,-4.847],[136.696,-4.841],[136.735,-4.869],[136.778,-4.869],[136.798,-4.894],[136.834,-4.912],[136.892,-4.887],[136.905,-4.874],[136.93,-4.868],[136.924,-4.892],[136.964,-4.923],[137.005,-4.937],[137.025,-4.923],[137.06,-4.919],[137.058,-4.939],[137.092,-4.974],[137.116,-4.961],[137.151,-4.974],[137.171,-4.997],[137.2,-4.997],[137.211,-4.982],[137.229,-4.984],[137.255,-5.009],[137.282,-5.024],[137.306,-5.013],[137.329,-5.03],[137.34,-5.058],[137.365,-5.085],[137.42,-5.125],[137.449,-5.099],[137.474,-5.116],[137.497,-5.146],[137.521,-5.134],[137.555,-5.147],[137.577,-5.136],[137.606,-5.139],[137.63,-5.13],[137.627,-5.116],[137.606,-5.107],[137.602,-5.087],[137.628,-5.078],[137.653,-5.041],[137.706,-5.023],[137.791,-4.971],[137.815,-4.944],[137.814,-4.894],[137.737,-4.834],[137.688,-4.819],[137.651,-4.791],[137.614,-4.73],[137.577,-4.652]]]},"properties":{"name":"Mimika"}},
{"type":"Feature","geometry":{"type":"Polygon","coordinates":[[[124.784,1.461],[124.752,1.455],[124.741,1.436],[124.687,1.408],[124.671,1.394],[124.639,1.399],[124.624,1.419],[124.603,1.401],[124.58,1.398],[124.565,1.378],[124.583,1.357],[124.622,1.336],[124.658,1.337],[124.718,1.325],[124.725,1.301],[124.703,1.29],[124.731,1.258],[124.758,1.255],[124.732,1.189],[124.744,1.144],[124.737,1.115],[124.771,1.096],[124.798,1.115],[124.824,1.113],[124.837,1.121],[124.873,1.071],[124.876,1.052],[124.908,1.018],[124.94,1.05],[124.966,1.068],[125.024,1.143],[125.045,1.211],[125.063,1.288],[125.025,1.289],[124.997,1.328],[124.973,1.299],[124.956,1.328],[124.923,1.35],[124.931,1.376],[124.92,1.398],[124.915,1.445],[124.892,1.458],[124.83,1.431],[124.787,1.444],[124.784,1.461]],[[124.917,1.284],[124.934,1.264],[124.928,1.24],[124.91,1.225],[124.899,1.174],[124.858,1.202],[124.868,1.233],[124.901,1.254],[124.902,1.271],[124.917,1.284]],[[124.83,1.405],[124.838,1.382],[124.863,1.353],[124.893,1.351],[124.856,1.295],[124.854,1.264],[124.827,1.253],[124.795,1.282],[124.768,1.29],[124.744,1.287],[124.744,1.333],[124.778,1.362],[124.796,1.357],[124.809,1.366],[124.812,1.397],[124.83,1.405]]]},"properties":{"name":"Minahasa"}},
{"type":"Feature","geometry":{"type":"Polygon","coordinates":[[[124.434,0.793],[124.453,0.771],[124.469,0.763],[124.489,0.766],[124.488,0.803],[124.498,0.821],[124.516,0.825],[124.56,0.867],[124.558,0.887],[124.578,0.915],[124.581,0.935],[124.573,0.962],[124.575,1.01],[124.56,1.019],[124.562,1.045],[124.55,1.071],[124.552,1.085],[124.57,1.096],[124.588,1.084],[124.625,1.101],[124.679,1.1],[124.702,1.11],[124.737,1.115],[124.744,1.144],[124.732,1.189],[124.758,1.255],[124.731,1.258],[124.703,1.29],[124.725,1.301],[124.718,1.325],[124.658,1.337],[124.622,1.336],[124.583,1.357],[124.565,1.378],[124.556,1.379],[124.532,1.353],[124.518,1.329],[124.514,1.306],[124.55,1.271],[124.59,1.268],[124.612,1.254],[124.611,1.235],[124.585,1.197],[124.571,1.186],[124.548,1.209],[124.519,1.21],[124.516,1.189],[124.489,1.185],[124.464,1.19],[124.428,1.188],[124.384,1.181],[124.349,1.162],[124.353,1.139],[124.34,1.12],[124.339,1.099],[124.315,1.059],[124.298,1.007],[124.317,1.004],[124.332,0.99],[124.352,0.986],[124.376,0.958],[124.367,0.921],[124.379,0.912],[124.379,0.87],[124.407,0.859],[124.433,0.817],[124.434,0.793]]]},"properties":{"name":"Minahasa Selatan"}},
{"type":"Feature","geometry":{"type":"Polygon","coordinates":[[[124.699,0.844],[124.718,0.893],[124.76,0.888],[124.77,0.914],[124.787,0.925],[124.786,0.94],[124.822,0.959],[124.886,0.972],[124.892,1.003],[124.908,1.018],[124.876,1.052],[124.873,1.071],[124.837,1.121],[124.824,1.113],[124.798,1.115],[124.771,1.096],[124.737,1.115],[124.702,1.11],[124.679,1.1],[124.625,1.101],[124.588,1.084],[124.57,1.096],[124.552,1.085],[124.55,1.071],[124.562,1.045],[124.56,1.019],[124.575,1.01],[124.573,0.962],[124.581,0.935],[124.613,0.948],[124.647,0.939],[124.66,0.891],[124.695,0.858],[124.699,0.844]]]},"properties":{"name":"Minahasa Tenggara"}},
{"type":"Feature","geometry":{"type":"MultiPolygon","coordinates":[[[[124.774,1.718],[124.766,1.745],[124.733,1.714],[124.768,1.692],[124.774,1.718]]],[[[125.155,1.596],[125.143,1.622],[125.165,1.645],[125.168,1.688],[125.135,1.668],[125.105,1.665],[125.091,1.677],[125.062,1.673],[125.012,1.695],[125.026,1.73],[124.997,1.75],[124.962,1.728],[124.964,1.684],[124.93,1.684],[124.925,1.665],[124.871,1.621],[124.862,1.603],[124.829,1.592],[124.821,1.582],[124.844,1.564],[124.878,1.575],[124.91,1.574],[124.928,1.564],[124.923,1.528],[124.933,1.508],[124.894,1.485],[124.892,1.458],[124.915,1.445],[124.92,1.398],[124.931,1.376],[124.923,1.35],[124.956,1.328],[124.973,1.299],[124.997,1.328],[125.025,1.289],[125.063,1.288],[125.066,1.329],[125.076,1.34],[125.078,1.366],[125.1,1.382],[125.104,1.397],[125.092,1.422],[125.092,1.447],[125.064,1.445],[125.04,1.464],[125.049,1.48],[125.083,1.513],[125.085,1.54],[125.112,1.561],[125.126,1.558],[125.146,1.577],[125.155,1.596]]],[[[125.135,1.846],[125.115,1.818],[125.132,1.775],[125.134,1.748],[125.161,1.77],[125.188,1.782],[125.186,1.8],[125.167,1.803],[125.135,1.846]]],[[[125.098,1.885],[125.088,1.883],[125.056,1.835],[125.048,1.809],[125.087,1.839],[125.098,1.885]]]]},"properties":{"name":"Minahasa Utara"}},
{"type":"Feature","geometry":{"type":"Polygon","coordinates":[[[112.368,-7.325],[112.346,-7.345],[112.337,-7.38],[112.348,-7.399],[112.338,-7.447],[112.351,-7.455],[112.398,-7.458],[112.39,-7.479],[112.374,-7.487],[112.374,-7.525],[112.367,-7.554],[112.376,-7.594],[112.404,-7.623],[112.412,-7.674],[112.43,-7.7],[112.447,-7.759],[112.456,-7.779],[112.478,-7.769],[112.513,-7.751],[112.533,-7.725],[112.575,-7.734],[112.593,-7.701],[112.614,-7.682],[112.629,-7.65],[112.62,-7.628],[112.655,-7.594],[112.654,-7.58],[112.671,-7.561],[112.647,-7.537],[112.63,-7.533],[112.603,-7.501],[112.57,-7.478],[112.489,-7.46],[112.469,-7.445],[112.473,-7.429],[112.494,-7.409],[112.476,-7.382],[112.477,-7.353],[112.485,-7.341],[112.477,-7.306],[112.442,-7.308],[112.41,-7.318],[112.391,-7.333],[112.368,-7.325]],[[112.458,-7.457],[112.461,-7.483],[112.408,-7.489],[112.415,-7.457],[112.458,-7.457]]]},"properties":{"name":"Mojokerto"}},
{"type":"Feature","geometry":{"type":"MultiPolygon","coordinates":[[[[123.157,-3.557],[123.129,-3.567],[123.076,-3.576],[123.044,-3.593],[123.05,-3.603],[123.091,-3.632],[123.118,-3.641],[123.12,-3.615],[123.153,-3.621],[123.183,-3.614],[123.174,-3.584],[123.157,-3.557]]],[[[122.499,-3.066],[122.496,-3.087],[122.519,-3.088],[122.514,-3.064],[122.499,-3.066]]],[[[122.409,-3.017],[122.389,-3.038],[122.412,-3.062],[122.427,-3.053],[122.402,-3.026],[122.409,-3.017]]],[[[122.079,-2.962],[122.091,-3],[122.131,-3.022],[122.177,-3.03],[122.181,-3.036],[122.172,-3.084],[122.233,-3.141],[122.253,-3.135],[122.266,-3.145],[122.289,-3.143],[122.314,-3.165],[122.311,-3.194],[122.298,-3.213],[122.302,-3.238],[122.296,-3.255],[122.311,-3.273],[122.323,-3.241],[122.342,-3.231],[122.384,-3.256],[122.408,-3.247],[122.422,-3.268],[122.433,-3.243],[122.426,-3.209],[122.436,-3.188],[122.469,-3.189],[122.486,-3.179],[122.422,-3.126],[122.38,-3.145],[122.359,-3.129],[122.336,-3.086],[122.305,-3.061],[122.275,-3.05],[122.259,-3.033],[122.251,-3.013],[122.281,-2.989],[122.306,-2.957],[122.321,-2.921],[122.292,-2.892],[122.265,-2.89],[122.25,-2.878],[122.207,-2.888],[122.186,-2.873],[122.193,-2.845],[122.185,-2.824],[122.159,-2.814],[122.14,-2.789],[122.086,-2.789],[122.06,-2.75],[122.029,-2.725],[122.01,-2.718],[122.01,-2.674],[122.037,-2.669],[122.017,-2.647],[121.99,-2.601],[121.987,-2.577],[121.958,-2.516],[121.928,-2.463],[121.906,-2.43],[121.875,-2.403],[121.876,-2.393],[121.855,-2.355],[121.84,-2.346],[121.825,-2.294],[121.795,-2.288],[121.772,-2.255],[121.757,-2.25],[121.73,-2.215],[121.727,-2.204],[121.705,-2.188],[121.67,-2.185],[121.609,-2.186],[121.552,-2.165],[121.544,-2.148],[121.506,-2.172],[121.485,-2.191],[121.491,-2.255],[121.479,-2.262],[121.473,-2.291],[121.459,-2.303],[121.453,-2.371],[121.442,-2.405],[121.46,-2.42],[121.49,-2.43],[121.501,-2.453],[121.545,-2.472],[121.56,-2.491],[121.586,-2.492],[121.612,-2.485],[121.631,-2.494],[121.653,-2.539],[121.684,-2.543],[121.704,-2.538],[121.738,-2.593],[121.78,-2.631],[121.79,-2.667],[121.758,-2.705],[121.754,-2.735],[121.742,-2.756],[121.722,-2.768],[121.724,-2.808],[121.687,-2.821],[121.67,-2.843],[121.673,-2.869],[121.688,-2.878],[121.686,-2.901],[121.714,-2.92],[121.73,-2.916],[121.752,-2.923],[121.771,-2.943],[121.791,-2.944],[121.841,-2.971],[121.857,-2.964],[121.921,-2.99],[122.006,-2.958],[122.039,-2.96],[122.061,-2.949],[122.079,-2.962]]]]},"properties":{"name":"Morowali"}},
{"type":"Feature","geometry":{"type":"Polygon","coordinates":[[[122.008,-1.343],[122.002,-1.354],[121.98,-1.348],[121.963,-1.329],[121.963,-1.286],[121.932,-1.287],[121.924,-1.299],[121.869,-1.316],[121.832,-1.313],[121.804,-1.324],[121.75,-1.334],[121.727,-1.357],[121.712,-1.363],[121.664,-1.364],[121.64,-1.389],[121.615,-1.406],[121.571,-1.425],[121.548,-1.406],[121.518,-1.398],[121.503,-1.375],[121.475,-1.377],[121.466,-1.405],[121.433,-1.405],[121.403,-1.435],[121.36,-1.457],[121.352,-1.473],[121.275,-1.471],[121.257,-1.476],[121.211,-1.512],[121.188,-1.548],[121.188,-1.567],[121.163,-1.558],[121.162,-1.575],[121.126,-1.573],[121.074,-1.58],[121.02,-1.619],[121.007,-1.624],[120.962,-1.624],[120.882,-1.625],[120.857,-1.681],[120.834,-1.752],[120.851,-1.788],[120.871,-1.852],[120.888,-1.858],[120.901,-1.889],[120.916,-1.894],[120.929,-1.916],[120.844,-2.031],[120.83,-2.095],[120.842,-2.183],[120.842,-2.218],[120.88,-2.22],[120.937,-2.228],[120.993,-2.245],[121.034,-2.276],[121.053,-2.267],[121.105,-2.279],[121.139,-2.318],[121.15,-2.341],[121.182,-2.375],[121.231,-2.361],[121.299,-2.378],[121.319,-2.389],[121.408,-2.41],[121.442,-2.405],[121.453,-2.371],[121.459,-2.303],[121.473,-2.291],[121.479,-2.262],[121.491,-2.255],[121.485,-2.191],[121.506,-2.172],[121.544,-2.148],[121.545,-2.11],[121.537,-2.1],[121.532,-2.057],[121.514,-2.055],[121.492,-2.039],[121.487,-2.016],[121.453,-2],[121.421,-1.957],[121.414,-1.912],[121.389,-1.907],[121.38,-1.93],[121.376,-1.982],[121.362,-1.983],[121.343,-2.005],[121.339,-1.977],[121.349,-1.96],[121.331,-1.939],[121.331,-1.88],[121.35,-1.856],[121.294,-1.857],[121.29,-1.834],[121.325,-1.773],[121.341,-1.772],[121.373,-1.805],[121.422,-1.813],[121.442,-1.805],[121.461,-1.817],[121.468,-1.836],[121.451,-1.856],[121.483,-1.87],[121.497,-1.895],[121.54,-1.918],[121.56,-1.955],[121.601,-1.952],[121.654,-1.956],[121.678,-1.945],[121.69,-1.928],[121.712,-1.92],[121.719,-1.906],[121.744,-1.888],[121.765,-1.851],[121.768,-1.829],[121.804,-1.761],[121.808,-1.731],[121.824,-1.727],[121.861,-1.679],[121.875,-1.678],[121.896,-1.699],[121.944,-1.674],[121.959,-1.679],[121.995,-1.652],[122.023,-1.617],[122.038,-1.61],[122.064,-1.616],[122.03,-1.567],[122.032,-1.522],[122.043,-1.493],[122.015,-1.467],[122.024,-1.442],[122.043,-1.441],[122.054,-1.412],[122.042,-1.392],[122.029,-1.354],[122.008,-1.343]]]},"properties":{"name":"Morowali Utara"}},
{"type":"Feature","geometry":{"type":"MultiPolygon","coordinates":[[[[103.468,-4.353],[103.501,-4.361],[103.515,-4.376],[103.548,-4.371],[103.553,-4.357],[103.582,-4.355],[103.598,-4.363],[103.604,-4.34],[103.622,-4.306],[103.627,-4.264],[103.618,-4.248],[103.622,-4.214],[103.648,-4.198],[103.706,-4.183],[103.705,-4.085],[103.75,-4.083],[103.771,-4.069],[103.8,-4.034],[103.869,-3.988],[103.892,-3.963],[103.893,-3.925],[103.928,-3.915],[103.94,-3.898],[103.971,-3.892],[103.995,-3.92],[104.027,-3.908],[104.074,-3.907],[104.088,-3.895],[104.106,-3.899],[104.147,-3.885],[104.21,-3.844],[104.21,-3.825],[104.236,-3.8],[104.237,-3.786],[104.256,-3.778],[104.288,-3.755],[104.302,-3.772],[104.335,-3.76],[104.36,-3.769],[104.374,-3.764],[104.375,-3.72],[104.393,-3.704],[104.442,-3.683],[104.474,-3.63],[104.477,-3.61],[104.468,-3.59],[104.438,-3.565],[104.42,-3.558],[104.401,-3.587],[104.382,-3.59],[104.327,-3.622],[104.316,-3.619],[104.305,-3.562],[104.276,-3.573],[104.243,-3.568],[104.254,-3.54],[104.184,-3.546],[104.147,-3.542],[104.131,-3.52],[104.142,-3.506],[104.133,-3.486],[104.139,-3.45],[104.151,-3.445],[104.152,-3.396],[104.132,-3.378],[104.131,-3.359],[104.117,-3.369],[104.094,-3.354],[104.086,-3.362],[104.023,-3.365],[104.019,-3.414],[103.974,-3.408],[103.933,-3.396],[103.911,-3.355],[103.886,-3.33],[103.859,-3.339],[103.85,-3.32],[103.828,-3.328],[103.808,-3.317],[103.789,-3.323],[103.762,-3.344],[103.724,-3.351],[103.69,-3.345],[103.672,-3.349],[103.656,-3.368],[103.646,-3.352],[103.617,-3.33],[103.625,-3.357],[103.616,-3.387],[103.614,-3.42],[103.586,-3.461],[103.572,-3.455],[103.561,-3.481],[103.541,-3.493],[103.549,-3.522],[103.539,-3.548],[103.574,-3.55],[103.628,-3.512],[103.665,-3.539],[103.729,-3.575],[103.756,-3.575],[103.766,-3.595],[103.767,-3.632],[103.74,-3.647],[103.761,-3.671],[103.738,-3.699],[103.75,-3.711],[103.76,-3.747],[103.738,-3.752],[103.723,-3.775],[103.73,-3.789],[103.707,-3.817],[103.714,-3.84],[103.703,-3.87],[103.703,-3.894],[103.683,-3.915],[103.67,-3.91],[103.631,-3.942],[103.644,-3.966],[103.62,-3.988],[103.601,-3.988],[103.59,-4.028],[103.591,-4.047],[103.554,-4.121],[103.545,-4.111],[103.512,-4.107],[103.496,-4.129],[103.47,-4.1],[103.454,-4.112],[103.439,-4.171],[103.363,-4.223],[103.309,-4.251],[103.305,-4.255],[103.328,-4.292],[103.356,-4.3],[103.376,-4.314],[103.411,-4.32],[103.458,-4.333],[103.468,-4.353]]],[[[104.256,-3.043],[104.257,-3.056],[104.245,-3.096],[104.236,-3.153],[104.23,-3.212],[104.211,-3.246],[104.228,-3.265],[104.232,-3.305],[104.212,-3.33],[104.213,-3.368],[104.242,-3.374],[104.306,-3.357],[104.348,-3.371],[104.317,-3.427],[104.309,-3.463],[104.293,-3.478],[104.301,-3.498],[104.333,-3.506],[104.378,-3.504],[104.405,-3.507],[104.446,-3.495],[104.448,-3.425],[104.464,-3.423],[104.47,-3.405],[104.513,-3.388],[104.536,-3.354],[104.528,-3.302],[104.54,-3.268],[104.556,-3.264],[104.572,-3.24],[104.563,-3.215],[104.535,-3.215],[104.515,-3.205],[104.496,-3.174],[104.479,-3.116],[104.495,-3.096],[104.578,-3.094],[104.609,-3.102],[104.618,-3.111],[104.679,-3.068],[104.69,-3.056],[104.645,-3.025],[104.612,-3.014],[104.593,-3.052],[104.58,-3.034],[104.565,-3.037],[104.538,-3.028],[104.505,-3.061],[104.486,-3.061],[104.479,-3.032],[104.443,-3.035],[104.417,-3.021],[104.384,-3.024],[104.343,-3.017],[104.284,-3.035],[104.264,-3.027],[104.256,-3.043]]]]},"properties":{"name":"Muara Enim"}},
{"type":"Feature","geometry":{"type":"Polygon","coordinates":[[[104.358,-1.643],[104.312,-1.607],[104.297,-1.571],[104.254,-1.549],[104.197,-1.475],[104.171,-1.446],[104.111,-1.342],[104.073,-1.303],[104.057,-1.311],[103.838,-1.335],[103.585,-1.383],[103.585,-1.345],[103.579,-1.331],[103.56,-1.331],[103.552,-1.307],[103.511,-1.321],[103.457,-1.319],[103.393,-1.266],[103.346,-1.266],[103.347,-1.229],[103.261,-1.231],[103.264,-1.311],[103.253,-1.354],[103.232,-1.343],[103.205,-1.355],[103.217,-1.378],[103.244,-1.395],[103.26,-1.354],[103.31,-1.355],[103.332,-1.365],[103.353,-1.442],[103.366,-1.451],[103.384,-1.481],[103.396,-1.475],[103.46,-1.472],[103.457,-1.516],[103.466,-1.535],[103.448,-1.568],[103.456,-1.588],[103.422,-1.605],[103.414,-1.632],[103.418,-1.685],[103.398,-1.713],[103.396,-1.758],[103.422,-1.786],[103.43,-1.81],[103.4,-1.826],[103.396,-1.869],[103.315,-1.868],[103.314,-1.965],[103.335,-1.965],[103.333,-2.002],[103.37,-2.002],[103.369,-2.051],[103.392,-2.059],[103.447,-2.062],[103.447,-2.174],[103.459,-2.181],[103.499,-2.177],[103.528,-2.167],[103.549,-2.138],[103.531,-2.125],[103.517,-2.104],[103.514,-2.084],[103.538,-2.049],[103.554,-2.042],[103.56,-2],[103.51,-1.962],[103.52,-1.909],[103.538,-1.889],[103.58,-1.868],[103.607,-1.849],[103.626,-1.844],[103.664,-1.849],[103.892,-1.793],[104.153,-1.725],[104.342,-1.676],[104.36,-1.656],[104.358,-1.643]],[[103.614,-1.547],[103.649,-1.55],[103.655,-1.608],[103.677,-1.613],[103.675,-1.629],[103.654,-1.656],[103.614,-1.657],[103.631,-1.676],[103.609,-1.691],[103.594,-1.674],[103.568,-1.665],[103.559,-1.68],[103.527,-1.677],[103.529,-1.65],[103.549,-1.609],[103.537,-1.589],[103.55,-1.566],[103.566,-1.574],[103.601,-1.547],[103.614,-1.547]]]},"properties":{"name":"Muaro Jambi"}},
{"type":"Feature","geometry":{"type":"Polygon","coordinates":[[[101.856,-2.717],[101.84,-2.7],[101.815,-2.691],[101.815,-2.673],[101.798,-2.668],[101.768,-2.644],[101.669,-2.53],[101.641,-2.543],[101.612,-2.548],[101.606,-2.538],[101.575,-2.544],[101.559,-2.569],[101.542,-2.553],[101.55,-2.494],[101.562,-2.463],[101.558,-2.45],[101.485,-2.41],[101.436,-2.374],[101.41,-2.362],[101.319,-2.305],[101.285,-2.277],[101.254,-2.314],[101.238,-2.32],[101.237,-2.342],[101.17,-2.383],[101.147,-2.388],[101.132,-2.402],[101.023,-2.478],[101.029,-2.493],[101.07,-2.533],[101.142,-2.628],[101.18,-2.652],[101.237,-2.678],[101.294,-2.712],[101.321,-2.738],[101.324,-2.755],[101.345,-2.79],[101.404,-2.927],[101.479,-3.012],[101.488,-3.053],[101.515,-3.08],[101.525,-3.1],[101.521,-3.116],[101.545,-3.142],[101.576,-3.185],[101.596,-3.159],[101.639,-3.136],[101.669,-3.126],[101.713,-3.076],[101.702,-3.054],[101.747,-3.021],[101.755,-3.005],[101.775,-3],[101.791,-2.983],[101.785,-2.938],[101.803,-2.922],[101.803,-2.889],[101.809,-2.872],[101.85,-2.829],[101.866,-2.789],[101.856,-2.717]]]},"properties":{"name":"Mukomuko"}},
{"type":"Feature","geometry":{"type":"MultiPolygon","coordinates":[[[[122.626,-5.204],[122.589,-5.196],[122.589,-5.16],[122.62,-5.11],[122.612,-5.095],[122.637,-5.059],[122.661,-5.047],[122.704,-5.006],[122.721,-4.965],[122.736,-4.959],[122.763,-4.964],[122.759,-4.91],[122.766,-4.899],[122.738,-4.883],[122.729,-4.842],[122.745,-4.793],[122.736,-4.764],[122.741,-4.742],[122.729,-4.73],[122.725,-4.682],[122.737,-4.67],[122.733,-4.641],[122.699,-4.617],[122.667,-4.611],[122.639,-4.637],[122.631,-4.632],[122.632,-4.695],[122.656,-4.723],[122.587,-4.772],[122.562,-4.802],[122.579,-4.827],[122.623,-4.827],[122.639,-4.875],[122.661,-4.89],[122.586,-4.997],[122.555,-4.962],[122.525,-4.938],[122.493,-4.928],[122.42,-4.896],[122.36,-4.931],[122.38,-4.968],[122.379,-5.026],[122.384,-5.086],[122.348,-5.103],[122.328,-5.104],[122.316,-5.142],[122.354,-5.151],[122.358,-5.169],[122.376,-5.192],[122.441,-5.227],[122.505,-5.225],[122.524,-5.193],[122.562,-5.217],[122.608,-5.213],[122.626,-5.204]]],[[[122.829,-5.098],[122.848,-5.077],[122.855,-5.055],[122.869,-5.049],[122.878,-5.027],[122.892,-4.948],[122.922,-4.873],[122.924,-4.837],[122.914,-4.797],[122.921,-4.686],[122.927,-4.628],[122.925,-4.613],[122.849,-4.609],[122.842,-4.65],[122.828,-4.678],[122.841,-4.695],[122.841,-4.74],[122.857,-4.78],[122.846,-4.8],[122.84,-4.835],[122.818,-4.839],[122.806,-4.867],[122.831,-4.897],[122.815,-4.942],[122.812,-4.982],[122.767,-5.008],[122.749,-5.036],[122.763,-5.041],[122.789,-5.019],[122.803,-5.027],[122.795,-5.06],[122.761,-5.093],[122.786,-5.101],[122.829,-5.098]]],[[[122.719,-4.519],[122.701,-4.52],[122.686,-4.541],[122.703,-4.564],[122.742,-4.562],[122.741,-4.532],[122.719,-4.519]]]]},"properties":{"name":"Muna"}},
{"type":"Feature","geometry":{"type":"MultiPolygon","coordinates":[[[[122.347,-4.713],[122.379,-4.674],[122.368,-4.666],[122.33,-4.709],[122.347,-4.713]]],[[[122.631,-4.632],[122.623,-4.642],[122.593,-4.644],[122.595,-4.657],[122.565,-4.679],[122.556,-4.693],[122.492,-4.724],[122.476,-4.738],[122.444,-4.744],[122.432,-4.738],[122.408,-4.749],[122.374,-4.74],[122.354,-4.78],[122.318,-4.836],[122.339,-4.88],[122.338,-4.891],[122.36,-4.931],[122.42,-4.896],[122.493,-4.928],[122.525,-4.938],[122.555,-4.962],[122.586,-4.997],[122.661,-4.89],[122.639,-4.875],[122.623,-4.827],[122.579,-4.827],[122.562,-4.802],[122.587,-4.772],[122.656,-4.723],[122.632,-4.695],[122.631,-4.632]]]]},"properties":{"name":"Muna Barat"}},
{"type":"Feature","geometry":{"type":"Polygon","coordinates":[[[115.067,-0.166],[115.045,-0.19],[115.001,-0.187],[114.979,-0.178],[114.951,-0.19],[114.923,-0.182],[114.93,-0.161],[114.917,-0.134],[114.925,-0.1],[114.912,-0.08],[114.906,-0.05],[114.893,-0.026],[114.889,0.023],[114.895,0.04],[114.876,0.055],[114.861,0.054],[114.832,0.074],[114.814,0.067],[114.794,0.086],[114.793,0.119],[114.809,0.14],[114.813,0.162],[114.802,0.172],[114.829,0.195],[114.833,0.227],[114.864,0.238],[114.872,0.271],[114.901,0.316],[114.934,0.332],[114.955,0.319],[114.979,0.33],[114.998,0.321],[115.023,0.33],[115.047,0.298],[115.055,0.318],[115.129,0.375],[115.133,0.432],[115.094,0.47],[115.082,0.5],[115.05,0.539],[115.011,0.607],[115,0.673],[114.989,0.718],[114.979,0.739],[114.958,0.762],[114.917,0.777],[114.862,0.737],[114.834,0.754],[114.782,0.727],[114.75,0.726],[114.717,0.701],[114.695,0.713],[114.665,0.703],[114.654,0.678],[114.639,0.671],[114.62,0.643],[114.567,0.625],[114.545,0.63],[114.546,0.601],[114.531,0.559],[114.489,0.571],[114.463,0.562],[114.435,0.543],[114.438,0.519],[114.427,0.502],[114.407,0.495],[114.364,0.53],[114.322,0.541],[114.292,0.538],[114.248,0.523],[114.203,0.54],[114.188,0.586],[114.167,0.583],[114.159,0.599],[114.179,0.616],[114.177,0.64],[114.158,0.659],[114.13,0.67],[114.127,0.691],[114.091,0.698],[114.053,0.67],[114.027,0.671],[114.005,0.649],[113.985,0.666],[113.966,0.657],[113.914,0.657],[113.886,0.642],[113.88,0.66],[113.843,0.666],[113.809,0.634],[113.802,0.606],[113.779,0.59],[113.775,0.566],[113.759,0.565],[113.734,0.538],[113.72,0.535],[113.669,0.49],[113.657,0.439],[113.634,0.425],[113.586,0.405],[113.575,0.382],[113.515,0.334],[113.514,0.321],[113.458,0.276],[113.438,0.265],[113.407,0.264],[113.357,0.278],[113.323,0.273],[113.271,0.241],[113.325,0.18],[113.379,0.155],[113.408,0.137],[113.421,0.116],[113.411,0.099],[113.415,0.084],[113.41,0.05],[113.44,0.014],[113.419,-0.039],[113.421,-0.054],[113.44,-0.062],[113.44,-0.076],[113.423,-0.096],[113.421,-0.142],[113.414,-0.159],[113.386,-0.169],[113.375,-0.195],[113.353,-0.224],[113.324,-0.238],[113.298,-0.24],[113.279,-0.255],[113.275,-0.271],[113.235,-0.296],[113.228,-0.328],[113.208,-0.339],[113.262,-0.392],[113.265,-0.42],[113.307,-0.382],[113.365,-0.319],[113.407,-0.305],[113.442,-0.303],[113.49,-0.326],[113.536,-0.342],[113.579,-0.374],[113.624,-0.393],[113.681,-0.401],[113.714,-0.411],[113.747,-0.455],[113.761,-0.484],[113.776,-0.473],[113.776,-0.431],[113.796,-0.433],[113.826,-0.453],[113.885,-0.458],[113.902,-0.469],[113.929,-0.458],[113.928,-0.405],[113.943,-0.386],[113.973,-0.375],[113.991,-0.381],[114.012,-0.416],[114.029,-0.484],[114.061,-0.541],[114.069,-0.586],[114.108,-0.689],[114.124,-0.758],[114.134,-0.783],[114.184,-0.812],[114.228,-0.859],[114.246,-0.867],[114.27,-0.865],[114.343,-0.845],[114.406,-0.833],[114.459,-0.834],[114.508,-0.848],[114.569,-0.858],[114.624,-0.815],[114.67,-0.776],[114.723,-0.751],[114.874,-0.736],[114.908,-0.707],[114.946,-0.659],[115.017,-0.558],[115.043,-0.512],[115.035,-0.465],[115.031,-0.405],[115.052,-0.367],[115.057,-0.323],[115.054,-0.247],[115.067,-0.166]]]},"properties":{"name":"Murung Raya"}},
{"type":"Feature","geometry":{"type":"Polygon","coordinates":[[[104.153,-1.725],[103.892,-1.793],[103.664,-1.849],[103.626,-1.844],[103.607,-1.849],[103.58,-1.868],[103.538,-1.889],[103.52,-1.909],[103.51,-1.962],[103.56,-2],[103.554,-2.042],[103.538,-2.049],[103.514,-2.084],[103.517,-2.104],[103.531,-2.125],[103.549,-2.138],[103.528,-2.167],[103.499,-2.177],[103.459,-2.181],[103.451,-2.209],[103.466,-2.25],[103.46,-2.297],[103.431,-2.336],[103.41,-2.333],[103.393,-2.296],[103.366,-2.284],[103.337,-2.249],[103.326,-2.222],[103.297,-2.206],[103.293,-2.188],[103.26,-2.139],[103.222,-2.142],[103.207,-2.142],[103.185,-2.166],[103.179,-2.208],[103.18,-2.25],[103.195,-2.256],[103.206,-2.277],[103.205,-2.317],[103.17,-2.333],[103.144,-2.36],[103.124,-2.357],[103.112,-2.344],[103.068,-2.331],[103.055,-2.312],[103.033,-2.321],[103.026,-2.34],[103.004,-2.336],[103.015,-2.365],[103.014,-2.39],[103.035,-2.397],[103.059,-2.421],[103.068,-2.441],[103.115,-2.467],[103.133,-2.458],[103.157,-2.473],[103.159,-2.504],[103.185,-2.505],[103.201,-2.528],[103.241,-2.515],[103.244,-2.488],[103.265,-2.467],[103.276,-2.499],[103.324,-2.537],[103.334,-2.532],[103.366,-2.585],[103.366,-2.606],[103.343,-2.668],[103.342,-2.695],[103.309,-2.731],[103.271,-2.753],[103.338,-2.823],[103.354,-2.851],[103.431,-2.877],[103.411,-2.925],[103.439,-2.948],[103.482,-3.037],[103.5,-3.032],[103.512,-3.078],[103.54,-3.099],[103.559,-3.097],[103.594,-3.136],[103.595,-3.16],[103.616,-3.18],[103.638,-3.188],[103.645,-3.205],[103.634,-3.219],[103.649,-3.246],[103.668,-3.257],[103.706,-3.238],[103.717,-3.262],[103.741,-3.267],[103.774,-3.254],[103.789,-3.195],[103.784,-3.176],[103.809,-3.131],[103.844,-3.089],[103.886,-3.079],[103.891,-3.057],[103.912,-3.024],[103.939,-3.016],[103.949,-3.005],[104.027,-3.029],[104.067,-3.004],[104.128,-3.007],[104.141,-3.046],[104.167,-3.055],[104.188,-3.052],[104.179,-3.02],[104.175,-2.969],[104.184,-2.903],[104.177,-2.886],[104.132,-2.864],[104.132,-2.855],[104.169,-2.814],[104.183,-2.791],[104.247,-2.725],[104.228,-2.709],[104.283,-2.662],[104.239,-2.645],[104.222,-2.6],[104.197,-2.591],[104.159,-2.562],[104.134,-2.55],[104.113,-2.565],[104.073,-2.539],[104.076,-2.526],[104.102,-2.507],[104.066,-2.454],[104.106,-2.426],[104.128,-2.432],[104.167,-2.46],[104.208,-2.501],[104.231,-2.515],[104.275,-2.519],[104.299,-2.507],[104.323,-2.479],[104.36,-2.455],[104.459,-2.438],[104.506,-2.418],[104.536,-2.396],[104.577,-2.383],[104.653,-2.327],[104.655,-2.32],[104.636,-2.265],[104.624,-2.252],[104.594,-2.249],[104.563,-2.263],[104.545,-2.263],[104.479,-2.228],[104.428,-2.185],[104.376,-2.11],[104.36,-2.071],[104.319,-2.028],[104.242,-1.937],[104.212,-1.889],[104.163,-1.793],[104.153,-1.725]]]},"properties":{"name":"Musi Banyuasin"}},
{"type":"Feature","geometry":{"type":"Polygon","coordinates":[[[103.195,-3.49],[103.202,-3.502],[103.266,-3.504],[103.317,-3.511],[103.337,-3.53],[103.374,-3.535],[103.418,-3.53],[103.445,-3.51],[103.484,-3.509],[103.499,-3.515],[103.499,-3.549],[103.516,-3.598],[103.537,-3.593],[103.539,-3.548],[103.549,-3.522],[103.541,-3.493],[103.561,-3.481],[103.572,-3.455],[103.586,-3.461],[103.614,-3.42],[103.616,-3.387],[103.625,-3.357],[103.617,-3.33],[103.607,-3.289],[103.624,-3.276],[103.632,-3.256],[103.649,-3.246],[103.634,-3.219],[103.645,-3.205],[103.638,-3.188],[103.616,-3.18],[103.595,-3.16],[103.594,-3.136],[103.559,-3.097],[103.54,-3.099],[103.512,-3.078],[103.5,-3.032],[103.482,-3.037],[103.439,-2.948],[103.411,-2.925],[103.431,-2.877],[103.354,-2.851],[103.338,-2.823],[103.271,-2.753],[103.236,-2.762],[103.227,-2.756],[103.174,-2.758],[103.144,-2.778],[103.101,-2.782],[103.101,-2.843],[103.034,-2.853],[103.017,-2.852],[102.982,-2.869],[102.949,-2.878],[102.904,-2.883],[102.915,-2.932],[102.876,-2.924],[102.872,-2.971],[102.848,-2.99],[102.81,-2.998],[102.77,-2.992],[102.738,-3.013],[102.724,-3.004],[102.682,-3.013],[102.673,-3.029],[102.586,-3.058],[102.552,-3.084],[102.486,-3.108],[102.489,-3.157],[102.494,-3.164],[102.489,-3.208],[102.506,-3.215],[102.49,-3.239],[102.498,-3.26],[102.528,-3.287],[102.557,-3.296],[102.57,-3.315],[102.596,-3.333],[102.633,-3.343],[102.688,-3.319],[102.744,-3.316],[102.76,-3.284],[102.779,-3.258],[102.798,-3.254],[102.816,-3.236],[102.809,-3.205],[102.813,-3.175],[102.832,-3.175],[102.836,-3.151],[102.86,-3.129],[102.881,-3.157],[102.91,-3.161],[102.916,-3.191],[102.935,-3.206],[102.948,-3.253],[102.97,-3.261],[102.966,-3.362],[102.989,-3.37],[102.996,-3.391],[102.992,-3.412],[103.042,-3.423],[103.058,-3.434],[103.112,-3.488],[103.136,-3.483],[103.176,-3.464],[103.195,-3.49]]]},"properties":{"name":"Musi Rawas"}},
{"type":"Feature","geometry":{"type":"Polygon","coordinates":[[[102.486,-3.108],[102.552,-3.084],[102.586,-3.058],[102.673,-3.029],[102.682,-3.013],[102.724,-3.004],[102.738,-3.013],[102.77,-2.992],[102.81,-2.998],[102.848,-2.99],[102.872,-2.971],[102.876,-2.924],[102.915,-2.932],[102.904,-2.883],[102.949,-2.878],[102.982,-2.869],[103.017,-2.852],[103.034,-2.853],[103.101,-2.843],[103.101,-2.782],[103.144,-2.778],[103.174,-2.758],[103.227,-2.756],[103.236,-2.762],[103.271,-2.753],[103.309,-2.731],[103.342,-2.695],[103.343,-2.668],[103.366,-2.606],[103.366,-2.585],[103.334,-2.532],[103.324,-2.537],[103.276,-2.499],[103.265,-2.467],[103.244,-2.488],[103.241,-2.515],[103.201,-2.528],[103.185,-2.505],[103.159,-2.504],[103.157,-2.473],[103.133,-2.458],[103.115,-2.467],[103.068,-2.441],[103.059,-2.421],[103.035,-2.397],[103.014,-2.39],[103.015,-2.365],[103.004,-2.336],[102.989,-2.34],[102.968,-2.329],[102.923,-2.323],[102.877,-2.305],[102.859,-2.332],[102.844,-2.335],[102.84,-2.359],[102.85,-2.386],[102.864,-2.387],[102.875,-2.41],[102.845,-2.438],[102.794,-2.505],[102.796,-2.533],[102.76,-2.55],[102.739,-2.579],[102.697,-2.584],[102.666,-2.61],[102.641,-2.611],[102.616,-2.661],[102.591,-2.68],[102.526,-2.679],[102.488,-2.706],[102.45,-2.699],[102.439,-2.691],[102.406,-2.689],[102.39,-2.676],[102.392,-2.653],[102.353,-2.646],[102.325,-2.654],[102.281,-2.614],[102.259,-2.621],[102.246,-2.643],[102.235,-2.691],[102.166,-2.714],[102.116,-2.736],[102.087,-2.77],[102.075,-2.766],[102.068,-2.768],[102.072,-2.793],[102.093,-2.81],[102.114,-2.816],[102.13,-2.836],[102.133,-2.876],[102.164,-2.896],[102.182,-2.901],[102.194,-2.918],[102.225,-2.928],[102.237,-2.997],[102.257,-3.037],[102.284,-3.038],[102.321,-3.07],[102.37,-3.055],[102.39,-3.044],[102.403,-3.053],[102.436,-3.055],[102.467,-3.08],[102.486,-3.108]]]},"properties":{"name":"Musi Rawas Utara"}},
{"type":"Feature","geometry":{"type":"MultiPolygon","coordinates":[[[[135.799,-3.033],[135.77,-3.045],[135.779,-3.058],[135.799,-3.033]]],[[[135.772,-2.936],[135.74,-2.937],[135.71,-2.973],[135.731,-2.983],[135.741,-2.969],[135.771,-2.959],[135.772,-2.936]]],[[[135.73,-2.912],[135.689,-2.926],[135.682,-2.944],[135.733,-2.921],[135.73,-2.912]]],[[[134.823,-2.684],[134.807,-2.686],[134.802,-2.708],[134.837,-2.725],[134.863,-2.709],[134.85,-2.69],[134.823,-2.684]]],[[[136.056,-3.723],[136.032,-3.711],[136.016,-3.691],[136.012,-3.66],[136.001,-3.629],[135.985,-3.618],[135.961,-3.571],[135.972,-3.55],[136.001,-3.535],[136.185,-3.452],[136.3,-3.402],[136.344,-3.377],[136.392,-3.352],[136.394,-3.313],[136.391,-3.279],[136.381,-3.266],[136.379,-3.236],[136.356,-3.187],[136.321,-3.164],[136.314,-3.133],[136.336,-3.099],[136.329,-3.067],[136.334,-3.051],[136.323,-3.019],[136.307,-3.004],[136.297,-2.974],[136.305,-2.952],[136.3,-2.912],[136.266,-2.886],[136.261,-2.854],[136.229,-2.829],[136.216,-2.81],[136.183,-2.794],[136.163,-2.8],[136.136,-2.752],[136.098,-2.755],[136.09,-2.764],[136.056,-2.767],[136.044,-2.746],[136.021,-2.741],[136.013,-2.718],[135.976,-2.759],[135.948,-2.786],[135.951,-2.819],[135.933,-2.853],[135.905,-2.87],[135.925,-2.884],[135.935,-2.905],[135.932,-2.938],[135.911,-2.975],[135.894,-2.977],[135.88,-2.992],[135.827,-3.014],[135.817,-3.039],[135.774,-3.061],[135.757,-3.05],[135.73,-3.075],[135.76,-3.083],[135.765,-3.097],[135.746,-3.12],[135.718,-3.127],[135.702,-3.149],[135.684,-3.157],[135.641,-3.163],[135.596,-3.194],[135.584,-3.214],[135.584,-3.236],[135.569,-3.241],[135.558,-3.301],[135.504,-3.356],[135.452,-3.377],[135.421,-3.366],[135.386,-3.381],[135.329,-3.395],[135.312,-3.387],[135.24,-3.376],[135.204,-3.381],[135.151,-3.371],[135.132,-3.381],[135.098,-3.373],[135.087,-3.345],[135.048,-3.329],[135.022,-3.34],[134.985,-3.328],[134.945,-3.284],[134.952,-3.248],[134.926,-3.237],[134.908,-3.259],[134.861,-3.25],[134.869,-3.232],[134.851,-3.207],[134.863,-3.186],[134.862,-3.159],[134.808,-3.124],[134.814,-3.103],[134.81,-3.063],[134.818,-3.051],[134.813,-3.022],[134.819,-3.012],[134.853,-3.002],[134.831,-2.968],[134.85,-2.954],[134.846,-2.899],[134.83,-2.881],[134.824,-2.918],[134.807,-2.915],[134.798,-2.951],[134.777,-2.941],[134.777,-2.986],[134.751,-2.993],[134.73,-2.98],[134.701,-2.974],[134.689,-2.964],[134.692,-2.934],[134.677,-2.92],[134.691,-2.896],[134.669,-2.866],[134.662,-2.816],[134.67,-2.807],[134.657,-2.771],[134.662,-2.757],[134.656,-2.677],[134.663,-2.613],[134.654,-2.574],[134.652,-2.534],[134.643,-2.505],[134.621,-2.488],[134.599,-2.489],[134.624,-2.7],[134.657,-2.962],[134.704,-3.346],[134.726,-3.364],[134.727,-3.409],[134.636,-3.543],[134.748,-3.58],[134.889,-3.631],[135.001,-3.661],[135.117,-3.703],[135.164,-3.727],[135.258,-3.752],[135.203,-3.82],[135.282,-3.84],[135.377,-3.866],[135.407,-3.862],[135.462,-3.867],[135.524,-3.908],[135.548,-3.932],[135.579,-3.934],[135.6,-3.907],[135.622,-3.904],[135.663,-3.885],[135.692,-3.866],[135.716,-3.869],[135.747,-3.86],[135.79,-3.859],[135.808,-3.843],[135.839,-3.838],[135.861,-3.841],[135.882,-3.816],[135.885,-3.783],[135.941,-3.777],[135.966,-3.767],[136.001,-3.762],[136.021,-3.735],[136.056,-3.723]]]]},"properties":{"name":"Nabire"}},
{"type":"Feature","geometry":{"type":"Polygon","coordinates":[[[96.192,4.107],[96.235,4.057],[96.296,3.983],[96.385,3.849],[96.454,3.784],[96.516,3.737],[96.544,3.729],[96.618,3.735],[96.624,3.739],[96.606,3.776],[96.617,3.792],[96.61,3.813],[96.583,3.839],[96.604,3.915],[96.635,3.96],[96.684,3.99],[96.697,3.988],[96.719,4.012],[96.73,4.041],[96.725,4.097],[96.735,4.134],[96.751,4.171],[96.786,4.201],[96.802,4.223],[96.795,4.241],[96.793,4.286],[96.821,4.285],[96.792,4.305],[96.778,4.327],[96.749,4.342],[96.678,4.364],[96.648,4.377],[96.632,4.399],[96.618,4.4],[96.584,4.42],[96.599,4.447],[96.604,4.477],[96.588,4.519],[96.59,4.552],[96.582,4.573],[96.559,4.592],[96.527,4.604],[96.491,4.623],[96.494,4.573],[96.487,4.551],[96.463,4.545],[96.44,4.51],[96.48,4.458],[96.453,4.433],[96.422,4.421],[96.372,4.417],[96.372,4.393],[96.342,4.38],[96.329,4.367],[96.296,4.368],[96.297,4.351],[96.286,4.289],[96.286,4.27],[96.27,4.244],[96.268,4.217],[96.278,4.183],[96.279,4.155],[96.247,4.126],[96.192,4.107]]]},"properties":{"name":"Nagan Raya"}},
{"type":"Feature","geometry":{"type":"Polygon","coordinates":[[[121.52,-8.614],[121.498,-8.589],[121.467,-8.563],[121.418,-8.592],[121.413,-8.578],[121.37,-8.564],[121.344,-8.547],[121.325,-8.524],[121.308,-8.482],[121.268,-8.464],[121.244,-8.469],[121.217,-8.461],[121.191,-8.438],[121.173,-8.441],[121.18,-8.459],[121.162,-8.476],[121.184,-8.5],[121.184,-8.512],[121.142,-8.56],[121.132,-8.583],[121.126,-8.641],[121.111,-8.672],[121.124,-8.704],[121.1,-8.736],[121.102,-8.774],[121.124,-8.793],[121.14,-8.843],[121.122,-8.856],[121.115,-8.875],[121.139,-8.898],[121.184,-8.885],[121.199,-8.894],[121.269,-8.886],[121.299,-8.908],[121.342,-8.905],[121.369,-8.879],[121.368,-8.825],[121.377,-8.797],[121.416,-8.788],[121.417,-8.744],[121.398,-8.728],[121.4,-8.712],[121.426,-8.686],[121.432,-8.671],[121.455,-8.67],[121.495,-8.639],[121.519,-8.635],[121.52,-8.614]]]},"properties":{"name":"Nagekeo"}},
{"type":"Feature","geometry":{"type":"MultiPolygon","coordinates":[[[[108.998,2.559],[108.978,2.557],[108.98,2.521],[109.005,2.532],[109.022,2.522],[109.007,2.49],[109.029,2.482],[109.054,2.495],[109.087,2.492],[109.118,2.508],[109.115,2.527],[109.078,2.521],[109.027,2.538],[109.02,2.554],[108.998,2.559]]],[[[108.868,3.01],[108.842,3.002],[108.835,2.986],[108.837,2.951],[108.828,2.935],[108.774,2.892],[108.788,2.863],[108.82,2.843],[108.848,2.851],[108.877,2.888],[108.886,2.938],[108.889,3.004],[108.868,3.01]]],[[[107.787,3.02],[107.753,3.008],[107.754,2.978],[107.769,2.974],[107.8,2.981],[107.804,3.012],[107.787,3.02]]],[[[108.841,3.055],[108.852,3.023],[108.868,3.039],[108.841,3.055]]],[[[108.104,3.637],[108.079,3.615],[108.066,3.589],[108.121,3.607],[108.125,3.623],[108.104,3.637]]],[[[108.055,3.669],[108.055,3.638],[108.082,3.634],[108.075,3.664],[108.055,3.669]]],[[[108.002,3.818],[108.016,3.804],[108.014,3.778],[108.035,3.775],[108.028,3.808],[108.002,3.818]]],[[[107.898,3.913],[107.895,3.893],[107.911,3.882],[107.921,3.901],[107.898,3.913]]],[[[108.22,4.229],[108.206,4.224],[108.2,4.204],[108.174,4.164],[108.146,4.137],[108.134,4.135],[108.104,4.107],[108.089,4.103],[108.074,4.067],[108.058,4.055],[108.033,4.057],[108.014,4.027],[107.974,4.014],[107.994,3.982],[107.987,3.954],[107.999,3.928],[108.031,3.893],[108.018,3.885],[108.045,3.864],[108.063,3.834],[108.086,3.833],[108.093,3.821],[108.118,3.826],[108.155,3.804],[108.207,3.802],[108.227,3.777],[108.25,3.765],[108.266,3.736],[108.265,3.718],[108.219,3.76],[108.188,3.783],[108.152,3.755],[108.115,3.739],[108.11,3.709],[108.094,3.692],[108.098,3.679],[108.144,3.664],[108.149,3.643],[108.19,3.646],[108.196,3.657],[108.225,3.664],[108.296,3.658],[108.305,3.671],[108.305,3.717],[108.332,3.76],[108.352,3.764],[108.366,3.783],[108.387,3.794],[108.397,3.827],[108.389,3.868],[108.367,3.893],[108.39,3.896],[108.394,3.917],[108.382,3.932],[108.402,3.966],[108.374,3.987],[108.347,3.998],[108.346,4.016],[108.293,4.062],[108.3,4.083],[108.266,4.091],[108.234,4.128],[108.229,4.143],[108.229,4.2],[108.22,4.229]]],[[[108.007,4.775],[107.992,4.769],[107.967,4.719],[107.929,4.68],[107.965,4.669],[107.986,4.7],[108.007,4.775]]]]},"properties":{"name":"Natuna"}},
{"type":"Feature","geometry":{"type":"Polygon","coordinates":[[[138.869,-4.728],[138.865,-4.664],[138.858,-4.638],[138.857,-4.6],[138.834,-4.557],[138.849,-4.499],[138.839,-4.267],[138.709,-4.329],[138.715,-4.442],[138.72,-4.472],[138.623,-4.486],[138.601,-4.437],[138.593,-4.402],[138.594,-4.379],[138.609,-4.352],[138.61,-4.329],[138.629,-4.288],[138.66,-4.244],[138.705,-4.193],[138.726,-4.173],[138.68,-4.149],[138.64,-4.138],[138.599,-4.141],[138.581,-4.183],[138.555,-4.192],[138.505,-4.188],[138.459,-4.19],[138.415,-4.181],[138.377,-4.183],[138.33,-4.192],[138.294,-4.188],[138.237,-4.155],[138.161,-4.137],[138.125,-4.134],[138.004,-4.137],[137.895,-4.147],[137.866,-4.155],[137.842,-4.15],[137.816,-4.131],[137.74,-4.145],[137.678,-4.172],[137.668,-4.434],[137.665,-4.474],[137.628,-4.522],[137.597,-4.572],[137.579,-4.584],[137.569,-4.615],[137.577,-4.652],[137.751,-4.628],[137.87,-4.606],[137.913,-4.606],[137.966,-4.598],[138.112,-4.628],[138.137,-4.631],[138.341,-4.678],[138.583,-4.726],[138.643,-4.74],[138.718,-4.741],[138.825,-4.728],[138.869,-4.728]]]},"properties":{"name":"Nduga"}},
{"type":"Feature","geometry":{"type":"Polygon","coordinates":[[[120.819,-8.836],[120.848,-8.834],[120.874,-8.887],[120.913,-8.921],[120.949,-8.941],[121.015,-8.956],[121.057,-8.948],[121.066,-8.937],[121.139,-8.898],[121.115,-8.875],[121.122,-8.856],[121.14,-8.843],[121.124,-8.793],[121.102,-8.774],[121.1,-8.736],[121.124,-8.704],[121.111,-8.672],[121.126,-8.641],[121.132,-8.583],[121.142,-8.56],[121.184,-8.512],[121.184,-8.5],[121.162,-8.476],[121.18,-8.459],[121.173,-8.441],[121.146,-8.43],[121.115,-8.428],[121.074,-8.413],[121.024,-8.414],[121.01,-8.392],[120.99,-8.392],[120.979,-8.376],[120.984,-8.349],[120.944,-8.348],[120.95,-8.371],[120.942,-8.4],[120.913,-8.444],[120.915,-8.478],[120.881,-8.478],[120.868,-8.5],[120.852,-8.504],[120.851,-8.538],[120.874,-8.563],[120.861,-8.573],[120.881,-8.602],[120.883,-8.661],[120.879,-8.687],[120.844,-8.709],[120.855,-8.751],[120.834,-8.789],[120.819,-8.836]]]},"properties":{"name":"Ngada"}},
{"type":"Feature","geometry":{"type":"Polygon","coordinates":[[[111.8,-7.461],[111.818,-7.473],[111.822,-7.493],[111.842,-7.498],[111.834,-7.549],[111.802,-7.549],[111.786,-7.603],[111.784,-7.647],[111.762,-7.678],[111.753,-7.705],[111.734,-7.725],[111.728,-7.779],[111.752,-7.801],[111.786,-7.833],[111.799,-7.837],[111.843,-7.793],[111.882,-7.764],[111.905,-7.736],[111.928,-7.723],[111.954,-7.679],[111.982,-7.684],[111.988,-7.724],[112.006,-7.757],[112.027,-7.726],[112.063,-7.721],[112.076,-7.701],[112.076,-7.679],[112.098,-7.644],[112.112,-7.591],[112.112,-7.565],[112.134,-7.535],[112.151,-7.529],[112.152,-7.504],[112.169,-7.49],[112.157,-7.466],[112.123,-7.455],[112.084,-7.475],[112.081,-7.452],[112.063,-7.417],[112.069,-7.397],[112.024,-7.396],[112.012,-7.406],[111.971,-7.405],[111.959,-7.428],[111.94,-7.44],[111.905,-7.433],[111.878,-7.441],[111.862,-7.436],[111.821,-7.44],[111.8,-7.461]]]},"properties":{"name":"Nganjuk"}},
{"type":"Feature","geometry":{"type":"Polygon","coordinates":[[[111.212,-7.247],[111.178,-7.264],[111.149,-7.264],[111.14,-7.284],[111.145,-7.36],[111.139,-7.386],[111.119,-7.423],[111.135,-7.462],[111.133,-7.475],[111.154,-7.51],[111.148,-7.525],[111.153,-7.563],[111.169,-7.59],[111.194,-7.62],[111.261,-7.598],[111.294,-7.602],[111.354,-7.57],[111.371,-7.57],[111.381,-7.54],[111.411,-7.538],[111.438,-7.521],[111.467,-7.51],[111.502,-7.514],[111.51,-7.537],[111.536,-7.546],[111.57,-7.524],[111.611,-7.476],[111.637,-7.463],[111.671,-7.41],[111.631,-7.39],[111.614,-7.37],[111.575,-7.349],[111.56,-7.363],[111.524,-7.372],[111.514,-7.363],[111.472,-7.357],[111.462,-7.362],[111.453,-7.375],[111.416,-7.349],[111.382,-7.347],[111.347,-7.323],[111.333,-7.321],[111.286,-7.289],[111.244,-7.285],[111.212,-7.247]]]},"properties":{"name":"Ngawi"}},
{"type":"Feature","geometry":{"type":"Polygon","coordinates":[[[97.51,1.274],[97.494,1.261],[97.501,1.238],[97.484,1.214],[97.489,1.201],[97.489,1.153],[97.531,1.146],[97.545,1.135],[97.574,1.124],[97.57,1.095],[97.636,1.068],[97.613,1.03],[97.628,1.014],[97.661,0.999],[97.685,1.007],[97.691,0.996],[97.694,0.933],[97.732,0.948],[97.751,0.95],[97.767,0.935],[97.791,0.934],[97.81,0.92],[97.833,0.931],[97.857,0.885],[97.885,0.89],[97.902,0.885],[97.919,0.922],[97.947,0.957],[97.928,0.995],[97.918,1.027],[97.897,1.054],[97.868,1.055],[97.834,1.093],[97.828,1.111],[97.801,1.15],[97.765,1.154],[97.737,1.166],[97.69,1.178],[97.663,1.139],[97.677,1.112],[97.646,1.1],[97.593,1.11],[97.626,1.174],[97.621,1.195],[97.576,1.201],[97.565,1.258],[97.58,1.269],[97.541,1.285],[97.51,1.274]]]},"properties":{"name":"Nias"}},
{"type":"Feature","geometry":{"type":"Polygon","coordinates":[[[97.489,1.153],[97.47,1.139],[97.469,1.125],[97.487,1.103],[97.478,1.087],[97.458,1.107],[97.432,1.091],[97.398,1.093],[97.369,1.079],[97.398,1.015],[97.411,0.947],[97.484,0.939],[97.51,0.922],[97.545,0.887],[97.567,0.925],[97.541,0.938],[97.549,0.964],[97.537,0.979],[97.552,1.001],[97.581,1.007],[97.613,1.03],[97.636,1.068],[97.57,1.095],[97.574,1.124],[97.545,1.135],[97.531,1.146],[97.489,1.153]]]},"properties":{"name":"Nias Barat"}},
{"type":"Feature","geometry":{"type":"MultiPolygon","coordinates":[[[[98.502,-0.595],[98.49,-0.619],[98.518,-0.639],[98.521,-0.62],[98.502,-0.595]]],[[[98.429,-0.249],[98.43,-0.278],[98.439,-0.305],[98.384,-0.343],[98.382,-0.37],[98.373,-0.38],[98.378,-0.408],[98.376,-0.458],[98.355,-0.471],[98.345,-0.519],[98.335,-0.541],[98.359,-0.546],[98.395,-0.564],[98.415,-0.586],[98.417,-0.554],[98.437,-0.538],[98.45,-0.545],[98.474,-0.532],[98.491,-0.572],[98.506,-0.542],[98.483,-0.52],[98.506,-0.494],[98.505,-0.43],[98.514,-0.414],[98.512,-0.393],[98.524,-0.372],[98.516,-0.348],[98.501,-0.337],[98.491,-0.301],[98.477,-0.29],[98.447,-0.249],[98.429,-0.249]]],[[[98.19,-0.143],[98.203,-0.132],[98.199,-0.107],[98.182,-0.118],[98.19,-0.143]]],[[[98.335,-0.095],[98.318,-0.103],[98.32,-0.125],[98.337,-0.13],[98.335,-0.095]]],[[[97.89,-0.062],[97.841,-0.063],[97.855,-0.089],[97.899,-0.101],[97.89,-0.062]]],[[[98.313,-0.046],[98.311,-0.064],[98.325,-0.09],[98.345,-0.081],[98.328,-0.053],[98.313,-0.046]]],[[[98.386,0.006],[98.355,0.006],[98.321,-0.014],[98.329,-0.036],[98.35,-0.041],[98.377,-0.1],[98.375,-0.115],[98.389,-0.137],[98.413,-0.158],[98.433,-0.186],[98.436,-0.212],[98.47,-0.25],[98.506,-0.299],[98.503,-0.308],[98.536,-0.353],[98.553,-0.333],[98.566,-0.332],[98.573,-0.28],[98.547,-0.246],[98.493,-0.21],[98.496,-0.189],[98.482,-0.17],[98.477,-0.147],[98.484,-0.123],[98.469,-0.108],[98.47,-0.093],[98.446,-0.074],[98.437,-0.049],[98.415,-0.02],[98.415,0.002],[98.391,-0.005],[98.386,0.006]]],[[[98.613,0.181],[98.566,0.173],[98.526,0.133],[98.537,0.101],[98.654,0.073],[98.673,0.081],[98.743,0.077],[98.77,0.083],[98.779,0.095],[98.848,0.084],[98.855,0.113],[98.842,0.135],[98.8,0.17],[98.774,0.172],[98.762,0.162],[98.742,0.165],[98.723,0.157],[98.711,0.173],[98.62,0.174],[98.613,0.181]]],[[[97.613,1.03],[97.581,1.007],[97.552,1.001],[97.537,0.979],[97.549,0.964],[97.541,0.938],[97.567,0.925],[97.545,0.887],[97.559,0.866],[97.602,0.839],[97.608,0.817],[97.632,0.8],[97.629,0.79],[97.655,0.744],[97.65,0.733],[97.666,0.701],[97.661,0.677],[97.693,0.624],[97.694,0.602],[97.684,0.585],[97.71,0.561],[97.742,0.58],[97.755,0.554],[97.779,0.564],[97.837,0.558],[97.86,0.595],[97.879,0.601],[97.9,0.63],[97.895,0.639],[97.894,0.737],[97.891,0.767],[97.912,0.799],[97.91,0.815],[97.895,0.826],[97.895,0.857],[97.902,0.885],[97.885,0.89],[97.857,0.885],[97.833,0.931],[97.81,0.92],[97.791,0.934],[97.767,0.935],[97.751,0.95],[97.732,0.948],[97.694,0.933],[97.691,0.996],[97.685,1.007],[97.661,0.999],[97.628,1.014],[97.613,1.03]]]]},"properties":{"name":"Nias Selatan"}},
{"type":"Feature","geometry":{"type":"Polygon","coordinates":[[[97.521,1.423],[97.509,1.445],[97.496,1.449],[97.489,1.473],[97.472,1.479],[97.442,1.472],[97.422,1.518],[97.395,1.499],[97.378,1.522],[97.353,1.541],[97.335,1.524],[97.352,1.503],[97.346,1.482],[97.311,1.455],[97.292,1.448],[97.276,1.419],[97.24,1.407],[97.228,1.412],[97.207,1.401],[97.184,1.399],[97.136,1.432],[97.101,1.406],[97.155,1.362],[97.184,1.323],[97.196,1.293],[97.218,1.274],[97.245,1.261],[97.262,1.242],[97.256,1.228],[97.285,1.204],[97.32,1.159],[97.369,1.079],[97.398,1.093],[97.432,1.091],[97.458,1.107],[97.478,1.087],[97.487,1.103],[97.469,1.125],[97.47,1.139],[97.489,1.153],[97.489,1.201],[97.484,1.214],[97.501,1.238],[97.494,1.261],[97.51,1.274],[97.471,1.347],[97.478,1.372],[97.504,1.41],[97.521,1.423]]]},"properties":{"name":"Nias Utara"}},
{"type":"Feature","geometry":{"type":"MultiPolygon","coordinates":[[[[117.491,3.684],[117.482,3.709],[117.449,3.699],[117.467,3.671],[117.491,3.684]]],[[[117.799,3.782],[117.797,3.759],[117.816,3.758],[117.815,3.778],[117.799,3.782]]],[[[117.742,3.782],[117.717,3.785],[117.704,3.773],[117.752,3.765],[117.784,3.755],[117.766,3.785],[117.742,3.782]]],[[[117.704,3.781],[117.726,3.817],[117.695,3.813],[117.704,3.781]]],[[[117.735,3.873],[117.71,3.861],[117.735,3.841],[117.735,3.82],[117.784,3.79],[117.823,3.783],[117.835,3.795],[117.826,3.81],[117.769,3.849],[117.76,3.864],[117.735,3.873]]],[[[117.523,4.028],[117.5,4.053],[117.464,4.03],[117.443,4.006],[117.456,3.987],[117.466,3.961],[117.46,3.931],[117.497,3.916],[117.526,3.929],[117.569,3.916],[117.602,3.883],[117.657,3.89],[117.682,3.887],[117.679,3.912],[117.644,3.911],[117.597,3.933],[117.577,3.97],[117.555,3.985],[117.548,4.015],[117.523,4.028]]],[[[117.554,4.099],[117.575,4.118],[117.589,4.141],[117.554,4.139],[117.536,4.116],[117.554,4.099]]],[[[117.661,4.147],[117.629,4.135],[117.589,4.079],[117.603,4.011],[117.626,3.989],[117.664,3.968],[117.678,3.967],[117.726,3.986],[117.727,4.012],[117.744,4.035],[117.754,4.061],[117.714,4.094],[117.67,4.143],[117.661,4.147]]],[[[117.767,4.167],[117.683,4.167],[117.71,4.146],[117.731,4.121],[117.766,4.094],[117.811,4.069],[117.861,4.029],[117.896,4.043],[117.905,4.04],[117.926,4.065],[117.918,4.083],[117.926,4.127],[117.902,4.167],[117.767,4.167]]],[[[116.761,3.642],[116.761,3.66],[116.743,3.681],[116.771,3.695],[116.826,3.685],[116.886,3.703],[116.938,3.715],[116.956,3.715],[117.022,3.701],[117.093,3.681],[117.196,3.669],[117.231,3.661],[117.297,3.636],[117.329,3.638],[117.46,3.655],[117.49,3.67],[117.465,3.668],[117.455,3.676],[117.429,3.671],[117.443,3.701],[117.472,3.712],[117.484,3.745],[117.476,3.755],[117.481,3.765],[117.495,3.775],[117.507,3.768],[117.521,3.777],[117.531,3.768],[117.556,3.785],[117.579,3.782],[117.591,3.796],[117.599,3.776],[117.609,3.775],[117.63,3.781],[117.651,3.772],[117.656,3.784],[117.68,3.794],[117.695,3.814],[117.726,3.819],[117.734,3.837],[117.705,3.859],[117.667,3.879],[117.61,3.874],[117.582,3.885],[117.564,3.911],[117.533,3.925],[117.496,3.913],[117.46,3.928],[117.455,3.938],[117.464,3.956],[117.454,3.987],[117.438,4.013],[117.465,4.048],[117.474,4.071],[117.468,4.083],[117.418,4.094],[117.416,4.14],[117.485,4.11],[117.525,4.104],[117.548,4.142],[117.583,4.159],[117.584,4.179],[117.564,4.178],[117.53,4.161],[117.509,4.171],[117.468,4.174],[117.443,4.192],[117.426,4.216],[117.427,4.232],[117.375,4.273],[117.373,4.286],[117.344,4.29],[117.323,4.303],[117.291,4.315],[117.286,4.334],[117.245,4.374],[117.214,4.354],[117.201,4.335],[117.168,4.339],[117.143,4.351],[117.109,4.332],[117.086,4.334],[117.044,4.347],[117.022,4.319],[117.008,4.321],[117.011,4.344],[116.976,4.343],[116.912,4.369],[116.874,4.339],[116.836,4.326],[116.817,4.35],[116.798,4.339],[116.784,4.359],[116.753,4.391],[116.742,4.382],[116.735,4.353],[116.704,4.332],[116.674,4.351],[116.655,4.337],[116.632,4.336],[116.618,4.346],[116.615,4.377],[116.599,4.373],[116.565,4.391],[116.538,4.376],[116.528,4.327],[116.499,4.333],[116.48,4.302],[116.44,4.289],[116.438,4.323],[116.42,4.332],[116.405,4.359],[116.387,4.359],[116.381,4.376],[116.346,4.389],[116.325,4.384],[116.316,4.371],[116.294,4.372],[116.281,4.36],[116.221,4.382],[116.178,4.381],[116.162,4.375],[116.156,4.338],[116.135,4.329],[116.118,4.336],[116.096,4.314],[116.084,4.282],[116.074,4.277],[116.033,4.301],[116.033,4.329],[116.004,4.347],[115.978,4.358],[115.931,4.354],[115.91,4.391],[115.875,4.386],[115.866,4.318],[115.876,4.291],[115.826,4.26],[115.83,4.234],[115.803,4.22],[115.797,4.238],[115.768,4.245],[115.754,4.213],[115.733,4.209],[115.729,4.189],[115.704,4.192],[115.682,4.153],[115.676,4.123],[115.678,4.09],[115.664,4.06],[115.65,4.01],[115.65,3.987],[115.641,3.962],[115.619,3.937],[115.581,3.94],[115.568,3.919],[115.583,3.886],[115.619,3.868],[115.614,3.824],[115.589,3.777],[115.575,3.721],[115.584,3.698],[115.572,3.681],[115.572,3.649],[115.581,3.596],[115.59,3.578],[115.605,3.577],[115.613,3.553],[115.61,3.511],[115.633,3.467],[115.658,3.439],[115.691,3.406],[115.714,3.438],[115.743,3.448],[115.762,3.447],[115.769,3.463],[115.801,3.464],[115.805,3.489],[115.819,3.493],[115.851,3.486],[115.856,3.472],[115.884,3.47],[115.911,3.494],[115.968,3.523],[115.978,3.553],[115.952,3.596],[115.956,3.62],[115.935,3.638],[115.934,3.652],[115.912,3.69],[115.925,3.726],[115.928,3.753],[115.944,3.76],[115.949,3.777],[115.923,3.804],[115.924,3.835],[115.909,3.841],[115.92,3.894],[115.92,3.925],[115.933,3.951],[115.951,3.96],[115.952,3.997],[115.961,4.014],[115.965,4.047],[115.959,4.072],[115.96,4.108],[115.976,4.113],[115.99,4.094],[116.024,4.09],[116.032,4.08],[116.072,4.1],[116.086,4.118],[116.109,4.112],[116.126,4.121],[116.147,4.111],[116.162,4.091],[116.206,4.074],[116.223,4.079],[116.237,4.047],[116.275,4.041],[116.289,4.058],[116.301,4.049],[116.319,4.063],[116.355,4.034],[116.355,4.008],[116.384,3.983],[116.385,3.948],[116.421,3.867],[116.466,3.808],[116.478,3.781],[116.477,3.763],[116.489,3.745],[116.512,3.748],[116.547,3.72],[116.573,3.72],[116.58,3.693],[116.618,3.693],[116.661,3.703],[116.716,3.7],[116.731,3.691],[116.738,3.66],[116.761,3.642]]]]},"properties":{"name":"Nunukan"}},
{"type":"Feature","geometry":{"type":"Polygon","coordinates":[[[104.781,-3.052],[104.779,-3.034],[104.751,-3.039],[104.744,-3.064],[104.729,-3.074],[104.69,-3.056],[104.679,-3.068],[104.618,-3.111],[104.609,-3.102],[104.578,-3.094],[104.495,-3.096],[104.479,-3.116],[104.496,-3.174],[104.515,-3.205],[104.535,-3.215],[104.563,-3.215],[104.572,-3.24],[104.556,-3.264],[104.54,-3.268],[104.528,-3.302],[104.536,-3.354],[104.513,-3.388],[104.47,-3.405],[104.464,-3.423],[104.448,-3.425],[104.446,-3.495],[104.405,-3.507],[104.378,-3.504],[104.333,-3.506],[104.301,-3.498],[104.311,-3.512],[104.311,-3.548],[104.305,-3.562],[104.316,-3.619],[104.327,-3.622],[104.382,-3.59],[104.401,-3.587],[104.42,-3.558],[104.438,-3.565],[104.468,-3.59],[104.477,-3.61],[104.474,-3.63],[104.442,-3.683],[104.393,-3.704],[104.375,-3.72],[104.374,-3.764],[104.41,-3.785],[104.452,-3.77],[104.459,-3.76],[104.496,-3.77],[104.5,-3.787],[104.538,-3.795],[104.556,-3.805],[104.589,-3.768],[104.588,-3.753],[104.621,-3.708],[104.633,-3.665],[104.643,-3.655],[104.642,-3.625],[104.651,-3.567],[104.67,-3.542],[104.679,-3.493],[104.697,-3.486],[104.709,-3.465],[104.743,-3.48],[104.774,-3.461],[104.803,-3.466],[104.815,-3.453],[104.805,-3.428],[104.805,-3.393],[104.819,-3.358],[104.807,-3.347],[104.816,-3.312],[104.8,-3.29],[104.808,-3.267],[104.804,-3.226],[104.816,-3.217],[104.796,-3.181],[104.816,-3.164],[104.814,-3.133],[104.799,-3.135],[104.81,-3.082],[104.794,-3.063],[104.781,-3.052]]]},"properties":{"name":"Ogan Ilir"}},
{"type":"Feature","geometry":{"type":"Polygon","coordinates":[[[104.794,-3.063],[104.81,-3.082],[104.799,-3.135],[104.814,-3.133],[104.816,-3.164],[104.796,-3.181],[104.816,-3.217],[104.804,-3.226],[104.808,-3.267],[104.8,-3.29],[104.816,-3.312],[104.807,-3.347],[104.819,-3.358],[104.805,-3.393],[104.805,-3.428],[104.815,-3.453],[104.803,-3.466],[104.774,-3.461],[104.743,-3.48],[104.709,-3.465],[104.697,-3.486],[104.679,-3.493],[104.67,-3.542],[104.651,-3.567],[104.642,-3.625],[104.643,-3.655],[104.662,-3.659],[104.705,-3.649],[104.733,-3.659],[104.74,-3.675],[104.774,-3.686],[104.773,-3.725],[104.848,-3.773],[104.858,-3.776],[104.878,-3.811],[104.874,-3.862],[104.855,-3.889],[104.874,-3.907],[104.852,-3.937],[104.874,-3.961],[104.9,-3.942],[104.93,-3.95],[104.914,-4.005],[104.871,-4.024],[104.848,-4.055],[104.828,-4.071],[104.834,-4.099],[104.806,-4.11],[104.789,-4.136],[104.788,-4.171],[104.764,-4.194],[104.756,-4.246],[104.796,-4.261],[104.818,-4.241],[104.855,-4.241],[104.876,-4.218],[104.889,-4.218],[104.929,-4.192],[104.953,-4.178],[104.978,-4.172],[105.001,-4.177],[105.021,-4.166],[105.027,-4.147],[105.05,-4.141],[105.066,-4.12],[105.062,-4.098],[105.078,-4.085],[105.098,-4.045],[105.114,-4],[105.127,-4],[105.142,-3.973],[105.135,-3.944],[105.15,-3.929],[105.165,-3.938],[105.179,-3.905],[105.205,-3.891],[105.23,-3.89],[105.254,-3.902],[105.276,-3.879],[105.291,-3.849],[105.282,-3.827],[105.284,-3.798],[105.305,-3.792],[105.308,-3.759],[105.319,-3.732],[105.342,-3.731],[105.353,-3.756],[105.352,-3.783],[105.366,-3.798],[105.384,-3.782],[105.413,-3.777],[105.436,-3.787],[105.43,-3.82],[105.437,-3.828],[105.48,-3.822],[105.492,-3.841],[105.526,-3.848],[105.512,-3.873],[105.533,-3.898],[105.548,-3.882],[105.574,-3.901],[105.562,-3.926],[105.587,-3.939],[105.6,-3.927],[105.612,-3.945],[105.593,-3.959],[105.612,-3.97],[105.631,-4.006],[105.613,-4.028],[105.623,-4.046],[105.64,-4.052],[105.654,-4.091],[105.684,-4.079],[105.69,-4.104],[105.711,-4.108],[105.697,-4.13],[105.708,-4.143],[105.729,-4.135],[105.753,-4.147],[105.781,-4.118],[105.808,-4.123],[105.819,-4.142],[105.836,-4.17],[105.852,-4.149],[105.847,-4.119],[105.864,-4.041],[105.885,-3.979],[105.926,-3.921],[105.954,-3.86],[105.96,-3.84],[105.956,-3.815],[105.925,-3.775],[105.865,-3.738],[105.846,-3.745],[105.824,-3.693],[105.82,-3.639],[105.834,-3.568],[105.848,-3.524],[105.891,-3.425],[105.9,-3.425],[105.954,-3.342],[106.038,-3.279],[106.067,-3.271],[106.088,-3.256],[106.098,-3.228],[106.089,-3.192],[106.06,-3.119],[106.071,-3.065],[106.051,-2.987],[105.999,-2.968],[105.979,-2.953],[105.963,-2.953],[105.952,-2.968],[105.902,-2.974],[105.881,-2.967],[105.832,-2.929],[105.798,-2.877],[105.803,-2.853],[105.8,-2.818],[105.807,-2.788],[105.803,-2.717],[105.797,-2.692],[105.783,-2.681],[105.75,-2.689],[105.689,-2.682],[105.657,-2.665],[105.633,-2.641],[105.609,-2.594],[105.603,-2.539],[105.607,-2.513],[105.634,-2.434],[105.632,-2.408],[105.619,-2.389],[105.602,-2.403],[105.564,-2.417],[105.533,-2.418],[105.47,-2.455],[105.444,-2.45],[105.4,-2.456],[105.393,-2.449],[105.352,-2.445],[105.311,-2.484],[105.314,-2.495],[105.286,-2.51],[105.271,-2.537],[105.247,-2.555],[105.228,-2.587],[105.212,-2.605],[105.204,-2.634],[105.185,-2.634],[105.216,-2.685],[105.217,-2.711],[105.208,-2.73],[105.177,-2.733],[105.115,-2.719],[105.088,-2.721],[105.091,-2.746],[105.077,-2.767],[105.081,-2.808],[105.091,-2.842],[105.069,-2.881],[105.068,-2.908],[105.094,-2.915],[105.092,-2.942],[105.078,-2.941],[105.039,-2.964],[105.027,-3.005],[105.041,-3.013],[105.033,-3.049],[105.031,-3.105],[105.016,-3.125],[104.98,-3.147],[104.96,-3.169],[104.93,-3.17],[104.898,-3.156],[104.905,-3.127],[104.889,-3.122],[104.883,-3.103],[104.855,-3.101],[104.833,-3.087],[104.828,-3.069],[104.794,-3.063]]]},"properties":{"name":"Ogan Komering Ilir"}},
{"type":"Feature","geometry":{"type":"Polygon","coordinates":[[[103.622,-4.306],[103.637,-4.287],[103.699,-4.285],[103.744,-4.241],[103.799,-4.21],[103.836,-4.262],[103.846,-4.291],[103.854,-4.361],[103.851,-4.377],[103.903,-4.383],[103.926,-4.422],[103.971,-4.466],[104.014,-4.446],[104.045,-4.458],[104.063,-4.446],[104.099,-4.437],[104.109,-4.426],[104.159,-4.403],[104.219,-4.353],[104.223,-4.303],[104.233,-4.274],[104.226,-4.248],[104.282,-4.239],[104.283,-4.219],[104.302,-4.2],[104.326,-4.198],[104.333,-4.18],[104.327,-4.142],[104.314,-4.114],[104.32,-4.097],[104.308,-4.077],[104.343,-4.048],[104.352,-4.014],[104.379,-4.012],[104.404,-4],[104.403,-3.986],[104.43,-3.979],[104.458,-3.953],[104.477,-3.954],[104.505,-3.935],[104.512,-3.921],[104.509,-3.871],[104.558,-3.825],[104.556,-3.805],[104.538,-3.795],[104.5,-3.787],[104.496,-3.77],[104.459,-3.76],[104.452,-3.77],[104.41,-3.785],[104.374,-3.764],[104.36,-3.769],[104.335,-3.76],[104.302,-3.772],[104.288,-3.755],[104.256,-3.778],[104.237,-3.786],[104.236,-3.8],[104.21,-3.825],[104.21,-3.844],[104.147,-3.885],[104.106,-3.899],[104.088,-3.895],[104.074,-3.907],[104.027,-3.908],[103.995,-3.92],[103.971,-3.892],[103.94,-3.898],[103.928,-3.915],[103.893,-3.925],[103.892,-3.963],[103.869,-3.988],[103.8,-4.034],[103.771,-4.069],[103.75,-4.083],[103.705,-4.085],[103.706,-4.183],[103.648,-4.198],[103.622,-4.214],[103.618,-4.248],[103.627,-4.264],[103.622,-4.306]]]},"properties":{"name":"Ogan Komering Ulu"}},
{"type":"Feature","geometry":{"type":"Polygon","coordinates":[[[103.947,-4.898],[103.96,-4.911],[104.047,-4.901],[104.108,-4.923],[104.163,-4.922],[104.187,-4.892],[104.194,-4.862],[104.215,-4.858],[104.24,-4.88],[104.272,-4.875],[104.281,-4.857],[104.313,-4.884],[104.341,-4.865],[104.359,-4.844],[104.363,-4.824],[104.34,-4.821],[104.305,-4.766],[104.306,-4.73],[104.288,-4.698],[104.296,-4.648],[104.324,-4.627],[104.334,-4.605],[104.326,-4.558],[104.301,-4.561],[104.268,-4.541],[104.25,-4.504],[104.23,-4.499],[104.206,-4.442],[104.192,-4.437],[104.159,-4.403],[104.109,-4.426],[104.099,-4.437],[104.063,-4.446],[104.045,-4.458],[104.014,-4.446],[103.971,-4.466],[103.926,-4.422],[103.903,-4.383],[103.851,-4.377],[103.854,-4.361],[103.846,-4.291],[103.836,-4.262],[103.799,-4.21],[103.744,-4.241],[103.699,-4.285],[103.637,-4.287],[103.622,-4.306],[103.604,-4.34],[103.598,-4.363],[103.582,-4.355],[103.553,-4.357],[103.548,-4.371],[103.515,-4.376],[103.501,-4.361],[103.468,-4.353],[103.448,-4.372],[103.429,-4.405],[103.424,-4.458],[103.398,-4.514],[103.437,-4.531],[103.485,-4.579],[103.52,-4.574],[103.537,-4.564],[103.55,-4.543],[103.571,-4.525],[103.588,-4.523],[103.618,-4.533],[103.629,-4.551],[103.619,-4.571],[103.597,-4.595],[103.641,-4.595],[103.686,-4.634],[103.695,-4.654],[103.701,-4.704],[103.679,-4.717],[103.733,-4.737],[103.762,-4.754],[103.761,-4.775],[103.78,-4.796],[103.804,-4.793],[103.825,-4.801],[103.866,-4.848],[103.866,-4.871],[103.875,-4.884],[103.883,-4.858],[103.899,-4.849],[103.913,-4.817],[103.941,-4.812],[103.967,-4.82],[104.003,-4.845],[104.016,-4.865],[103.995,-4.882],[103.978,-4.868],[103.949,-4.876],[103.947,-4.898]]]},"properties":{"name":"Ogan Komering Ulu Selatan"}},
{"type":"Feature","geometry":{"type":"Polygon","coordinates":[[[104.556,-3.805],[104.558,-3.825],[104.509,-3.871],[104.512,-3.921],[104.505,-3.935],[104.477,-3.954],[104.458,-3.953],[104.43,-3.979],[104.403,-3.986],[104.404,-4],[104.379,-4.012],[104.352,-4.014],[104.343,-4.048],[104.308,-4.077],[104.32,-4.097],[104.314,-4.114],[104.327,-4.142],[104.333,-4.18],[104.326,-4.198],[104.302,-4.2],[104.283,-4.219],[104.282,-4.239],[104.226,-4.248],[104.233,-4.274],[104.223,-4.303],[104.219,-4.353],[104.159,-4.403],[104.192,-4.437],[104.206,-4.442],[104.23,-4.499],[104.25,-4.504],[104.268,-4.541],[104.301,-4.561],[104.326,-4.558],[104.314,-4.525],[104.333,-4.5],[104.328,-4.461],[104.349,-4.398],[104.379,-4.374],[104.384,-4.348],[104.412,-4.337],[104.437,-4.304],[104.501,-4.293],[104.537,-4.26],[104.569,-4.248],[104.608,-4.228],[104.623,-4.242],[104.649,-4.246],[104.659,-4.259],[104.738,-4.256],[104.756,-4.246],[104.764,-4.194],[104.788,-4.171],[104.789,-4.136],[104.806,-4.11],[104.834,-4.099],[104.828,-4.071],[104.848,-4.055],[104.871,-4.024],[104.914,-4.005],[104.93,-3.95],[104.9,-3.942],[104.874,-3.961],[104.852,-3.937],[104.874,-3.907],[104.855,-3.889],[104.874,-3.862],[104.878,-3.811],[104.858,-3.776],[104.848,-3.773],[104.773,-3.725],[104.774,-3.686],[104.74,-3.675],[104.733,-3.659],[104.705,-3.649],[104.662,-3.659],[104.643,-3.655],[104.633,-3.665],[104.621,-3.708],[104.588,-3.753],[104.589,-3.768],[104.556,-3.805]]]},"properties":{"name":"Ogan Komering Ulu Timur"}},
{"type":"Feature","geometry":{"type":"Polygon","coordinates":[[[111.273,-7.937],[111.257,-7.949],[111.236,-7.945],[111.216,-7.926],[111.198,-7.94],[111.188,-7.923],[111.157,-7.922],[111.144,-7.933],[111.146,-7.965],[111.133,-7.974],[111.13,-8.008],[111.136,-8.024],[111.113,-8.057],[111.089,-8.06],[111.091,-8.029],[111.067,-8.036],[111.064,-8.068],[111.036,-8.081],[110.994,-8.082],[110.953,-8.063],[110.902,-8.154],[110.899,-8.179],[110.909,-8.211],[110.926,-8.223],[110.956,-8.226],[110.991,-8.248],[111.033,-8.254],[111.075,-8.246],[111.082,-8.22],[111.098,-8.224],[111.101,-8.254],[111.137,-8.262],[111.138,-8.278],[111.191,-8.278],[111.202,-8.265],[111.236,-8.259],[111.261,-8.248],[111.301,-8.257],[111.325,-8.273],[111.367,-8.261],[111.377,-8.274],[111.404,-8.271],[111.398,-8.241],[111.409,-8.213],[111.401,-8.195],[111.423,-8.189],[111.425,-8.17],[111.405,-8.173],[111.378,-8.16],[111.38,-8.136],[111.354,-8.093],[111.353,-8.059],[111.367,-8.033],[111.349,-8.021],[111.356,-8],[111.35,-7.977],[111.327,-7.968],[111.314,-7.935],[111.273,-7.937]]]},"properties":{"name":"Pacitan"}},
{"type":"Feature","geometry":{"type":"Polygon","coordinates":[[[99.841,0.818],[99.841,0.851],[99.831,0.88],[99.841,0.893],[99.872,0.907],[99.905,0.889],[99.952,0.879],[99.968,0.851],[100.003,0.843],[100.074,0.801],[100.12,0.786],[100.136,0.776],[100.179,0.764],[100.138,0.8],[100.119,0.835],[100.138,0.844],[100.134,0.866],[100.143,0.884],[100.128,0.937],[100.148,0.966],[100.14,0.984],[100.165,1.004],[100.14,1.029],[100.14,1.061],[100.121,1.068],[100.123,1.094],[100.135,1.112],[100.166,1.134],[100.158,1.153],[100.135,1.168],[100.118,1.217],[100.123,1.247],[100.108,1.268],[100.074,1.276],[100.05,1.313],[100.026,1.335],[100.025,1.357],[100.001,1.38],[99.971,1.38],[99.954,1.368],[99.949,1.428],[99.921,1.489],[99.921,1.518],[99.897,1.549],[99.849,1.525],[99.838,1.498],[99.791,1.462],[99.744,1.42],[99.721,1.417],[99.703,1.378],[99.683,1.374],[99.666,1.354],[99.629,1.322],[99.598,1.306],[99.579,1.305],[99.562,1.279],[99.539,1.282],[99.503,1.263],[99.475,1.262],[99.461,1.24],[99.421,1.231],[99.42,1.218],[99.437,1.181],[99.447,1.179],[99.484,1.142],[99.51,1.131],[99.544,1.091],[99.547,1.071],[99.568,1.065],[99.57,1.042],[99.599,0.994],[99.586,0.971],[99.601,0.951],[99.624,0.944],[99.64,0.92],[99.689,0.933],[99.713,0.915],[99.721,0.895],[99.752,0.866],[99.791,0.855],[99.8,0.857],[99.841,0.818]]]},"properties":{"name":"Padang Lawas"}},
{"type":"Feature","geometry":{"type":"Polygon","coordinates":[[[99.662,2.038],[99.617,2.041],[99.625,1.997],[99.609,1.997],[99.573,2.029],[99.566,2.03],[99.557,2.017],[99.558,1.979],[99.545,1.954],[99.555,1.921],[99.571,1.899],[99.55,1.867],[99.57,1.807],[99.566,1.757],[99.552,1.742],[99.55,1.717],[99.519,1.729],[99.477,1.702],[99.459,1.67],[99.435,1.655],[99.435,1.625],[99.451,1.612],[99.45,1.586],[99.429,1.575],[99.391,1.572],[99.417,1.548],[99.438,1.518],[99.414,1.503],[99.404,1.484],[99.4,1.414],[99.355,1.434],[99.347,1.405],[99.419,1.278],[99.416,1.252],[99.421,1.231],[99.461,1.24],[99.475,1.262],[99.503,1.263],[99.539,1.282],[99.562,1.279],[99.579,1.305],[99.598,1.306],[99.629,1.322],[99.666,1.354],[99.683,1.374],[99.703,1.378],[99.721,1.417],[99.744,1.42],[99.791,1.462],[99.838,1.498],[99.849,1.525],[99.897,1.549],[99.921,1.518],[99.921,1.489],[99.949,1.428],[99.954,1.368],[99.971,1.38],[100.001,1.38],[100.025,1.357],[100.042,1.392],[100.095,1.4],[100.117,1.395],[100.136,1.404],[100.201,1.399],[100.222,1.41],[100.252,1.413],[100.283,1.425],[100.308,1.417],[100.334,1.433],[100.319,1.447],[100.279,1.466],[100.286,1.479],[100.317,1.476],[100.318,1.5],[100.233,1.552],[100.209,1.57],[100.202,1.584],[100.173,1.595],[100.165,1.622],[100.145,1.631],[100.139,1.652],[100.126,1.659],[100.108,1.691],[100.077,1.722],[100.049,1.72],[100.04,1.7],[100.003,1.64],[99.955,1.625],[99.94,1.649],[99.914,1.715],[99.9,1.717],[99.884,1.689],[99.846,1.637],[99.81,1.673],[99.771,1.697],[99.765,1.711],[99.733,1.724],[99.717,1.751],[99.702,1.763],[99.705,1.78],[99.695,1.806],[99.728,1.828],[99.758,1.827],[99.781,1.809],[99.814,1.807],[99.839,1.799],[99.823,1.832],[99.817,1.884],[99.809,1.904],[99.835,1.915],[99.832,1.933],[99.842,1.979],[99.828,1.994],[99.828,2.016],[99.816,2.026],[99.791,2.025],[99.764,2.006],[99.747,2.004],[99.739,1.977],[99.714,1.963],[99.705,1.93],[99.677,1.937],[99.691,1.97],[99.684,2.036],[99.662,2.038]],[[99.427,1.477],[99.444,1.447],[99.419,1.446],[99.427,1.477]]]},"properties":{"name":"Padang Lawas Utara"}},
{"type":"Feature","geometry":{"type":"Polygon","coordinates":[[[99.963,-0.433],[100.041,-0.506],[100.077,-0.545],[100.091,-0.568],[100.12,-0.555],[100.151,-0.573],[100.174,-0.618],[100.173,-0.652],[100.159,-0.676],[100.197,-0.714],[100.257,-0.769],[100.292,-0.816],[100.298,-0.806],[100.337,-0.801],[100.347,-0.786],[100.4,-0.749],[100.456,-0.729],[100.442,-0.701],[100.442,-0.664],[100.43,-0.657],[100.43,-0.637],[100.399,-0.614],[100.418,-0.599],[100.413,-0.566],[100.397,-0.564],[100.383,-0.526],[100.393,-0.491],[100.332,-0.489],[100.319,-0.474],[100.316,-0.429],[100.283,-0.461],[100.264,-0.472],[100.246,-0.468],[100.238,-0.449],[100.216,-0.432],[100.217,-0.415],[100.188,-0.414],[100.158,-0.39],[100.158,-0.36],[100.136,-0.32],[100.116,-0.331],[100.087,-0.325],[100.067,-0.329],[100.046,-0.364],[100.001,-0.358],[99.979,-0.415],[99.963,-0.433]]]},"properties":{"name":"Padang Pariaman"}},
{"type":"Feature","geometry":{"type":"Polygon","coordinates":[[[98.197,2.312],[98.253,2.276],[98.251,2.329],[98.257,2.346],[98.288,2.336],[98.298,2.392],[98.287,2.414],[98.303,2.425],[98.338,2.425],[98.346,2.449],[98.363,2.466],[98.404,2.466],[98.415,2.48],[98.4,2.52],[98.423,2.528],[98.437,2.522],[98.459,2.536],[98.467,2.553],[98.441,2.588],[98.42,2.638],[98.356,2.661],[98.329,2.697],[98.295,2.704],[98.272,2.72],[98.246,2.71],[98.197,2.735],[98.161,2.768],[98.117,2.785],[98.108,2.776],[98.07,2.764],[98.071,2.737],[98.086,2.706],[98.104,2.682],[98.104,2.649],[98.113,2.613],[98.085,2.603],[98.079,2.583],[98.085,2.547],[98.081,2.519],[98.094,2.485],[98.137,2.431],[98.147,2.424],[98.185,2.329],[98.197,2.312]]]},"properties":{"name":"Pakpak Bharat"}},
{"type":"Feature","geometry":{"type":"Polygon","coordinates":[[[113.64,-6.888],[113.589,-6.889],[113.572,-6.893],[113.484,-6.896],[113.478,-6.925],[113.459,-6.947],[113.437,-6.96],[113.423,-6.985],[113.422,-7.012],[113.392,-7.034],[113.394,-7.073],[113.382,-7.08],[113.357,-7.153],[113.379,-7.15],[113.378,-7.173],[113.397,-7.202],[113.394,-7.218],[113.469,-7.221],[113.504,-7.23],[113.513,-7.253],[113.548,-7.233],[113.56,-7.213],[113.574,-7.161],[113.602,-7.129],[113.622,-7.09],[113.606,-7.067],[113.605,-7.045],[113.583,-7.041],[113.581,-7.019],[113.608,-7.013],[113.608,-6.974],[113.65,-6.915],[113.636,-6.914],[113.64,-6.888]]]},"properties":{"name":"Pamekasan"}},
{"type":"Feature","geometry":{"type":"MultiPolygon","coordinates":[[[[105.55,-6.996],[105.522,-7.001],[105.525,-7.013],[105.56,-7.017],[105.55,-6.996]]],[[[105.815,-6.95],[105.772,-6.964],[105.773,-6.974],[105.815,-6.958],[105.815,-6.95]]],[[[105.266,-6.523],[105.215,-6.544],[105.186,-6.539],[105.134,-6.577],[105.131,-6.605],[105.164,-6.573],[105.182,-6.583],[105.174,-6.599],[105.195,-6.62],[105.19,-6.641],[105.172,-6.656],[105.189,-6.669],[105.205,-6.648],[105.243,-6.635],[105.26,-6.601],[105.251,-6.571],[105.253,-6.548],[105.266,-6.523]]],[[[106.171,-6.29],[106.175,-6.251],[106.134,-6.258],[106.111,-6.251],[106.101,-6.232],[106.083,-6.231],[106.072,-6.257],[106.041,-6.276],[106.001,-6.275],[105.981,-6.244],[105.934,-6.242],[105.935,-6.275],[105.922,-6.274],[105.916,-6.25],[105.881,-6.222],[105.856,-6.242],[105.826,-6.242],[105.831,-6.27],[105.827,-6.289],[105.84,-6.297],[105.82,-6.361],[105.827,-6.405],[105.822,-6.438],[105.808,-6.472],[105.772,-6.516],[105.735,-6.521],[105.725,-6.531],[105.688,-6.523],[105.673,-6.504],[105.677,-6.476],[105.64,-6.5],[105.622,-6.537],[105.617,-6.575],[105.626,-6.586],[105.618,-6.616],[105.597,-6.649],[105.58,-6.658],[105.572,-6.679],[105.524,-6.722],[105.507,-6.729],[105.512,-6.757],[105.5,-6.792],[105.469,-6.827],[105.453,-6.827],[105.435,-6.807],[105.435,-6.775],[105.424,-6.774],[105.406,-6.749],[105.387,-6.734],[105.401,-6.717],[105.388,-6.677],[105.375,-6.655],[105.326,-6.669],[105.33,-6.696],[105.279,-6.735],[105.264,-6.761],[105.211,-6.752],[105.233,-6.78],[105.239,-6.817],[105.262,-6.846],[105.289,-6.823],[105.295,-6.805],[105.327,-6.803],[105.357,-6.81],[105.407,-6.83],[105.42,-6.842],[105.452,-6.842],[105.476,-6.864],[105.496,-6.861],[105.535,-6.87],[105.563,-6.857],[105.593,-6.854],[105.619,-6.843],[105.658,-6.845],[105.673,-6.837],[105.731,-6.839],[105.774,-6.85],[105.835,-6.835],[105.871,-6.833],[105.882,-6.841],[105.885,-6.821],[105.866,-6.787],[105.884,-6.761],[105.896,-6.716],[105.917,-6.719],[105.939,-6.687],[105.943,-6.63],[105.933,-6.602],[105.985,-6.541],[105.984,-6.504],[106.026,-6.432],[106.046,-6.412],[106.067,-6.408],[106.101,-6.427],[106.113,-6.419],[106.131,-6.376],[106.126,-6.358],[106.13,-6.328],[106.148,-6.324],[106.171,-6.29]]]]},"properties":{"name":"Pandeglang"}},
{"type":"Feature","geometry":{"type":"Polygon","coordinates":[[[108.43,-7.501],[108.407,-7.494],[108.401,-7.478],[108.374,-7.479],[108.336,-7.508],[108.334,-7.551],[108.354,-7.562],[108.36,-7.612],[108.355,-7.624],[108.362,-7.662],[108.351,-7.684],[108.318,-7.693],[108.33,-7.716],[108.314,-7.731],[108.324,-7.747],[108.324,-7.795],[108.34,-7.817],[108.375,-7.814],[108.441,-7.821],[108.475,-7.806],[108.499,-7.789],[108.508,-7.762],[108.498,-7.747],[108.504,-7.709],[108.54,-7.691],[108.596,-7.682],[108.641,-7.688],[108.659,-7.704],[108.672,-7.684],[108.71,-7.677],[108.756,-7.695],[108.797,-7.688],[108.801,-7.674],[108.755,-7.64],[108.737,-7.611],[108.752,-7.585],[108.751,-7.545],[108.723,-7.489],[108.716,-7.466],[108.707,-7.471],[108.668,-7.46],[108.647,-7.469],[108.658,-7.498],[108.654,-7.529],[108.623,-7.555],[108.607,-7.554],[108.577,-7.567],[108.549,-7.557],[108.529,-7.571],[108.521,-7.559],[108.527,-7.529],[108.485,-7.536],[108.456,-7.51],[108.43,-7.501]]]},"properties":{"name":"Pangandaran"}},
{"type":"Feature","geometry":{"type":"MultiPolygon","coordinates":[[[[119.114,-6.837],[119.099,-6.847],[119.101,-6.869],[119.122,-6.859],[119.114,-6.837]]],[[[117.928,-5.353],[117.927,-5.389],[117.953,-5.387],[117.928,-5.353]]],[[[117.656,-5.222],[117.682,-5.198],[117.668,-5.179],[117.656,-5.222]]],[[[119.594,-4.557],[119.587,-4.587],[119.553,-4.634],[119.547,-4.653],[119.526,-4.675],[119.517,-4.716],[119.499,-4.726],[119.482,-4.751],[119.491,-4.765],[119.498,-4.831],[119.507,-4.868],[119.52,-4.884],[119.53,-4.892],[119.564,-4.892],[119.576,-4.905],[119.595,-4.905],[119.612,-4.888],[119.641,-4.916],[119.67,-4.933],[119.674,-4.953],[119.747,-4.929],[119.774,-4.943],[119.8,-4.913],[119.805,-4.886],[119.794,-4.868],[119.806,-4.842],[119.807,-4.809],[119.789,-4.809],[119.768,-4.824],[119.752,-4.803],[119.721,-4.822],[119.701,-4.802],[119.697,-4.788],[119.681,-4.769],[119.691,-4.75],[119.692,-4.722],[119.659,-4.723],[119.653,-4.685],[119.664,-4.661],[119.645,-4.641],[119.631,-4.585],[119.619,-4.567],[119.594,-4.557]]]]},"properties":{"name":"Pangkajene Dan Kepulauan"}},
{"type":"Feature","geometry":{"type":"Polygon","coordinates":[[[136.731,-4.127],[136.824,-4.138],[136.972,-4.125],[137.124,-4.021],[137.204,-4.024],[137.2,-3.938],[137.189,-3.909],[137.1,-3.907],[136.727,-3.905],[136.727,-3.843],[136.63,-3.745],[136.538,-3.661],[136.514,-3.632],[136.442,-3.526],[136.39,-3.441],[136.344,-3.377],[136.3,-3.402],[136.185,-3.452],[136.001,-3.535],[135.972,-3.55],[135.961,-3.571],[135.985,-3.618],[136.001,-3.629],[136.012,-3.66],[136.016,-3.691],[136.032,-3.711],[136.056,-3.723],[136.082,-3.735],[136.119,-3.808],[136.149,-3.855],[136.191,-3.929],[136.227,-3.952],[136.227,-3.992],[136.277,-3.994],[136.401,-4.008],[136.533,-4.016],[136.647,-4.026],[136.679,-4.041],[136.686,-4.055],[136.694,-4.108],[136.731,-4.127]]]},"properties":{"name":"Paniai"}},
{"type":"Feature","geometry":{"type":"Polygon","coordinates":[[[120.85,0.701],[120.815,0.676],[120.783,0.678],[120.754,0.662],[120.706,0.669],[120.666,0.634],[120.661,0.616],[120.597,0.596],[120.575,0.609],[120.557,0.595],[120.542,0.606],[120.538,0.635],[120.496,0.636],[120.484,0.645],[120.449,0.643],[120.439,0.664],[120.356,0.678],[120.301,0.652],[120.285,0.631],[120.269,0.63],[120.23,0.608],[120.193,0.616],[120.192,0.573],[120.176,0.541],[120.159,0.531],[120.161,0.503],[120.157,0.468],[120.13,0.458],[120.114,0.429],[120.129,0.415],[120.114,0.395],[120.083,0.386],[120.075,0.346],[120.057,0.335],[120.062,0.306],[120.055,0.286],[120.079,0.274],[120.097,0.221],[120.091,0.198],[120.052,0.181],[120.046,0.147],[120.034,0.127],[120.001,0.123],[119.986,0.095],[119.961,0.084],[119.954,0.054],[119.957,0.032],[119.945,0.014],[119.94,-0.026],[119.948,-0.072],[119.936,-0.101],[119.922,-0.109],[119.9,-0.139],[119.914,-0.169],[119.924,-0.172],[119.933,-0.206],[119.912,-0.237],[119.921,-0.254],[119.905,-0.27],[119.929,-0.304],[119.92,-0.316],[119.93,-0.335],[119.914,-0.352],[119.913,-0.37],[119.926,-0.399],[119.918,-0.413],[119.923,-0.444],[119.941,-0.46],[119.931,-0.505],[119.951,-0.527],[119.99,-0.587],[120.001,-0.591],[120.008,-0.615],[120.002,-0.633],[120.02,-0.642],[120.017,-0.665],[120.033,-0.684],[120.02,-0.708],[120.026,-0.747],[120.018,-0.751],[120.044,-0.83],[120.037,-0.848],[120.039,-0.868],[120.023,-0.883],[120.072,-0.915],[120.066,-0.952],[120.057,-0.968],[120.079,-0.99],[120.074,-1.008],[120.094,-1.02],[120.113,-1.016],[120.129,-1.044],[120.166,-1.048],[120.184,-1.064],[120.203,-1.054],[120.219,-1.065],[120.231,-1.092],[120.228,-1.126],[120.256,-1.135],[120.267,-1.152],[120.293,-1.133],[120.327,-1.137],[120.342,-1.154],[120.342,-1.187],[120.399,-1.161],[120.446,-1.146],[120.466,-1.148],[120.53,-1.13],[120.581,-1.108],[120.529,-1.044],[120.532,-1.034],[120.508,-0.997],[120.485,-0.989],[120.462,-0.993],[120.435,-0.965],[120.43,-0.94],[120.412,-0.924],[120.372,-0.928],[120.351,-0.953],[120.309,-0.965],[120.287,-0.941],[120.277,-0.912],[120.243,-0.886],[120.241,-0.874],[120.219,-0.843],[120.206,-0.85],[120.187,-0.836],[120.174,-0.797],[120.141,-0.772],[120.11,-0.737],[120.102,-0.706],[120.087,-0.694],[120.059,-0.631],[120.053,-0.552],[120.047,-0.531],[120.054,-0.512],[120.05,-0.488],[120.07,-0.461],[120.072,-0.442],[120.046,-0.398],[120.035,-0.371],[120.031,-0.304],[120.012,-0.292],[120.007,-0.273],[120.012,-0.249],[120.009,-0.177],[120.034,-0.154],[120.042,-0.129],[120.033,-0.075],[120.039,-0.059],[120.066,-0.06],[120.095,-0.031],[120.103,0.001],[120.099,0.026],[120.112,0.056],[120.106,0.095],[120.114,0.113],[120.133,0.127],[120.134,0.154],[120.124,0.162],[120.136,0.192],[120.159,0.229],[120.202,0.264],[120.245,0.338],[120.243,0.348],[120.271,0.362],[120.286,0.38],[120.292,0.4],[120.314,0.426],[120.352,0.452],[120.389,0.463],[120.41,0.477],[120.43,0.465],[120.446,0.471],[120.461,0.493],[120.507,0.513],[120.529,0.517],[120.571,0.509],[120.608,0.522],[120.631,0.516],[120.647,0.521],[120.669,0.51],[120.689,0.511],[120.725,0.476],[120.767,0.457],[120.79,0.46],[120.829,0.443],[120.854,0.443],[120.897,0.396],[120.932,0.4],[120.952,0.416],[120.977,0.418],[121.028,0.44],[121.038,0.426],[121.081,0.398],[121.098,0.408],[121.162,0.416],[121.161,0.436],[121.185,0.462],[121.211,0.457],[121.239,0.462],[121.252,0.486],[121.29,0.495],[121.338,0.474],[121.351,0.488],[121.336,0.527],[121.35,0.555],[121.338,0.574],[121.275,0.583],[121.235,0.608],[121.219,0.638],[121.197,0.642],[121.163,0.677],[121.126,0.682],[121.096,0.699],[121.063,0.701],[121.052,0.691],[121.011,0.708],[120.971,0.69],[120.935,0.686],[120.861,0.709],[120.85,0.701]]]},"properties":{"name":"Parigi Moutong"}},
{"type":"Feature","geometry":{"type":"Polygon","coordinates":[[[100.264,-0.035],[100.277,-0.01],[100.296,-0.009],[100.314,0.005],[100.32,0.027],[100.338,0.043],[100.316,0.088],[100.328,0.15],[100.35,0.171],[100.344,0.201],[100.333,0.219],[100.332,0.253],[100.309,0.3],[100.332,0.338],[100.301,0.397],[100.278,0.409],[100.259,0.432],[100.26,0.446],[100.238,0.475],[100.242,0.491],[100.222,0.503],[100.216,0.521],[100.238,0.535],[100.211,0.559],[100.184,0.561],[100.177,0.573],[100.187,0.627],[100.216,0.663],[100.238,0.673],[100.243,0.694],[100.239,0.734],[100.201,0.745],[100.193,0.764],[100.179,0.764],[100.136,0.776],[100.12,0.786],[100.074,0.801],[100.003,0.843],[99.968,0.851],[99.952,0.879],[99.905,0.889],[99.872,0.907],[99.841,0.893],[99.831,0.88],[99.841,0.851],[99.841,0.818],[99.846,0.808],[99.846,0.766],[99.825,0.736],[99.835,0.709],[99.831,0.696],[99.853,0.683],[99.885,0.689],[99.911,0.68],[99.925,0.631],[99.92,0.605],[99.941,0.593],[99.96,0.57],[99.965,0.546],[99.95,0.524],[99.96,0.516],[99.928,0.496],[99.906,0.471],[99.837,0.459],[99.82,0.461],[99.83,0.441],[99.825,0.417],[99.795,0.412],[99.75,0.397],[99.744,0.382],[99.777,0.359],[99.754,0.336],[99.768,0.31],[99.811,0.3],[99.825,0.308],[99.867,0.292],[99.894,0.304],[99.914,0.304],[99.951,0.292],[99.968,0.278],[99.988,0.282],[100.013,0.275],[100.027,0.257],[100.031,0.236],[100.011,0.187],[100.017,0.156],[100.011,0.127],[99.993,0.089],[99.96,0.062],[99.976,0.03],[100.015,-0.007],[100.048,-0.033],[100.031,-0.058],[100.037,-0.081],[100.076,-0.084],[100.107,-0.076],[100.14,-0.102],[100.16,-0.108],[100.237,-0.062],[100.26,-0.057],[100.264,-0.035]]]},"properties":{"name":"Pasaman"}},
{"type":"Feature","geometry":{"type":"Polygon","coordinates":[[[100.037,-0.081],[100.031,-0.058],[100.048,-0.033],[100.015,-0.007],[99.976,0.03],[99.96,0.062],[99.993,0.089],[100.011,0.127],[100.017,0.156],[100.011,0.187],[100.031,0.236],[100.027,0.257],[100.013,0.275],[99.988,0.282],[99.968,0.278],[99.951,0.292],[99.914,0.304],[99.894,0.304],[99.867,0.292],[99.825,0.308],[99.811,0.3],[99.768,0.31],[99.754,0.336],[99.777,0.359],[99.744,0.382],[99.75,0.397],[99.795,0.412],[99.825,0.417],[99.83,0.441],[99.82,0.461],[99.781,0.482],[99.739,0.475],[99.72,0.452],[99.701,0.468],[99.683,0.469],[99.666,0.491],[99.665,0.516],[99.638,0.547],[99.619,0.53],[99.576,0.51],[99.53,0.522],[99.514,0.539],[99.469,0.524],[99.429,0.492],[99.406,0.489],[99.398,0.465],[99.366,0.431],[99.35,0.386],[99.317,0.335],[99.266,0.337],[99.249,0.333],[99.2,0.29],[99.193,0.27],[99.192,0.236],[99.221,0.21],[99.314,0.238],[99.337,0.237],[99.362,0.227],[99.377,0.207],[99.374,0.191],[99.398,0.151],[99.413,0.153],[99.478,0.133],[99.617,0.066],[99.654,0.042],[99.691,0.002],[99.73,-0.021],[99.756,-0.049],[99.764,-0.07],[99.759,-0.112],[99.746,-0.144],[99.768,-0.171],[99.805,-0.176],[99.838,-0.163],[99.885,-0.162],[99.919,-0.156],[99.969,-0.138],[99.992,-0.14],[100.013,-0.119],[100.015,-0.098],[100.037,-0.081]]]},"properties":{"name":"Pasaman Barat"}},
{"type":"Feature","geometry":{"type":"Polygon","coordinates":[[[115.85,-2.389],[115.872,-2.372],[115.887,-2.375],[115.895,-2.333],[115.936,-2.334],[115.955,-2.342],[115.983,-2.314],[116.006,-2.315],[116.034,-2.325],[116.081,-2.317],[116.148,-2.32],[116.161,-2.307],[116.227,-2.309],[116.236,-2.327],[116.273,-2.339],[116.308,-2.341],[116.455,-2.371],[116.493,-2.381],[116.559,-2.405],[116.576,-2.336],[116.588,-2.265],[116.595,-2.197],[116.586,-2.17],[116.568,-2.199],[116.548,-2.19],[116.552,-2.174],[116.524,-2.154],[116.511,-2.118],[116.491,-2.119],[116.463,-2.133],[116.432,-2.135],[116.397,-2.127],[116.392,-2.116],[116.365,-2.108],[116.394,-2.083],[116.424,-2.077],[116.46,-2.057],[116.455,-1.959],[116.457,-1.92],[116.443,-1.874],[116.421,-1.864],[116.447,-1.827],[116.454,-1.801],[116.45,-1.77],[116.38,-1.763],[116.354,-1.776],[116.319,-1.785],[116.264,-1.81],[116.25,-1.79],[116.28,-1.736],[116.309,-1.724],[116.313,-1.704],[116.389,-1.682],[116.429,-1.657],[116.463,-1.646],[116.482,-1.646],[116.52,-1.631],[116.552,-1.605],[116.52,-1.59],[116.387,-1.544],[116.364,-1.47],[116.355,-1.39],[116.335,-1.334],[116.335,-1.284],[116.344,-1.245],[116.378,-1.199],[116.371,-1.144],[116.376,-1.132],[116.417,-1.091],[116.428,-1.072],[116.454,-1.044],[116.455,-1.025],[116.439,-0.971],[116.376,-0.985],[116.354,-1.001],[116.336,-1.033],[116.312,-1.048],[116.274,-1.045],[116.255,-1.051],[116.219,-1.118],[116.182,-1.118],[116.139,-1.153],[116.121,-1.155],[116.109,-1.141],[116.109,-1.118],[116.094,-1.086],[116.067,-1.11],[116.005,-1.111],[115.978,-1.099],[115.948,-1.101],[115.928,-1.113],[115.899,-1.113],[115.863,-1.102],[115.847,-1.09],[115.813,-1.105],[115.803,-1.118],[115.847,-1.157],[115.841,-1.169],[115.797,-1.2],[115.772,-1.229],[115.755,-1.28],[115.754,-1.315],[115.745,-1.333],[115.742,-1.364],[115.724,-1.373],[115.717,-1.398],[115.699,-1.415],[115.679,-1.456],[115.638,-1.463],[115.621,-1.477],[115.622,-1.5],[115.641,-1.519],[115.631,-1.53],[115.646,-1.559],[115.63,-1.575],[115.64,-1.586],[115.639,-1.609],[115.668,-1.629],[115.675,-1.667],[115.667,-1.708],[115.708,-1.727],[115.69,-1.753],[115.686,-1.803],[115.708,-1.788],[115.727,-1.804],[115.722,-1.826],[115.731,-1.87],[115.719,-1.927],[115.696,-1.974],[115.721,-1.99],[115.748,-1.995],[115.725,-2.026],[115.754,-2.05],[115.773,-2.052],[115.804,-2.038],[115.837,-2.059],[115.83,-2.085],[115.81,-2.097],[115.809,-2.169],[115.801,-2.182],[115.817,-2.218],[115.815,-2.239],[115.836,-2.287],[115.854,-2.299],[115.833,-2.313],[115.831,-2.325],[115.851,-2.369],[115.85,-2.389]]]},"properties":{"name":"Paser"}},
{"type":"Feature","geometry":{"type":"Polygon","coordinates":[[[112.588,-7.767],[112.602,-7.769],[112.616,-7.788],[112.656,-7.797],[112.7,-7.814],[112.71,-7.825],[112.729,-7.82],[112.744,-7.848],[112.777,-7.868],[112.78,-7.892],[112.805,-7.925],[112.836,-7.941],[112.856,-7.94],[112.885,-7.953],[112.935,-7.956],[112.953,-7.943],[112.949,-7.906],[112.966,-7.896],[112.99,-7.87],[113.048,-7.817],[113.057,-7.762],[113.055,-7.748],[113.085,-7.71],[113.101,-7.702],[113.086,-7.701],[113.058,-7.663],[113.029,-7.648],[112.992,-7.658],[112.977,-7.653],[112.952,-7.622],[112.952,-7.633],[112.932,-7.669],[112.901,-7.686],[112.878,-7.655],[112.872,-7.634],[112.903,-7.626],[112.889,-7.615],[112.874,-7.583],[112.856,-7.58],[112.845,-7.578],[112.834,-7.554],[112.812,-7.555],[112.77,-7.574],[112.723,-7.569],[112.706,-7.545],[112.683,-7.549],[112.671,-7.561],[112.654,-7.58],[112.655,-7.594],[112.62,-7.628],[112.629,-7.65],[112.614,-7.682],[112.593,-7.701],[112.575,-7.734],[112.588,-7.767]]]},"properties":{"name":"Pasuruan"}},
{"type":"Feature","geometry":{"type":"Polygon","coordinates":[[[111.263,-6.855],[111.27,-6.831],[111.245,-6.796],[111.247,-6.764],[111.234,-6.753],[111.24,-6.705],[111.234,-6.687],[111.183,-6.663],[111.144,-6.653],[111.129,-6.64],[111.099,-6.594],[111.064,-6.52],[111.054,-6.492],[111.038,-6.424],[110.975,-6.41],[110.969,-6.464],[110.929,-6.496],[110.913,-6.5],[110.914,-6.529],[110.908,-6.561],[110.912,-6.601],[110.902,-6.624],[110.899,-6.64],[110.935,-6.698],[110.934,-6.718],[110.945,-6.756],[110.961,-6.755],[110.974,-6.804],[110.977,-6.834],[110.921,-6.867],[110.878,-6.867],[110.883,-6.893],[110.865,-6.892],[110.845,-6.92],[110.848,-6.932],[110.826,-6.946],[110.811,-6.94],[110.804,-6.98],[110.811,-7],[110.856,-6.987],[110.886,-6.969],[110.9,-6.988],[110.912,-6.966],[110.934,-6.974],[111.05,-6.967],[111.07,-6.969],[111.079,-6.945],[111.115,-6.916],[111.198,-6.898],[111.203,-6.88],[111.239,-6.851],[111.263,-6.855]]]},"properties":{"name":"Pati"}},
{"type":"Feature","geometry":{"type":"Polygon","coordinates":[[[133.488,-0.887],[133.517,-0.974],[133.517,-0.999],[133.469,-1.019],[133.456,-1.07],[133.421,-1.116],[133.405,-1.145],[133.361,-1.206],[133.334,-1.275],[133.401,-1.298],[133.427,-1.301],[133.572,-1.338],[133.615,-1.353],[133.663,-1.364],[133.721,-1.378],[133.741,-1.39],[133.773,-1.428],[133.8,-1.446],[133.83,-1.476],[133.876,-1.515],[133.914,-1.488],[133.921,-1.477],[133.978,-1.437],[133.99,-1.422],[134.04,-1.441],[134.061,-1.412],[134.062,-1.386],[134.107,-1.333],[134.087,-1.288],[134.06,-1.248],[134.05,-1.202],[134.071,-1.181],[134.018,-1.134],[134.009,-1.078],[133.962,-1.109],[133.93,-1.151],[133.925,-1.166],[133.893,-1.146],[133.893,-1.118],[133.869,-1.102],[133.895,-1.085],[133.938,-1.046],[133.958,-1.067],[133.991,-1.039],[133.951,-1.034],[133.937,-1.011],[133.89,-1.016],[133.89,-1.061],[133.826,-1.063],[133.83,-0.994],[133.825,-0.947],[133.743,-0.929],[133.718,-0.928],[133.649,-0.906],[133.616,-0.905],[133.488,-0.887]]]},"properties":{"name":"Pegunungan Arfak"}},
{"type":"Feature","geometry":{"type":"Polygon","coordinates":[[[141,-5.295],[141,-4.992],[141,-4.644],[141,-4.205],[141,-3.931],[140.983,-3.915],[140.962,-3.914],[140.917,-3.922],[140.887,-3.941],[140.865,-3.933],[140.835,-3.94],[140.789,-3.94],[140.731,-3.912],[140.715,-3.916],[140.679,-3.907],[140.651,-3.916],[140.64,-3.931],[140.609,-3.945],[140.582,-3.929],[140.519,-3.907],[140.479,-3.918],[140.448,-3.903],[140.435,-3.91],[140.414,-3.886],[140.431,-3.856],[140.417,-3.847],[140.419,-3.821],[140.409,-3.756],[140.382,-3.737],[140.352,-3.738],[140.333,-3.747],[140.315,-3.739],[140.207,-3.712],[140.163,-3.707],[140.134,-3.696],[140.125,-3.716],[140.135,-3.772],[140.161,-3.815],[140.153,-3.841],[140.134,-3.852],[140.148,-3.869],[140.146,-3.89],[140.104,-3.91],[140.107,-3.935],[140.095,-3.95],[140.067,-3.939],[140.042,-3.968],[140.034,-3.987],[140.051,-4],[140.072,-3.997],[140.093,-4.015],[140.052,-4.018],[140.024,-4.031],[140.01,-4.051],[139.989,-4.061],[139.979,-4.089],[139.979,-4.114],[139.991,-4.149],[139.99,-4.181],[139.994,-4.276],[139.984,-4.312],[139.975,-4.369],[139.962,-4.418],[139.957,-4.456],[139.968,-4.489],[139.984,-4.509],[140.048,-4.57],[140.104,-4.629],[140.163,-4.661],[140.201,-4.672],[140.227,-4.745],[140.227,-4.799],[140.239,-4.83],[140.235,-4.864],[140.25,-4.898],[140.251,-4.952],[140.211,-4.971],[140.166,-4.979],[140.129,-5.005],[140.099,-5.038],[140.075,-5.055],[140.108,-5.061],[140.118,-5.051],[140.153,-5.066],[140.154,-5.106],[140.147,-5.169],[140.231,-5.184],[140.764,-5.258],[141,-5.295]]]},"properties":{"name":"Pegunungan Bintang"}},
{"type":"Feature","geometry":{"type":"Polygon","coordinates":[[[109.799,-7.171],[109.778,-7.156],[109.774,-7.121],[109.744,-7.112],[109.757,-7.075],[109.759,-7.031],[109.748,-7.012],[109.722,-6.987],[109.707,-6.986],[109.703,-6.965],[109.675,-6.935],[109.648,-6.922],[109.647,-6.88],[109.666,-6.852],[109.623,-6.842],[109.596,-6.841],[109.584,-6.872],[109.563,-6.9],[109.553,-6.929],[109.513,-6.947],[109.498,-6.964],[109.499,-7],[109.485,-7.045],[109.505,-7.1],[109.491,-7.12],[109.506,-7.168],[109.526,-7.199],[109.523,-7.219],[109.532,-7.231],[109.539,-7.244],[109.552,-7.231],[109.579,-7.222],[109.596,-7.206],[109.611,-7.211],[109.635,-7.178],[109.681,-7.175],[109.69,-7.195],[109.726,-7.202],[109.762,-7.177],[109.799,-7.171]]]},"properties":{"name":"Pekalongan"}},
{"type":"Feature","geometry":{"type":"MultiPolygon","coordinates":[[[[102.856,0.259],[102.882,0.27],[102.907,0.291],[102.945,0.307],[102.935,0.325],[102.895,0.305],[102.829,0.278],[102.826,0.264],[102.856,0.259]]],[[[102.965,0.32],[102.994,0.337],[102.986,0.356],[102.953,0.337],[102.945,0.327],[102.952,0.316],[102.965,0.32]]],[[[102.944,0.329],[102.951,0.337],[102.969,0.347],[102.964,0.36],[102.938,0.343],[102.944,0.329]]],[[[103.071,0.565],[103.084,0.59],[103.051,0.66],[103.034,0.661],[103.027,0.642],[103.071,0.565]]],[[[103.225,0.523],[103.285,0.528],[103.301,0.555],[103.302,0.602],[103.292,0.632],[103.273,0.665],[103.237,0.696],[103.191,0.7],[103.166,0.689],[103.149,0.667],[103.146,0.604],[103.138,0.553],[103.147,0.527],[103.166,0.5],[103.205,0.52],[103.225,0.523]]],[[[103.357,0.537],[103.331,0.547],[103.32,0.525],[103.29,0.508],[103.265,0.509],[103.206,0.477],[103.189,0.432],[103.168,0.407],[103.144,0.393],[103.087,0.383],[103.057,0.37],[103.014,0.339],[102.986,0.315],[102.934,0.293],[102.85,0.245],[102.807,0.262],[102.794,0.293],[102.842,0.315],[102.861,0.318],[102.913,0.343],[102.955,0.381],[103.007,0.402],[103.034,0.422],[103.076,0.445],[103.121,0.463],[103.106,0.509],[103.086,0.53],[103.062,0.545],[103.028,0.601],[102.962,0.656],[102.911,0.717],[102.901,0.721],[102.88,0.711],[102.86,0.673],[102.848,0.667],[102.527,0.631],[102.417,0.621],[102.34,0.611],[102.119,0.597],[101.977,0.572],[101.973,0.55],[101.92,0.521],[101.92,0.477],[101.915,0.46],[101.886,0.457],[101.886,0.511],[101.85,0.51],[101.842,0.495],[101.85,0.475],[101.837,0.436],[101.819,0.433],[101.794,0.408],[101.751,0.429],[101.733,0.445],[101.698,0.446],[101.692,0.419],[101.672,0.408],[101.677,0.456],[101.665,0.501],[101.665,0.537],[101.625,0.542],[101.592,0.531],[101.58,0.497],[101.589,0.474],[101.574,0.454],[101.591,0.424],[101.614,0.395],[101.639,0.394],[101.681,0.374],[101.659,0.319],[101.68,0.295],[101.682,0.271],[101.581,0.268],[101.565,0.225],[101.578,0.202],[101.592,0.194],[101.58,0.161],[101.571,0.104],[101.576,0.092],[101.569,0.052],[101.534,0.03],[101.529,-0.004],[101.515,-0.038],[101.525,-0.117],[101.545,-0.13],[101.57,-0.183],[101.592,-0.198],[101.612,-0.236],[101.639,-0.246],[101.713,-0.265],[101.734,-0.297],[101.754,-0.311],[101.76,-0.331],[101.748,-0.352],[101.789,-0.366],[101.805,-0.381],[101.829,-0.377],[101.849,-0.404],[101.872,-0.393],[101.893,-0.396],[101.951,-0.408],[101.97,-0.4],[102.019,-0.35],[102.047,-0.312],[102.097,-0.276],[102.15,-0.27],[102.174,-0.247],[102.179,-0.212],[102.195,-0.18],[102.225,-0.166],[102.253,-0.166],[102.301,-0.174],[102.368,-0.179],[102.407,-0.166],[102.433,-0.147],[102.475,-0.098],[102.485,-0.069],[102.496,0.012],[102.515,0.049],[102.538,0.075],[102.566,0.093],[102.593,0.101],[102.717,0.105],[102.745,0.114],[102.782,0.117],[102.814,0.126],[102.859,0.153],[102.884,0.177],[102.918,0.219],[102.96,0.257],[103.004,0.291],[103.028,0.301],[103.116,0.325],[103.145,0.34],[103.208,0.408],[103.264,0.452],[103.337,0.485],[103.357,0.537]]]]},"properties":{"name":"Pelalawan"}},
{"type":"Feature","geometry":{"type":"Polygon","coordinates":[[[109.224,-7.246],[109.248,-7.228],[109.293,-7.216],[109.328,-7.213],[109.381,-7.19],[109.409,-7.201],[109.434,-7.181],[109.443,-7.161],[109.461,-7.179],[109.457,-7.197],[109.48,-7.222],[109.507,-7.24],[109.532,-7.231],[109.523,-7.219],[109.526,-7.199],[109.506,-7.168],[109.491,-7.12],[109.505,-7.1],[109.485,-7.045],[109.499,-7],[109.498,-6.964],[109.513,-6.947],[109.553,-6.929],[109.563,-6.9],[109.584,-6.872],[109.596,-6.841],[109.56,-6.827],[109.525,-6.78],[109.506,-6.791],[109.465,-6.826],[109.426,-6.846],[109.378,-6.862],[109.351,-6.862],[109.36,-6.878],[109.325,-6.925],[109.334,-6.942],[109.315,-6.984],[109.293,-6.995],[109.273,-7.057],[109.237,-7.075],[109.215,-7.129],[109.195,-7.13],[109.189,-7.161],[109.198,-7.17],[109.204,-7.248],[109.224,-7.246]]]},"properties":{"name":"Pemalang"}},
{"type":"Feature","geometry":{"type":"Polygon","coordinates":[[[116.837,-1.046],[116.843,-1.022],[116.872,-1.008],[116.889,-0.979],[116.921,-0.963],[116.955,-0.926],[116.885,-0.851],[116.893,-0.831],[116.86,-0.818],[116.809,-0.812],[116.742,-0.808],[116.714,-0.798],[116.684,-0.801],[116.667,-0.812],[116.647,-0.842],[116.63,-0.882],[116.603,-0.879],[116.565,-0.849],[116.543,-0.839],[116.516,-0.842],[116.488,-0.884],[116.479,-0.914],[116.461,-0.95],[116.439,-0.971],[116.455,-1.025],[116.454,-1.044],[116.428,-1.072],[116.417,-1.091],[116.376,-1.132],[116.371,-1.144],[116.378,-1.199],[116.344,-1.245],[116.335,-1.284],[116.335,-1.334],[116.355,-1.39],[116.364,-1.47],[116.387,-1.544],[116.52,-1.59],[116.552,-1.605],[116.559,-1.601],[116.549,-1.535],[116.533,-1.516],[116.54,-1.465],[116.588,-1.426],[116.626,-1.409],[116.649,-1.406],[116.762,-1.362],[116.76,-1.299],[116.763,-1.278],[116.778,-1.248],[116.78,-1.225],[116.766,-1.212],[116.775,-1.188],[116.757,-1.139],[116.724,-1.121],[116.716,-1.11],[116.731,-1.086],[116.76,-1.076],[116.781,-1.039],[116.806,-1.058],[116.837,-1.046]]]},"properties":{"name":"Penajam Paser Utara"}},
{"type":"Feature","geometry":{"type":"Polygon","coordinates":[[[104.167,-3.055],[104.141,-3.046],[104.128,-3.007],[104.067,-3.004],[104.027,-3.029],[103.949,-3.005],[103.939,-3.016],[103.912,-3.024],[103.891,-3.057],[103.886,-3.079],[103.844,-3.089],[103.809,-3.131],[103.784,-3.176],[103.789,-3.195],[103.774,-3.254],[103.741,-3.267],[103.717,-3.262],[103.706,-3.238],[103.668,-3.257],[103.649,-3.246],[103.632,-3.256],[103.624,-3.276],[103.607,-3.289],[103.617,-3.33],[103.646,-3.352],[103.656,-3.368],[103.672,-3.349],[103.69,-3.345],[103.724,-3.351],[103.762,-3.344],[103.789,-3.323],[103.808,-3.317],[103.828,-3.328],[103.85,-3.32],[103.859,-3.339],[103.886,-3.33],[103.911,-3.355],[103.933,-3.396],[103.974,-3.408],[104.019,-3.414],[104.023,-3.365],[104.086,-3.362],[104.094,-3.354],[104.117,-3.369],[104.131,-3.359],[104.149,-3.34],[104.18,-3.357],[104.213,-3.368],[104.212,-3.33],[104.232,-3.305],[104.228,-3.265],[104.211,-3.246],[104.23,-3.212],[104.236,-3.153],[104.245,-3.096],[104.257,-3.056],[104.256,-3.043],[104.232,-3.031],[104.163,-3.094],[104.167,-3.055]]]},"properties":{"name":"Penukal Abab Lematang Ilir"}},
{"type":"Feature","geometry":{"type":"MultiPolygon","coordinates":[[[[105.291,-5.798],[105.279,-5.813],[105.253,-5.821],[105.285,-5.838],[105.295,-5.818],[105.291,-5.798]]],[[[105.219,-5.366],[105.213,-5.354],[105.164,-5.322],[105.109,-5.311],[105.141,-5.259],[105.16,-5.274],[105.176,-5.259],[105.161,-5.229],[105.163,-5.21],[105.21,-5.18],[105.24,-5.171],[105.211,-5.155],[105.206,-5.135],[105.177,-5.136],[105.133,-5.15],[105.075,-5.16],[105.058,-5.171],[105.038,-5.209],[105.066,-5.216],[105.061,-5.243],[105.045,-5.249],[105.033,-5.282],[105.037,-5.32],[105.052,-5.322],[105.072,-5.361],[105.06,-5.385],[105.006,-5.387],[104.99,-5.403],[104.99,-5.419],[104.95,-5.428],[104.94,-5.467],[104.925,-5.501],[104.945,-5.533],[104.944,-5.569],[104.972,-5.586],[104.993,-5.591],[105.027,-5.617],[105.075,-5.664],[105.094,-5.673],[105.083,-5.722],[105.118,-5.772],[105.172,-5.781],[105.172,-5.8],[105.217,-5.778],[105.167,-5.762],[105.18,-5.721],[105.21,-5.725],[105.213,-5.707],[105.193,-5.703],[105.183,-5.664],[105.206,-5.653],[105.184,-5.62],[105.166,-5.604],[105.204,-5.577],[105.236,-5.592],[105.245,-5.547],[105.264,-5.514],[105.253,-5.489],[105.239,-5.492],[105.205,-5.421],[105.176,-5.408],[105.203,-5.387],[105.219,-5.366]]]]},"properties":{"name":"Pesawaran"}},
{"type":"Feature","geometry":{"type":"Polygon","coordinates":[[[103.642,-4.937],[103.659,-4.961],[103.653,-4.987],[103.67,-4.991],[103.69,-4.963],[103.71,-4.961],[103.738,-4.981],[103.749,-4.997],[103.739,-5.024],[103.754,-5.047],[103.786,-5.034],[103.794,-5.047],[103.815,-5.051],[103.838,-5.066],[103.845,-5.085],[103.867,-5.111],[103.912,-5.128],[103.93,-5.15],[103.937,-5.173],[103.931,-5.191],[103.903,-5.212],[103.914,-5.237],[103.941,-5.236],[103.987,-5.257],[104.007,-5.282],[103.992,-5.308],[104.001,-5.324],[104.028,-5.334],[104.031,-5.364],[104.055,-5.376],[104.069,-5.4],[104.108,-5.429],[104.121,-5.457],[104.189,-5.489],[104.214,-5.51],[104.213,-5.522],[104.273,-5.552],[104.312,-5.592],[104.32,-5.615],[104.301,-5.642],[104.373,-5.677],[104.421,-5.712],[104.421,-5.725],[104.445,-5.746],[104.453,-5.764],[104.498,-5.807],[104.54,-5.839],[104.565,-5.867],[104.576,-5.904],[104.556,-5.926],[104.585,-5.943],[104.594,-5.937],[104.659,-5.937],[104.66,-5.916],[104.641,-5.876],[104.639,-5.828],[104.631,-5.802],[104.615,-5.799],[104.587,-5.755],[104.613,-5.749],[104.612,-5.717],[104.629,-5.698],[104.605,-5.665],[104.589,-5.656],[104.571,-5.626],[104.54,-5.623],[104.535,-5.596],[104.51,-5.586],[104.509,-5.574],[104.486,-5.558],[104.474,-5.534],[104.441,-5.523],[104.431,-5.499],[104.414,-5.482],[104.411,-5.456],[104.349,-5.382],[104.332,-5.355],[104.315,-5.346],[104.261,-5.283],[104.254,-5.259],[104.223,-5.219],[104.205,-5.203],[104.145,-5.191],[104.084,-5.141],[104.079,-5.109],[104.058,-5.092],[104.029,-5.084],[104.017,-5.07],[104.023,-5.044],[104.012,-5.024],[103.982,-5.002],[103.957,-4.994],[103.941,-4.977],[103.921,-4.976],[103.89,-4.96],[103.873,-4.965],[103.839,-4.918],[103.82,-4.906],[103.818,-4.875],[103.793,-4.901],[103.793,-4.935],[103.772,-4.945],[103.752,-4.918],[103.732,-4.909],[103.694,-4.903],[103.659,-4.921],[103.642,-4.937]]]},"properties":{"name":"Pesisir Barat"}},
{"type":"Feature","geometry":{"type":"Polygon","coordinates":[[[101.282,-2.25],[101.265,-2.102],[101.241,-2.065],[101.207,-2.009],[101.206,-1.981],[101.192,-1.973],[101.158,-1.936],[101.145,-1.911],[101.164,-1.894],[101.179,-1.861],[101.159,-1.832],[101.153,-1.804],[101.129,-1.764],[101.132,-1.685],[101.064,-1.656],[101.063,-1.635],[101.017,-1.606],[101.02,-1.565],[100.983,-1.525],[100.978,-1.487],[100.958,-1.481],[100.934,-1.46],[100.942,-1.423],[100.895,-1.39],[100.909,-1.378],[100.906,-1.36],[100.876,-1.32],[100.859,-1.298],[100.837,-1.306],[100.828,-1.287],[100.8,-1.283],[100.809,-1.245],[100.797,-1.224],[100.8,-1.203],[100.791,-1.185],[100.764,-1.158],[100.737,-1.154],[100.736,-1.118],[100.721,-1.096],[100.701,-1.091],[100.65,-1.111],[100.622,-1.096],[100.619,-1.061],[100.597,-1.074],[100.553,-1.031],[100.552,-0.987],[100.537,-0.957],[100.52,-0.991],[100.493,-1.004],[100.479,-1.003],[100.458,-1.032],[100.43,-1.059],[100.413,-1.086],[100.421,-1.109],[100.363,-1.143],[100.386,-1.183],[100.419,-1.2],[100.419,-1.238],[100.404,-1.24],[100.401,-1.271],[100.422,-1.277],[100.447,-1.259],[100.49,-1.299],[100.518,-1.311],[100.538,-1.309],[100.568,-1.337],[100.584,-1.394],[100.558,-1.407],[100.583,-1.423],[100.561,-1.441],[100.597,-1.486],[100.623,-1.501],[100.619,-1.527],[100.636,-1.559],[100.637,-1.606],[100.644,-1.622],[100.689,-1.665],[100.707,-1.7],[100.754,-1.761],[100.787,-1.82],[100.831,-1.867],[100.858,-1.911],[100.867,-1.936],[100.868,-1.976],[100.879,-2.024],[100.88,-2.048],[100.866,-2.097],[100.823,-2.144],[100.823,-2.174],[100.849,-2.213],[100.87,-2.237],[100.892,-2.328],[100.99,-2.428],[101.023,-2.478],[101.132,-2.402],[101.147,-2.388],[101.17,-2.383],[101.237,-2.342],[101.238,-2.32],[101.254,-2.314],[101.285,-2.277],[101.282,-2.25]]]},"properties":{"name":"Pesisir Selatan"}},
{"type":"Feature","geometry":{"type":"Polygon","coordinates":[[[96.281,4.779],[96.35,4.776],[96.376,4.842],[96.397,4.867],[96.425,4.886],[96.45,4.925],[96.432,4.938],[96.397,4.942],[96.374,4.931],[96.342,4.944],[96.324,4.916],[96.28,4.909],[96.261,4.915],[96.247,4.937],[96.211,4.959],[96.19,5],[96.206,5.039],[96.194,5.072],[96.167,5.068],[96.137,5.075],[96.112,5.092],[96.09,5.092],[96.059,5.108],[96.021,5.145],[96.035,5.171],[96.052,5.18],[96.054,5.202],[96.04,5.24],[96.058,5.3],[96.094,5.285],[96.105,5.287],[96.079,5.293],[96.05,5.327],[95.992,5.365],[95.93,5.414],[95.891,5.462],[95.887,5.504],[95.828,5.535],[95.804,5.54],[95.746,5.569],[95.73,5.552],[95.725,5.499],[95.763,5.465],[95.787,5.459],[95.782,5.436],[95.754,5.42],[95.766,5.402],[95.75,5.354],[95.748,5.318],[95.763,5.314],[95.764,5.29],[95.791,5.281],[95.784,5.243],[95.793,5.212],[95.831,5.168],[95.841,5.138],[95.821,5.085],[95.793,5.081],[95.743,5.061],[95.762,5.056],[95.766,5.038],[95.803,4.988],[95.848,4.951],[95.855,4.93],[95.879,4.915],[95.902,4.866],[95.922,4.849],[95.956,4.831],[95.979,4.796],[95.991,4.787],[95.995,4.756],[96.008,4.741],[96.042,4.658],[96.075,4.678],[96.117,4.74],[96.115,4.761],[96.151,4.755],[96.186,4.767],[96.204,4.761],[96.226,4.765],[96.266,4.795],[96.281,4.779]]]},"properties":{"name":"Pidie"}},
{"type":"Feature","geometry":{"type":"Polygon","coordinates":[[[96.342,5.227],[96.314,5.235],[96.264,5.26],[96.238,5.263],[96.191,5.26],[96.145,5.278],[96.105,5.287],[96.094,5.285],[96.058,5.3],[96.04,5.24],[96.054,5.202],[96.052,5.18],[96.035,5.171],[96.021,5.145],[96.059,5.108],[96.09,5.092],[96.112,5.092],[96.137,5.075],[96.167,5.068],[96.194,5.072],[96.206,5.039],[96.19,5],[96.211,4.959],[96.247,4.937],[96.261,4.915],[96.28,4.909],[96.324,4.916],[96.342,4.944],[96.325,4.962],[96.348,4.991],[96.347,5.015],[96.366,5.046],[96.348,5.08],[96.348,5.123],[96.335,5.151],[96.335,5.185],[96.345,5.206],[96.342,5.227]]]},"properties":{"name":"Pidie Jaya"}},
{"type":"Feature","geometry":{"type":"Polygon","coordinates":[[[119.69,-3.36],[119.68,-3.366],[119.65,-3.36],[119.647,-3.327],[119.604,-3.282],[119.572,-3.286],[119.559,-3.27],[119.529,-3.275],[119.515,-3.296],[119.441,-3.254],[119.432,-3.268],[119.434,-3.316],[119.44,-3.338],[119.465,-3.377],[119.469,-3.433],[119.477,-3.462],[119.492,-3.475],[119.474,-3.503],[119.505,-3.537],[119.514,-3.561],[119.509,-3.598],[119.495,-3.602],[119.481,-3.633],[119.458,-3.642],[119.45,-3.678],[119.452,-3.714],[119.481,-3.749],[119.506,-3.809],[119.529,-3.878],[119.549,-3.918],[119.571,-3.948],[119.579,-3.983],[119.583,-4.025],[119.594,-4.022],[119.587,-3.974],[119.609,-3.982],[119.636,-3.982],[119.664,-3.961],[119.704,-3.906],[119.718,-3.907],[119.723,-3.877],[119.754,-3.799],[119.746,-3.785],[119.756,-3.745],[119.778,-3.738],[119.782,-3.719],[119.759,-3.699],[119.76,-3.676],[119.723,-3.646],[119.719,-3.556],[119.7,-3.512],[119.706,-3.473],[119.69,-3.461],[119.699,-3.427],[119.69,-3.36]]]},"properties":{"name":"Pinrang"}},
{"type":"Feature","geometry":{"type":"Polygon","coordinates":[[[122.077,0.904],[122.058,0.901],[122.03,0.886],[121.999,0.89],[121.982,0.907],[121.955,0.908],[121.938,0.928],[121.922,0.928],[121.902,0.964],[121.863,0.991],[121.831,0.961],[121.762,0.932],[121.735,0.93],[121.702,0.907],[121.646,0.895],[121.603,0.873],[121.574,0.871],[121.537,0.876],[121.532,0.853],[121.477,0.838],[121.462,0.845],[121.401,0.843],[121.386,0.854],[121.347,0.848],[121.353,0.795],[121.326,0.792],[121.27,0.796],[121.246,0.801],[121.216,0.792],[121.208,0.768],[121.192,0.767],[121.182,0.743],[121.187,0.722],[121.173,0.685],[121.163,0.677],[121.197,0.642],[121.219,0.638],[121.235,0.608],[121.275,0.583],[121.338,0.574],[121.35,0.555],[121.336,0.527],[121.351,0.488],[121.338,0.474],[121.362,0.472],[121.422,0.484],[121.44,0.465],[121.475,0.483],[121.494,0.479],[121.519,0.496],[121.513,0.525],[121.524,0.55],[121.569,0.536],[121.641,0.537],[121.674,0.52],[121.708,0.518],[121.731,0.499],[121.755,0.461],[121.784,0.437],[121.806,0.412],[121.868,0.438],[121.92,0.448],[121.938,0.445],[121.974,0.46],[122,0.459],[122.049,0.478],[122.081,0.477],[122.119,0.497],[122.119,0.543],[122.13,0.557],[122.135,0.596],[122.133,0.635],[122.125,0.683],[122.115,0.819],[122.09,0.823],[122.082,0.844],[122.088,0.894],[122.077,0.904]]]},"properties":{"name":"Pohuwato"}},
{"type":"Feature","geometry":{"type":"Polygon","coordinates":[[[119.006,-3.533],[119.022,-3.516],[119.04,-3.516],[119.065,-3.502],[119.111,-3.517],[119.136,-3.494],[119.169,-3.488],[119.197,-3.494],[119.233,-3.487],[119.246,-3.466],[119.281,-3.454],[119.279,-3.438],[119.307,-3.425],[119.343,-3.434],[119.367,-3.453],[119.386,-3.45],[119.411,-3.467],[119.452,-3.478],[119.474,-3.503],[119.492,-3.475],[119.477,-3.462],[119.469,-3.433],[119.465,-3.377],[119.44,-3.338],[119.433,-3.323],[119.412,-3.32],[119.402,-3.306],[119.345,-3.289],[119.295,-3.253],[119.289,-3.201],[119.256,-3.166],[119.254,-3.127],[119.226,-3.093],[119.224,-3.072],[119.189,-3.092],[119.177,-3.105],[119.148,-3.117],[119.132,-3.098],[119.112,-3.093],[119.081,-3.113],[119.065,-3.105],[119.043,-3.086],[118.984,-3.092],[118.956,-3.089],[118.946,-3.106],[118.953,-3.127],[118.951,-3.152],[118.911,-3.17],[118.898,-3.198],[118.913,-3.222],[118.909,-3.239],[118.921,-3.297],[118.905,-3.328],[118.919,-3.372],[118.916,-3.409],[118.95,-3.452],[118.966,-3.494],[118.985,-3.497],[119.006,-3.533]]]},"properties":{"name":"Polewali Mandar"}},
{"type":"Feature","geometry":{"type":"Polygon","coordinates":[[[111.45,-7.779],[111.428,-7.776],[111.364,-7.784],[111.319,-7.786],[111.29,-7.794],[111.307,-7.824],[111.299,-7.879],[111.273,-7.937],[111.314,-7.935],[111.327,-7.968],[111.35,-7.977],[111.356,-8],[111.349,-8.021],[111.367,-8.033],[111.353,-8.059],[111.354,-8.093],[111.38,-8.136],[111.378,-8.16],[111.405,-8.173],[111.425,-8.17],[111.44,-8.166],[111.475,-8.171],[111.472,-8.143],[111.483,-8.109],[111.522,-8.108],[111.534,-8.063],[111.573,-8.048],[111.581,-8.026],[111.606,-8.019],[111.631,-8.004],[111.657,-8.004],[111.66,-7.969],[111.642,-7.955],[111.692,-7.931],[111.701,-7.896],[111.75,-7.891],[111.755,-7.908],[111.771,-7.887],[111.771,-7.856],[111.786,-7.833],[111.752,-7.801],[111.733,-7.801],[111.721,-7.813],[111.7,-7.812],[111.678,-7.774],[111.658,-7.767],[111.605,-7.781],[111.582,-7.802],[111.509,-7.799],[111.469,-7.777],[111.45,-7.779]]]},"properties":{"name":"Ponorogo"}},
{"type":"Feature","geometry":{"type":"Polygon","coordinates":[[[120.842,-2.218],[120.842,-2.183],[120.83,-2.095],[120.844,-2.031],[120.929,-1.916],[120.916,-1.894],[120.901,-1.889],[120.888,-1.858],[120.871,-1.852],[120.851,-1.788],[120.834,-1.752],[120.857,-1.681],[120.882,-1.625],[120.962,-1.624],[120.931,-1.583],[120.915,-1.571],[120.902,-1.538],[120.891,-1.483],[120.891,-1.413],[120.864,-1.414],[120.842,-1.403],[120.836,-1.372],[120.819,-1.353],[120.789,-1.358],[120.785,-1.372],[120.763,-1.365],[120.748,-1.39],[120.728,-1.384],[120.704,-1.4],[120.693,-1.419],[120.675,-1.415],[120.665,-1.384],[120.646,-1.369],[120.647,-1.33],[120.638,-1.308],[120.624,-1.3],[120.597,-1.27],[120.571,-1.256],[120.566,-1.226],[120.571,-1.199],[120.592,-1.178],[120.593,-1.149],[120.582,-1.134],[120.581,-1.108],[120.53,-1.13],[120.466,-1.148],[120.446,-1.146],[120.399,-1.161],[120.342,-1.187],[120.313,-1.19],[120.29,-1.202],[120.273,-1.23],[120.232,-1.225],[120.216,-1.254],[120.189,-1.277],[120.216,-1.289],[120.257,-1.322],[120.287,-1.364],[120.28,-1.4],[120.267,-1.416],[120.25,-1.413],[120.242,-1.436],[120.222,-1.456],[120.181,-1.448],[120.151,-1.479],[120.136,-1.504],[120.113,-1.518],[120.099,-1.557],[120.106,-1.563],[120.139,-1.56],[120.143,-1.571],[120.136,-1.651],[120.152,-1.683],[120.151,-1.721],[120.17,-1.741],[120.172,-1.785],[120.108,-1.803],[120.101,-1.824],[120.133,-1.859],[120.145,-1.886],[120.124,-1.906],[120.103,-1.899],[120.098,-1.935],[120.107,-1.965],[120.099,-1.986],[120.115,-2.009],[120.179,-2.034],[120.203,-2.036],[120.238,-2.029],[120.271,-2.028],[120.335,-2.062],[120.345,-2.057],[120.349,-2.03],[120.362,-2.011],[120.363,-1.992],[120.38,-1.945],[120.389,-1.898],[120.409,-1.897],[120.419,-1.914],[120.471,-1.963],[120.484,-2.002],[120.521,-2.051],[120.615,-2.157],[120.717,-2.223],[120.757,-2.239],[120.791,-2.238],[120.805,-2.225],[120.842,-2.218]]]},"properties":{"name":"Poso"}},
{"type":"Feature","geometry":{"type":"Polygon","coordinates":[[[104.795,-5.171],[104.783,-5.167],[104.762,-5.191],[104.774,-5.214],[104.761,-5.253],[104.794,-5.28],[104.796,-5.297],[104.844,-5.344],[104.857,-5.345],[104.857,-5.376],[104.873,-5.38],[104.882,-5.397],[104.904,-5.411],[104.89,-5.427],[104.907,-5.456],[104.895,-5.487],[104.883,-5.491],[104.879,-5.514],[104.913,-5.563],[104.944,-5.569],[104.945,-5.533],[104.925,-5.501],[104.94,-5.467],[104.95,-5.428],[104.99,-5.419],[104.99,-5.403],[105.006,-5.387],[105.06,-5.385],[105.072,-5.361],[105.052,-5.322],[105.037,-5.32],[105.033,-5.282],[105.045,-5.249],[105.061,-5.243],[105.066,-5.216],[105.038,-5.209],[105.01,-5.238],[104.97,-5.244],[104.949,-5.258],[104.913,-5.267],[104.898,-5.243],[104.884,-5.251],[104.862,-5.215],[104.829,-5.201],[104.804,-5.173],[104.795,-5.171]]]},"properties":{"name":"Pringsewu"}},
{"type":"Feature","geometry":{"type":"Polygon","coordinates":[[[113.624,-7.961],[113.611,-7.95],[113.626,-7.917],[113.617,-7.873],[113.602,-7.845],[113.612,-7.825],[113.598,-7.771],[113.576,-7.756],[113.579,-7.726],[113.598,-7.715],[113.577,-7.707],[113.546,-7.714],[113.498,-7.698],[113.439,-7.734],[113.382,-7.736],[113.346,-7.771],[113.324,-7.776],[113.307,-7.768],[113.279,-7.783],[113.255,-7.749],[113.238,-7.74],[113.232,-7.756],[113.24,-7.809],[113.216,-7.82],[113.178,-7.81],[113.183,-7.792],[113.164,-7.779],[113.18,-7.746],[113.151,-7.741],[113.14,-7.726],[113.108,-7.721],[113.101,-7.702],[113.085,-7.71],[113.055,-7.748],[113.057,-7.762],[113.048,-7.817],[112.99,-7.87],[112.966,-7.896],[112.949,-7.906],[112.953,-7.943],[112.935,-7.956],[112.942,-7.983],[112.975,-7.98],[112.994,-7.961],[113.022,-7.969],[113.044,-7.99],[113.064,-7.998],[113.07,-7.982],[113.104,-7.981],[113.113,-7.988],[113.154,-7.971],[113.191,-7.945],[113.212,-7.911],[113.267,-7.901],[113.275,-7.93],[113.322,-7.928],[113.345,-7.956],[113.357,-7.984],[113.363,-8.028],[113.406,-8.009],[113.425,-8.011],[113.444,-8.024],[113.471,-8.022],[113.494,-8.005],[113.528,-8.013],[113.561,-7.987],[113.604,-7.981],[113.62,-7.988],[113.644,-7.973],[113.624,-7.961]]]},"properties":{"name":"Probolinggo"}},
{"type":"Feature","geometry":{"type":"Polygon","coordinates":[[[113.827,-1.631],[113.807,-1.706],[113.805,-1.741],[113.818,-1.789],[113.823,-1.84],[113.822,-1.895],[113.815,-1.956],[113.831,-2.004],[113.927,-2.143],[113.938,-2.164],[114.035,-2.174],[114.107,-2.198],[114.085,-2.251],[114.03,-2.292],[114.027,-2.397],[113.975,-2.391],[113.941,-2.398],[113.763,-2.399],[113.713,-2.489],[113.682,-2.556],[113.658,-2.595],[113.583,-2.741],[113.577,-2.777],[113.578,-2.82],[113.584,-2.837],[113.618,-2.887],[113.639,-2.929],[113.647,-3.002],[113.639,-3.05],[113.638,-3.092],[113.629,-3.133],[113.613,-3.135],[113.593,-3.167],[113.617,-3.213],[113.63,-3.263],[113.632,-3.321],[113.626,-3.352],[113.611,-3.396],[113.581,-3.442],[113.627,-3.465],[113.68,-3.469],[113.721,-3.468],[113.786,-3.461],[113.821,-3.45],[113.86,-3.431],[113.901,-3.401],[113.962,-3.365],[113.994,-3.355],[114.041,-3.349],[114.053,-3.311],[114.068,-3.323],[114.076,-3.346],[114.132,-3.382],[114.176,-3.273],[114.192,-3.216],[114.204,-3.188],[114.227,-3.194],[114.284,-3.043],[114.223,-2.953],[114.265,-2.911],[114.282,-2.849],[114.291,-2.834],[114.284,-2.815],[114.287,-2.793],[114.348,-2.746],[114.335,-2.718],[114.331,-2.637],[114.318,-2.524],[114.296,-2.432],[114.276,-2.332],[114.252,-2.294],[114.216,-2.268],[114.161,-2.248],[114.134,-2.219],[114.126,-2.157],[114.13,-2.101],[114.137,-2.065],[114.133,-2.04],[114.117,-2],[114.099,-1.979],[114.073,-1.966],[114.033,-1.924],[114.021,-1.903],[114.016,-1.869],[113.999,-1.833],[113.989,-1.797],[113.983,-1.75],[113.981,-1.694],[113.971,-1.673],[113.984,-1.65],[113.99,-1.621],[113.992,-1.579],[113.969,-1.542],[113.914,-1.575],[113.888,-1.617],[113.827,-1.631]]]},"properties":{"name":"Pulang Pisau"}},
{"type":"Feature","geometry":{"type":"MultiPolygon","coordinates":[[[[128.183,2.366],[128.167,2.413],[128.143,2.389],[128.145,2.375],[128.125,2.334],[128.139,2.299],[128.161,2.288],[128.178,2.291],[128.177,2.315],[128.183,2.366]]],[[[128.594,2.612],[128.583,2.634],[128.56,2.642],[128.543,2.615],[128.546,2.606],[128.52,2.576],[128.461,2.596],[128.433,2.573],[128.416,2.535],[128.349,2.494],[128.323,2.472],[128.294,2.427],[128.299,2.413],[128.285,2.372],[128.241,2.319],[128.219,2.306],[128.197,2.279],[128.222,2.277],[128.235,2.252],[128.249,2.248],[128.245,2.215],[128.248,2.174],[128.244,2.163],[128.246,2.124],[128.253,2.094],[128.279,2.088],[128.293,2.054],[128.278,2.006],[128.293,2.009],[128.3,2.036],[128.346,2.038],[128.397,2.056],[128.446,2.061],[128.471,2.054],[128.505,2.059],[128.522,2.069],[128.552,2.105],[128.574,2.107],[128.575,2.137],[128.593,2.175],[128.625,2.218],[128.63,2.26],[128.654,2.312],[128.641,2.332],[128.65,2.367],[128.664,2.391],[128.688,2.412],[128.693,2.428],[128.688,2.502],[128.673,2.499],[128.661,2.521],[128.636,2.543],[128.631,2.563],[128.614,2.567],[128.594,2.612]]]]},"properties":{"name":"Pulau Morotai"}},
{"type":"Feature","geometry":{"type":"MultiPolygon","coordinates":[[[[124.392,-2.033],[124.379,-2.038],[124.375,-2.06],[124.401,-2.058],[124.392,-2.033]]],[[[124.334,-1.966],[124.31,-1.976],[124.304,-1.998],[124.353,-2.03],[124.368,-2.023],[124.37,-1.986],[124.356,-1.973],[124.334,-1.966]]],[[[124.293,-1.745],[124.283,-1.755],[124.292,-1.776],[124.314,-1.781],[124.293,-1.745]]],[[[124.531,-1.631],[124.512,-1.635],[124.503,-1.655],[124.465,-1.663],[124.419,-1.664],[124.401,-1.66],[124.378,-1.677],[124.362,-1.705],[124.371,-1.734],[124.361,-1.77],[124.348,-1.788],[124.341,-1.877],[124.336,-1.887],[124.356,-1.925],[124.379,-1.942],[124.394,-1.973],[124.397,-1.998],[124.392,-2.019],[124.45,-2.025],[124.485,-2.023],[124.5,-1.996],[124.521,-1.981],[124.556,-1.994],[124.536,-2.005],[124.518,-1.991],[124.493,-2.01],[124.524,-2.018],[124.583,-2.003],[124.652,-1.98],[124.694,-1.97],[124.701,-1.953],[124.763,-1.928],[124.774,-1.916],[124.812,-1.902],[124.862,-1.892],[124.891,-1.927],[124.919,-1.926],[124.995,-1.932],[125.009,-1.944],[125.021,-1.928],[125.013,-1.905],[125.026,-1.891],[125.059,-1.885],[125.093,-1.899],[125.112,-1.894],[125.127,-1.878],[125.169,-1.875],[125.178,-1.884],[125.21,-1.882],[125.228,-1.874],[125.24,-1.882],[125.318,-1.892],[125.327,-1.885],[125.315,-1.847],[125.315,-1.825],[125.324,-1.797],[125.316,-1.781],[125.3,-1.779],[125.298,-1.739],[125.273,-1.727],[125.243,-1.723],[125.223,-1.748],[125.229,-1.76],[125.214,-1.792],[125.185,-1.786],[125.2,-1.733],[125.184,-1.703],[125.142,-1.692],[125.129,-1.684],[125.108,-1.691],[125.103,-1.727],[125.104,-1.753],[125.096,-1.761],[125.069,-1.754],[125.051,-1.769],[125.014,-1.746],[125.027,-1.726],[124.98,-1.704],[124.934,-1.698],[124.894,-1.705],[124.866,-1.682],[124.837,-1.684],[124.781,-1.667],[124.751,-1.671],[124.715,-1.654],[124.672,-1.644],[124.605,-1.639],[124.577,-1.647],[124.531,-1.631]]]]},"properties":{"name":"Pulau Taliabu"}},
{"type":"Feature","geometry":{"type":"Polygon","coordinates":[[[137.189,-3.909],[137.2,-3.938],[137.204,-4.024],[137.291,-4.032],[137.321,-4.161],[137.45,-4.165],[137.487,-4.163],[137.678,-4.172],[137.715,-4.057],[137.758,-4.013],[137.814,-3.979],[137.871,-3.976],[137.937,-3.962],[137.949,-3.944],[137.952,-3.867],[137.913,-3.829],[137.891,-3.771],[137.891,-3.705],[137.887,-3.685],[137.843,-3.702],[137.818,-3.695],[137.787,-3.674],[137.767,-3.63],[137.746,-3.61],[137.725,-3.602],[137.654,-3.602],[137.616,-3.577],[137.571,-3.528],[137.496,-3.486],[137.475,-3.455],[137.471,-3.423],[137.441,-3.356],[137.412,-3.327],[137.385,-3.307],[137.436,-3.254],[137.473,-3.226],[137.502,-3.199],[137.581,-3.148],[137.618,-3.112],[137.581,-3.066],[137.558,-3.052],[137.512,-3.057],[137.483,-3.044],[137.456,-3.05],[137.419,-2.993],[137.395,-2.983],[137.38,-2.966],[137.364,-2.97],[137.294,-3.003],[137.261,-3.015],[137.249,-3.031],[137.209,-3.057],[137.152,-3.078],[137.174,-3.089],[137.187,-3.106],[137.182,-3.122],[137.134,-3.135],[137.127,-3.123],[137.105,-3.14],[137.089,-3.172],[137.072,-3.18],[137.052,-3.176],[137.032,-3.185],[136.982,-3.182],[136.958,-3.188],[136.909,-3.192],[136.898,-3.219],[136.882,-3.241],[136.916,-3.309],[136.95,-3.336],[136.956,-3.413],[136.979,-3.417],[136.984,-3.486],[137.024,-3.502],[137.024,-3.552],[137.08,-3.591],[137.105,-3.586],[137.144,-3.598],[137.127,-3.673],[137.109,-3.721],[137.106,-3.751],[137.126,-3.818],[137.172,-3.877],[137.189,-3.909]]]},"properties":{"name":"Puncak"}},
{"type":"Feature","geometry":{"type":"Polygon","coordinates":[[[138.305,-3.773],[138.267,-3.701],[138.245,-3.629],[138.236,-3.617],[138.183,-3.609],[138.137,-3.569],[138.109,-3.557],[138.071,-3.523],[138.068,-3.497],[138.037,-3.486],[138.039,-3.47],[138.029,-3.449],[138.029,-3.396],[138.014,-3.356],[138.021,-3.336],[138.02,-3.292],[138.036,-3.266],[138.032,-3.242],[138.015,-3.235],[138.019,-3.199],[138.007,-3.185],[138.01,-3.155],[137.953,-3.127],[137.883,-3.117],[137.825,-3.12],[137.734,-3.118],[137.618,-3.112],[137.581,-3.148],[137.502,-3.199],[137.473,-3.226],[137.436,-3.254],[137.385,-3.307],[137.412,-3.327],[137.441,-3.356],[137.471,-3.423],[137.475,-3.455],[137.496,-3.486],[137.571,-3.528],[137.616,-3.577],[137.654,-3.602],[137.725,-3.602],[137.746,-3.61],[137.767,-3.63],[137.787,-3.674],[137.818,-3.695],[137.843,-3.702],[137.887,-3.685],[137.891,-3.705],[137.891,-3.771],[137.913,-3.829],[137.952,-3.867],[138.009,-3.84],[138.05,-3.834],[138.125,-3.832],[138.186,-3.838],[138.269,-3.813],[138.305,-3.773]]]},"properties":{"name":"Puncak Jaya"}},
{"type":"Feature","geometry":{"type":"Polygon","coordinates":[[[109.539,-7.244],[109.532,-7.231],[109.507,-7.24],[109.48,-7.222],[109.457,-7.197],[109.461,-7.179],[109.443,-7.161],[109.434,-7.181],[109.409,-7.201],[109.381,-7.19],[109.328,-7.213],[109.293,-7.216],[109.248,-7.228],[109.224,-7.246],[109.255,-7.281],[109.269,-7.319],[109.295,-7.362],[109.313,-7.41],[109.334,-7.43],[109.341,-7.458],[109.321,-7.473],[109.338,-7.487],[109.362,-7.485],[109.394,-7.474],[109.411,-7.477],[109.43,-7.46],[109.489,-7.443],[109.517,-7.413],[109.542,-7.407],[109.534,-7.357],[109.518,-7.343],[109.527,-7.324],[109.563,-7.332],[109.567,-7.301],[109.585,-7.293],[109.569,-7.265],[109.539,-7.244]]]},"properties":{"name":"Purbalingga"}},
{"type":"Feature","geometry":{"type":"Polygon","coordinates":[[[107.596,-6.729],[107.591,-6.681],[107.602,-6.663],[107.58,-6.636],[107.59,-6.6],[107.561,-6.567],[107.558,-6.532],[107.56,-6.478],[107.544,-6.45],[107.527,-6.437],[107.529,-6.418],[107.503,-6.408],[107.478,-6.432],[107.461,-6.427],[107.433,-6.46],[107.372,-6.474],[107.35,-6.486],[107.328,-6.484],[107.285,-6.505],[107.284,-6.53],[107.273,-6.536],[107.25,-6.573],[107.221,-6.591],[107.227,-6.602],[107.264,-6.636],[107.259,-6.68],[107.25,-6.697],[107.284,-6.707],[107.306,-6.721],[107.321,-6.718],[107.329,-6.69],[107.368,-6.701],[107.409,-6.689],[107.425,-6.7],[107.452,-6.7],[107.487,-6.735],[107.522,-6.748],[107.549,-6.773],[107.57,-6.771],[107.571,-6.736],[107.596,-6.729]]]},"properties":{"name":"Purwakarta"}},
{"type":"Feature","geometry":{"type":"Polygon","coordinates":[[[109.82,-7.83],[109.863,-7.84],[109.969,-7.874],[110.003,-7.888],[110.028,-7.891],[110.042,-7.885],[110.044,-7.86],[110.059,-7.841],[110.062,-7.814],[110.081,-7.807],[110.09,-7.789],[110.113,-7.777],[110.132,-7.741],[110.138,-7.693],[110.118,-7.668],[110.142,-7.645],[110.121,-7.624],[110.1,-7.569],[110.081,-7.577],[110.059,-7.559],[110.044,-7.535],[110.014,-7.566],[109.979,-7.577],[109.968,-7.562],[109.973,-7.531],[109.898,-7.52],[109.842,-7.561],[109.815,-7.599],[109.804,-7.643],[109.808,-7.671],[109.8,-7.707],[109.83,-7.716],[109.835,-7.773],[109.829,-7.823],[109.82,-7.83]]]},"properties":{"name":"Purworejo"}},
{"type":"Feature","geometry":{"type":"MultiPolygon","coordinates":[[[[130.235,-2.183],[130.232,-2.206],[130.26,-2.215],[130.262,-2.188],[130.235,-2.183]]],[[[129.646,-1.786],[129.624,-1.789],[129.644,-1.828],[129.654,-1.801],[129.646,-1.786]]],[[[130.264,-1.701],[130.254,-1.724],[130.21,-1.72],[130.194,-1.713],[130.156,-1.716],[130.121,-1.708],[130.094,-1.724],[130.054,-1.719],[130.027,-1.735],[130.006,-1.736],[129.973,-1.762],[129.919,-1.776],[129.897,-1.777],[129.886,-1.795],[129.84,-1.82],[129.804,-1.826],[129.783,-1.836],[129.742,-1.844],[129.718,-1.872],[129.726,-1.892],[129.756,-1.902],[129.778,-1.92],[129.808,-1.934],[129.852,-1.967],[129.903,-1.98],[129.943,-2.009],[129.96,-2.016],[129.977,-2.006],[130.029,-2.017],[130.073,-2.02],[130.1,-2.035],[130.098,-2.051],[130.116,-2.059],[130.169,-2.055],[130.201,-2.063],[130.226,-2.054],[130.254,-2.054],[130.272,-2.017],[130.293,-2.012],[130.306,-1.992],[130.336,-1.98],[130.372,-1.997],[130.373,-2.031],[130.389,-2.036],[130.404,-2.024],[130.441,-2.019],[130.451,-2.004],[130.415,-2.005],[130.423,-1.987],[130.441,-1.974],[130.444,-1.957],[130.426,-1.948],[130.393,-1.952],[130.355,-1.933],[130.351,-1.915],[130.389,-1.888],[130.401,-1.893],[130.433,-1.847],[130.439,-1.821],[130.42,-1.797],[130.418,-1.776],[130.399,-1.761],[130.374,-1.755],[130.346,-1.724],[130.362,-1.716],[130.378,-1.682],[130.346,-1.664],[130.328,-1.679],[130.27,-1.692],[130.264,-1.701]]],[[[130.234,-1.476],[130.264,-1.463],[130.263,-1.45],[130.228,-1.459],[130.234,-1.476]]],[[[129.464,-1.185],[129.481,-1.173],[129.465,-1.156],[129.451,-1.16],[129.45,-1.18],[129.464,-1.185]]],[[[129.748,-1.143],[129.711,-1.148],[129.686,-1.166],[129.708,-1.189],[129.733,-1.171],[129.748,-1.143]]],[[[129.888,-1.141],[129.866,-1.131],[129.851,-1.144],[129.811,-1.149],[129.747,-1.168],[129.734,-1.184],[129.753,-1.209],[129.792,-1.193],[129.817,-1.202],[129.828,-1.219],[129.852,-1.23],[129.886,-1.213],[129.927,-1.177],[129.94,-1.186],[129.962,-1.178],[129.973,-1.157],[129.888,-1.141]]],[[[131.082,-1.079],[131.107,-1.08],[131.139,-1.056],[131.129,-1.027],[131.147,-1.016],[131.143,-0.996],[131.101,-0.998],[131.076,-1.051],[131.082,-1.079]]],[[[131.024,-1.196],[131.043,-1.187],[131.042,-1.169],[131.052,-1.123],[131.067,-1.097],[131.072,-1.042],[131.083,-1.01],[131.063,-1.004],[131.067,-0.98],[131.056,-0.961],[131.048,-0.929],[131.03,-0.912],[130.994,-0.926],[130.983,-0.919],[130.936,-0.943],[130.919,-0.913],[130.925,-0.893],[130.896,-0.891],[130.864,-0.895],[130.858,-0.905],[130.832,-0.897],[130.826,-0.908],[130.797,-0.918],[130.791,-0.931],[130.74,-0.93],[130.72,-0.943],[130.685,-0.953],[130.636,-0.96],[130.643,-0.993],[130.674,-1.012],[130.701,-1.068],[130.718,-1.08],[130.717,-1.097],[130.692,-1.094],[130.679,-1.111],[130.695,-1.132],[130.736,-1.164],[130.734,-1.187],[130.743,-1.172],[130.78,-1.166],[130.816,-1.179],[130.848,-1.206],[130.873,-1.198],[130.918,-1.201],[130.932,-1.183],[130.959,-1.174],[130.979,-1.184],[130.999,-1.181],[131.024,-1.196]]],[[[130.526,-0.802],[130.522,-0.828],[130.542,-0.823],[130.549,-0.797],[130.526,-0.802]]],[[[130.787,-0.756],[130.756,-0.778],[130.766,-0.799],[130.782,-0.785],[130.787,-0.756]]],[[[130.811,-0.767],[130.813,-0.802],[130.791,-0.804],[130.767,-0.819],[130.745,-0.811],[130.733,-0.821],[130.678,-0.806],[130.67,-0.82],[130.648,-0.822],[130.632,-0.799],[130.612,-0.818],[130.592,-0.826],[130.586,-0.811],[130.562,-0.796],[130.543,-0.841],[130.479,-0.82],[130.502,-0.798],[130.484,-0.792],[130.451,-0.813],[130.446,-0.835],[130.455,-0.855],[130.445,-0.896],[130.487,-0.908],[130.515,-0.897],[130.532,-0.918],[130.584,-0.909],[130.591,-0.913],[130.676,-0.9],[130.71,-0.889],[130.734,-0.876],[130.784,-0.874],[130.801,-0.861],[130.817,-0.869],[130.859,-0.853],[130.87,-0.83],[130.856,-0.812],[130.871,-0.799],[130.918,-0.797],[130.918,-0.774],[130.896,-0.778],[130.891,-0.764],[130.869,-0.773],[130.848,-0.768],[130.817,-0.781],[130.811,-0.767]]],[[[130.313,-0.654],[130.301,-0.644],[130.279,-0.655],[130.279,-0.67],[130.313,-0.654]]],[[[130.65,-0.578],[130.601,-0.59],[130.57,-0.611],[130.582,-0.619],[130.603,-0.599],[130.634,-0.594],[130.65,-0.578]]],[[[129.891,-0.407],[129.853,-0.425],[129.842,-0.451],[129.85,-0.479],[129.869,-0.507],[129.888,-0.499],[129.904,-0.473],[129.903,-0.447],[129.919,-0.42],[129.891,-0.407]]],[[[130.617,-0.415],[130.613,-0.428],[130.588,-0.424],[130.55,-0.441],[130.546,-0.466],[130.519,-0.478],[130.506,-0.452],[130.485,-0.439],[130.465,-0.453],[130.481,-0.465],[130.46,-0.48],[130.471,-0.496],[130.5,-0.492],[130.507,-0.516],[130.541,-0.521],[130.561,-0.502],[130.559,-0.478],[130.595,-0.476],[130.611,-0.492],[130.591,-0.516],[130.574,-0.547],[130.63,-0.532],[130.659,-0.518],[130.674,-0.5],[130.679,-0.474],[130.694,-0.455],[130.663,-0.429],[130.617,-0.415]]],[[[130.489,-0.306],[130.477,-0.316],[130.486,-0.333],[130.51,-0.332],[130.512,-0.309],[130.489,-0.306]]],[[[130.223,-0.292],[130.196,-0.284],[130.191,-0.308],[130.222,-0.322],[130.233,-0.305],[130.223,-0.292]]],[[[130.641,-0.115],[130.615,-0.106],[130.6,-0.092],[130.658,-0.084],[130.692,-0.076],[130.69,-0.097],[130.707,-0.099],[130.71,-0.118],[130.727,-0.148],[130.756,-0.161],[130.773,-0.161],[130.79,-0.195],[130.783,-0.228],[130.794,-0.248],[130.837,-0.252],[130.861,-0.24],[130.878,-0.254],[130.898,-0.287],[130.902,-0.309],[130.917,-0.308],[130.94,-0.352],[130.994,-0.364],[131.055,-0.348],[131.06,-0.335],[131.082,-0.322],[131.124,-0.335],[131.153,-0.335],[131.191,-0.351],[131.205,-0.369],[131.237,-0.386],[131.254,-0.379],[131.244,-0.355],[131.276,-0.35],[131.28,-0.335],[131.299,-0.326],[131.311,-0.303],[131.338,-0.291],[131.308,-0.269],[131.293,-0.247],[131.291,-0.225],[131.311,-0.213],[131.307,-0.188],[131.275,-0.158],[131.248,-0.14],[131.19,-0.134],[131.189,-0.117],[131.165,-0.104],[131.149,-0.085],[131.127,-0.078],[131.105,-0.081],[131.087,-0.07],[131.073,-0.076],[131.043,-0.066],[131.051,-0.04],[130.989,-0.048],[130.977,-0.063],[130.944,-0.046],[130.874,-0.017],[130.81,-0.008],[130.77,-0.011],[130.736,-0.027],[130.737,-0.036],[130.769,-0.038],[130.778,-0.051],[130.745,-0.056],[130.722,-0.051],[130.724,-0.028],[130.649,-0.05],[130.625,-0.062],[130.61,-0.05],[130.575,-0.047],[130.557,-0.034],[130.556,-0.065],[130.54,-0.074],[130.525,-0.062],[130.472,-0.071],[130.465,-0.083],[130.401,-0.114],[130.384,-0.074],[130.365,-0.097],[130.371,-0.116],[130.349,-0.134],[130.337,-0.11],[130.305,-0.102],[130.269,-0.119],[130.272,-0.149],[130.293,-0.162],[130.293,-0.178],[130.333,-0.191],[130.335,-0.162],[130.349,-0.159],[130.417,-0.178],[130.424,-0.203],[130.406,-0.208],[130.39,-0.231],[130.371,-0.237],[130.364,-0.207],[130.343,-0.205],[130.329,-0.222],[130.284,-0.221],[130.242,-0.208],[130.215,-0.205],[130.211,-0.219],[130.252,-0.23],[130.28,-0.23],[130.303,-0.249],[130.313,-0.267],[130.351,-0.26],[130.391,-0.274],[130.423,-0.264],[130.432,-0.285],[130.456,-0.263],[130.48,-0.263],[130.507,-0.248],[130.523,-0.258],[130.509,-0.301],[130.533,-0.311],[130.541,-0.333],[130.542,-0.383],[130.559,-0.418],[130.579,-0.391],[130.585,-0.372],[130.559,-0.375],[130.576,-0.336],[130.598,-0.319],[130.657,-0.308],[130.68,-0.296],[130.691,-0.304],[130.697,-0.331],[130.681,-0.346],[130.703,-0.385],[130.696,-0.396],[130.724,-0.446],[130.79,-0.451],[130.847,-0.429],[130.873,-0.431],[130.88,-0.415],[130.911,-0.406],[130.922,-0.383],[130.941,-0.365],[130.926,-0.339],[130.902,-0.314],[130.894,-0.324],[130.847,-0.318],[130.843,-0.302],[130.821,-0.296],[130.791,-0.312],[130.739,-0.284],[130.725,-0.269],[130.717,-0.24],[130.691,-0.203],[130.653,-0.155],[130.629,-0.145],[130.623,-0.117],[130.641,-0.115]]],[[[130.11,-0.004],[130.096,0.008],[130.082,-0.003],[130.103,-0.027],[130.09,-0.068],[130.104,-0.072],[130.108,-0.095],[130.131,-0.101],[130.142,-0.091],[130.149,-0.065],[130.142,-0.049],[130.116,-0.029],[130.11,-0.004]]],[[[130.93,-0.009],[130.961,0.008],[130.933,0.021],[130.921,0.009],[130.93,-0.009]]],[[[131.073,0.377],[131.049,0.4],[131.031,0.383],[131.065,0.353],[131.073,0.377]]],[[[131.223,0.556],[131.222,0.568],[131.187,0.582],[131.182,0.569],[131.223,0.556]]]]},"properties":{"name":"Raja Ampat"}},
{"type":"Feature","geometry":{"type":"Polygon","coordinates":[[[102.443,-3.528],[102.466,-3.532],[102.497,-3.514],[102.501,-3.501],[102.533,-3.496],[102.566,-3.508],[102.594,-3.526],[102.625,-3.516],[102.655,-3.541],[102.722,-3.553],[102.751,-3.543],[102.775,-3.547],[102.81,-3.53],[102.848,-3.537],[102.886,-3.579],[102.892,-3.609],[102.935,-3.578],[102.944,-3.54],[102.978,-3.527],[102.992,-3.513],[102.986,-3.495],[102.998,-3.469],[102.991,-3.461],[102.998,-3.426],[102.992,-3.412],[102.996,-3.391],[102.989,-3.37],[102.966,-3.362],[102.914,-3.376],[102.892,-3.376],[102.883,-3.347],[102.835,-3.334],[102.813,-3.337],[102.799,-3.321],[102.791,-3.29],[102.76,-3.284],[102.744,-3.316],[102.688,-3.319],[102.633,-3.343],[102.596,-3.333],[102.57,-3.315],[102.557,-3.296],[102.528,-3.287],[102.498,-3.26],[102.487,-3.284],[102.501,-3.31],[102.49,-3.326],[102.449,-3.321],[102.441,-3.347],[102.424,-3.358],[102.393,-3.355],[102.376,-3.382],[102.373,-3.411],[102.39,-3.415],[102.422,-3.494],[102.443,-3.528]]]},"properties":{"name":"Rejang Lebong"}},
{"type":"Feature","geometry":{"type":"Polygon","coordinates":[[[111.575,-6.918],[111.602,-6.912],[111.6,-6.893],[111.615,-6.882],[111.611,-6.846],[111.619,-6.822],[111.635,-6.829],[111.661,-6.817],[111.663,-6.771],[111.684,-6.771],[111.691,-6.754],[111.629,-6.701],[111.563,-6.639],[111.526,-6.63],[111.509,-6.632],[111.492,-6.621],[111.465,-6.641],[111.467,-6.658],[111.379,-6.702],[111.357,-6.704],[111.306,-6.697],[111.29,-6.688],[111.245,-6.692],[111.234,-6.687],[111.24,-6.705],[111.234,-6.753],[111.247,-6.764],[111.245,-6.796],[111.27,-6.831],[111.263,-6.855],[111.285,-6.865],[111.314,-6.865],[111.338,-6.873],[111.348,-6.886],[111.39,-6.893],[111.414,-6.884],[111.426,-6.894],[111.454,-6.876],[111.496,-6.894],[111.539,-6.9],[111.575,-6.918]]]},"properties":{"name":"Rembang"}},
{"type":"Feature","geometry":{"type":"MultiPolygon","coordinates":[[[[100.881,2.004],[100.877,2.034],[100.844,2.07],[100.806,2.096],[100.805,2.071],[100.828,2.041],[100.867,2.002],[100.881,2.004]]],[[[100.642,2.22],[100.635,2.193],[100.654,2.177],[100.684,2.169],[100.671,2.196],[100.642,2.22]]],[[[100.733,2.272],[100.718,2.27],[100.704,2.247],[100.707,2.219],[100.72,2.177],[100.742,2.143],[100.785,2.121],[100.777,2.159],[100.778,2.185],[100.765,2.204],[100.752,2.254],[100.733,2.272]]],[[[101.317,1.475],[101.333,1.496],[101.314,1.527],[101.3,1.589],[101.282,1.632],[101.253,1.681],[101.203,1.753],[101.13,1.841],[101.117,1.87],[101.079,1.919],[101.06,1.955],[101.054,1.994],[101.019,2.076],[101.009,2.12],[101.013,2.145],[101.036,2.216],[101.062,2.275],[101.052,2.291],[100.988,2.293],[100.946,2.305],[100.897,2.305],[100.789,2.29],[100.764,2.269],[100.76,2.251],[100.766,2.211],[100.782,2.183],[100.779,2.16],[100.795,2.113],[100.844,2.079],[100.877,2.044],[100.889,1.996],[100.864,1.988],[100.793,2.065],[100.759,2.088],[100.722,2.095],[100.685,2.12],[100.65,2.125],[100.568,2.156],[100.518,2.197],[100.484,2.22],[100.441,2.259],[100.408,2.308],[100.396,2.32],[100.38,2.379],[100.361,2.393],[100.348,2.429],[100.333,2.519],[100.323,2.545],[100.307,2.491],[100.295,2.428],[100.301,2.34],[100.317,2.29],[100.359,2.212],[100.365,2.21],[100.364,2.169],[100.337,2.122],[100.316,2.052],[100.314,1.91],[100.305,1.882],[100.282,1.865],[100.278,1.813],[100.296,1.791],[100.354,1.782],[100.352,1.738],[100.342,1.715],[100.319,1.69],[100.369,1.667],[100.383,1.672],[100.412,1.661],[100.403,1.624],[100.415,1.609],[100.404,1.586],[100.418,1.555],[100.424,1.489],[100.413,1.465],[100.388,1.456],[100.324,1.459],[100.317,1.476],[100.286,1.479],[100.279,1.466],[100.319,1.447],[100.334,1.433],[100.381,1.392],[100.412,1.383],[100.479,1.323],[100.494,1.306],[100.557,1.261],[100.617,1.223],[100.648,1.255],[100.654,1.282],[100.664,1.291],[100.694,1.252],[100.706,1.244],[100.768,1.242],[100.794,1.248],[100.806,1.289],[100.83,1.324],[100.866,1.356],[100.902,1.382],[100.946,1.398],[100.956,1.385],[100.948,1.351],[101.013,1.351],[101.057,1.374],[101.114,1.414],[101.137,1.419],[101.168,1.442],[101.241,1.466],[101.317,1.475]]]]},"properties":{"name":"Rokan Hilir"}},
{"type":"Feature","geometry":{"type":"Polygon","coordinates":[[[100.948,1.351],[100.956,1.385],[100.946,1.398],[100.902,1.382],[100.866,1.356],[100.83,1.324],[100.806,1.289],[100.794,1.248],[100.768,1.242],[100.706,1.244],[100.694,1.252],[100.664,1.291],[100.654,1.282],[100.648,1.255],[100.617,1.223],[100.557,1.261],[100.494,1.306],[100.479,1.323],[100.412,1.383],[100.381,1.392],[100.334,1.433],[100.308,1.417],[100.283,1.425],[100.252,1.413],[100.222,1.41],[100.201,1.399],[100.136,1.404],[100.117,1.395],[100.095,1.4],[100.042,1.392],[100.025,1.357],[100.026,1.335],[100.05,1.313],[100.074,1.276],[100.108,1.268],[100.123,1.247],[100.118,1.217],[100.135,1.168],[100.158,1.153],[100.166,1.134],[100.135,1.112],[100.123,1.094],[100.121,1.068],[100.14,1.061],[100.14,1.029],[100.165,1.004],[100.14,0.984],[100.148,0.966],[100.128,0.937],[100.143,0.884],[100.134,0.866],[100.138,0.844],[100.119,0.835],[100.138,0.8],[100.179,0.764],[100.193,0.764],[100.201,0.745],[100.239,0.734],[100.243,0.694],[100.238,0.673],[100.216,0.663],[100.187,0.627],[100.177,0.573],[100.184,0.561],[100.211,0.559],[100.238,0.535],[100.216,0.521],[100.222,0.503],[100.242,0.491],[100.238,0.475],[100.26,0.446],[100.259,0.432],[100.278,0.409],[100.301,0.397],[100.32,0.403],[100.347,0.384],[100.376,0.389],[100.42,0.424],[100.435,0.418],[100.448,0.419],[100.465,0.443],[100.498,0.459],[100.512,0.458],[100.53,0.478],[100.541,0.503],[100.572,0.532],[100.609,0.506],[100.641,0.467],[100.682,0.432],[100.72,0.391],[100.743,0.378],[100.76,0.386],[100.803,0.355],[100.815,0.355],[100.839,0.375],[100.841,0.467],[100.809,0.529],[100.793,0.545],[100.772,0.528],[100.723,0.558],[100.652,0.618],[100.641,0.638],[100.616,0.659],[100.595,0.704],[100.657,0.746],[100.678,0.779],[100.613,0.807],[100.635,0.833],[100.68,0.813],[100.703,0.832],[100.745,0.848],[100.745,0.87],[100.759,0.856],[100.772,0.865],[100.907,1.03],[100.933,1.248],[100.935,1.28],[100.948,1.351]]]},"properties":{"name":"Rokan Hulu"}},
{"type":"Feature","geometry":{"type":"MultiPolygon","coordinates":[[[[122.871,-10.969],[122.841,-10.968],[122.854,-10.993],[122.875,-11.008],[122.887,-10.998],[122.871,-10.969]]],[[[122.958,-10.917],[122.935,-10.916],[122.94,-10.941],[122.956,-10.938],[122.958,-10.917]]],[[[122.668,-10.8],[122.64,-10.807],[122.672,-10.831],[122.668,-10.8]]],[[[123.427,-10.491],[123.408,-10.494],[123.397,-10.521],[123.424,-10.52],[123.427,-10.491]]],[[[123.379,-10.431],[123.37,-10.476],[123.339,-10.486],[123.326,-10.5],[123.264,-10.521],[123.233,-10.565],[123.213,-10.58],[123.221,-10.593],[123.255,-10.603],[123.276,-10.58],[123.313,-10.577],[123.312,-10.591],[123.26,-10.606],[123.207,-10.591],[123.178,-10.637],[123.162,-10.649],[123.129,-10.644],[123.109,-10.67],[123.077,-10.693],[123.048,-10.725],[123.024,-10.733],[122.987,-10.733],[122.974,-10.743],[122.948,-10.746],[122.938,-10.737],[122.889,-10.757],[122.858,-10.759],[122.81,-10.782],[122.804,-10.802],[122.826,-10.834],[122.831,-10.871],[122.821,-10.892],[122.826,-10.924],[122.856,-10.94],[122.862,-10.917],[122.888,-10.915],[122.911,-10.925],[122.949,-10.904],[122.953,-10.882],[122.988,-10.861],[123.07,-10.855],[123.09,-10.857],[123.103,-10.832],[123.126,-10.818],[123.151,-10.814],[123.182,-10.834],[123.228,-10.819],[123.23,-10.799],[123.245,-10.777],[123.237,-10.754],[123.253,-10.734],[123.294,-10.724],[123.304,-10.705],[123.34,-10.685],[123.366,-10.683],[123.379,-10.691],[123.404,-10.684],[123.412,-10.661],[123.426,-10.656],[123.426,-10.626],[123.416,-10.609],[123.389,-10.597],[123.351,-10.597],[123.383,-10.569],[123.366,-10.533],[123.391,-10.519],[123.391,-10.48],[123.41,-10.47],[123.405,-10.455],[123.379,-10.431]]]]},"properties":{"name":"Rote Ndao"}},
{"type":"Feature","geometry":{"type":"MultiPolygon","coordinates":[[[[121.634,-10.602],[121.607,-10.604],[121.567,-10.598],[121.542,-10.612],[121.526,-10.63],[121.574,-10.642],[121.61,-10.629],[121.634,-10.602]]],[[[121.953,-10.434],[121.907,-10.419],[121.882,-10.425],[121.852,-10.442],[121.841,-10.489],[121.818,-10.507],[121.8,-10.511],[121.764,-10.536],[121.727,-10.55],[121.684,-10.578],[121.707,-10.592],[121.739,-10.603],[121.749,-10.615],[121.795,-10.607],[121.838,-10.626],[121.875,-10.618],[121.897,-10.595],[121.912,-10.591],[121.938,-10.563],[121.994,-10.535],[121.993,-10.489],[122.007,-10.467],[121.997,-10.442],[121.97,-10.443],[121.953,-10.434]]]]},"properties":{"name":"Sabu Raijua"}},
{"type":"Feature","geometry":{"type":"Polygon","coordinates":[[[109.75,1.537],[109.723,1.562],[109.693,1.595],[109.689,1.61],[109.662,1.617],[109.658,1.637],[109.667,1.653],[109.66,1.674],[109.67,1.699],[109.668,1.733],[109.685,1.768],[109.683,1.786],[109.66,1.798],[109.623,1.803],[109.586,1.792],[109.586,1.819],[109.576,1.844],[109.555,1.851],[109.539,1.912],[109.567,1.946],[109.56,1.971],[109.576,1.978],[109.62,1.983],[109.638,2.028],[109.625,2.065],[109.59,1.993],[109.569,1.988],[109.536,1.99],[109.457,1.977],[109.435,1.953],[109.394,1.946],[109.337,1.943],[109.323,1.921],[109.343,1.876],[109.335,1.857],[109.337,1.833],[109.288,1.777],[109.289,1.752],[109.28,1.72],[109.27,1.715],[109.262,1.677],[109.232,1.641],[109.199,1.62],[109.129,1.586],[109.095,1.559],[109.056,1.521],[109.037,1.463],[109.037,1.415],[109.043,1.354],[109.036,1.33],[108.987,1.271],[108.984,1.25],[108.96,1.206],[108.968,1.18],[108.948,1.165],[108.927,1.176],[108.903,1.162],[108.923,1.119],[108.968,1.041],[108.979,0.989],[109.063,0.99],[109.098,0.994],[109.108,1.012],[109.147,1.01],[109.15,0.98],[109.176,0.965],[109.204,0.972],[109.226,0.988],[109.236,1.019],[109.251,1.035],[109.312,1.046],[109.381,1.044],[109.421,1.052],[109.443,1.033],[109.469,1.02],[109.483,1.063],[109.495,1.078],[109.52,1.133],[109.521,1.163],[109.537,1.194],[109.552,1.2],[109.589,1.202],[109.598,1.213],[109.61,1.26],[109.607,1.286],[109.626,1.332],[109.611,1.368],[109.576,1.381],[109.603,1.401],[109.61,1.433],[109.639,1.444],[109.653,1.436],[109.68,1.45],[109.704,1.476],[109.72,1.477],[109.744,1.506],[109.75,1.537]]]},"properties":{"name":"Sambas"}},
{"type":"Feature","geometry":{"type":"MultiPolygon","coordinates":[[[[98.467,2.553],[98.459,2.536],[98.437,2.522],[98.423,2.528],[98.4,2.52],[98.415,2.48],[98.446,2.487],[98.474,2.465],[98.511,2.487],[98.582,2.487],[98.611,2.453],[98.616,2.402],[98.667,2.428],[98.749,2.439],[98.778,2.42],[98.807,2.375],[98.835,2.356],[98.818,2.381],[98.808,2.429],[98.789,2.435],[98.775,2.467],[98.751,2.504],[98.722,2.528],[98.715,2.551],[98.696,2.534],[98.677,2.54],[98.659,2.563],[98.687,2.587],[98.693,2.61],[98.671,2.627],[98.646,2.629],[98.615,2.65],[98.628,2.666],[98.627,2.684],[98.578,2.735],[98.566,2.686],[98.554,2.584],[98.487,2.547],[98.467,2.553]]],[[[98.734,2.759],[98.698,2.733],[98.691,2.708],[98.688,2.653],[98.691,2.614],[98.706,2.596],[98.725,2.536],[98.757,2.502],[98.78,2.509],[98.799,2.49],[98.801,2.465],[98.821,2.469],[98.864,2.434],[98.892,2.427],[98.961,2.445],[98.991,2.462],[98.993,2.474],[98.972,2.511],[98.926,2.545],[98.891,2.603],[98.888,2.622],[98.853,2.674],[98.83,2.685],[98.804,2.724],[98.781,2.742],[98.758,2.741],[98.734,2.759]]]]},"properties":{"name":"Samosir"}},
{"type":"Feature","geometry":{"type":"Polygon","coordinates":[[[113.04,-7.213],[113.098,-7.229],[113.132,-7.222],[113.153,-7.205],[113.169,-7.226],[113.22,-7.22],[113.262,-7.225],[113.274,-7.216],[113.327,-7.214],[113.394,-7.218],[113.397,-7.202],[113.378,-7.173],[113.379,-7.15],[113.357,-7.153],[113.382,-7.08],[113.394,-7.073],[113.392,-7.034],[113.422,-7.012],[113.423,-6.985],[113.437,-6.96],[113.459,-6.947],[113.478,-6.925],[113.484,-6.896],[113.44,-6.888],[113.323,-6.888],[113.311,-6.893],[113.234,-6.891],[113.199,-6.897],[113.167,-6.89],[113.125,-6.893],[113.118,-6.927],[113.095,-6.946],[113.108,-6.956],[113.105,-6.987],[113.134,-6.976],[113.148,-6.985],[113.133,-7.036],[113.115,-7.032],[113.109,-7.077],[113.116,-7.105],[113.077,-7.151],[113.058,-7.164],[113.058,-7.188],[113.04,-7.213]]]},"properties":{"name":"Sampang"}},
{"type":"Feature","geometry":{"type":"Polygon","coordinates":[[[110.122,1.019],[110.159,1.004],[110.202,1],[110.214,0.99],[110.217,0.948],[110.203,0.927],[110.221,0.916],[110.234,0.887],[110.266,0.868],[110.24,0.847],[110.205,0.848],[110.182,0.836],[110.176,0.808],[110.195,0.758],[110.234,0.732],[110.245,0.697],[110.23,0.665],[110.219,0.624],[110.224,0.6],[110.235,0.583],[110.252,0.591],[110.256,0.55],[110.218,0.537],[110.2,0.525],[110.207,0.484],[110.191,0.485],[110.181,0.466],[110.162,0.454],[110.162,0.441],[110.186,0.427],[110.209,0.426],[110.191,0.385],[110.155,0.38],[110.145,0.357],[110.148,0.338],[110.133,0.323],[110.143,0.268],[110.129,0.249],[110.135,0.224],[110.116,0.209],[110.073,0.218],[110.045,0.208],[110.03,0.177],[109.997,0.165],[109.962,0.169],[109.934,0.152],[109.92,0.134],[109.918,0.116],[109.903,0.099],[109.869,0.086],[109.859,0.069],[109.864,0.038],[109.856,0.025],[109.835,0.019],[109.842,0],[109.848,-0.046],[109.873,-0.071],[109.875,-0.081],[109.904,-0.107],[109.901,-0.129],[109.938,-0.163],[109.942,-0.225],[109.948,-0.258],[109.966,-0.281],[109.932,-0.316],[109.946,-0.34],[109.921,-0.365],[109.926,-0.412],[109.967,-0.429],[109.972,-0.477],[109.964,-0.496],[109.976,-0.498],[110.005,-0.472],[110.015,-0.447],[110.038,-0.433],[110.04,-0.404],[110.051,-0.386],[110.099,-0.397],[110.108,-0.424],[110.131,-0.425],[110.151,-0.435],[110.184,-0.418],[110.213,-0.419],[110.251,-0.444],[110.275,-0.437],[110.3,-0.449],[110.318,-0.409],[110.345,-0.393],[110.367,-0.396],[110.371,-0.412],[110.351,-0.434],[110.371,-0.449],[110.385,-0.47],[110.412,-0.443],[110.413,-0.402],[110.402,-0.377],[110.427,-0.363],[110.438,-0.346],[110.472,-0.326],[110.528,-0.338],[110.562,-0.366],[110.556,-0.321],[110.57,-0.286],[110.56,-0.259],[110.605,-0.238],[110.63,-0.204],[110.642,-0.146],[110.701,-0.169],[110.75,-0.164],[110.738,-0.128],[110.72,-0.107],[110.714,-0.07],[110.719,-0.039],[110.75,0],[110.756,0.028],[110.75,0.061],[110.769,0.077],[110.812,0.091],[110.848,0.093],[110.873,0.124],[110.877,0.153],[110.889,0.186],[110.888,0.215],[110.903,0.228],[110.922,0.229],[110.935,0.257],[110.946,0.309],[110.968,0.334],[110.973,0.36],[110.967,0.38],[110.946,0.401],[110.94,0.432],[110.943,0.462],[110.957,0.497],[111.002,0.563],[111.01,0.605],[111.013,0.662],[111.007,0.682],[111.04,0.712],[111.054,0.74],[110.992,0.754],[110.97,0.744],[110.939,0.741],[110.905,0.731],[110.867,0.759],[110.832,0.746],[110.816,0.751],[110.793,0.781],[110.782,0.81],[110.791,0.845],[110.809,0.865],[110.779,0.894],[110.798,0.907],[110.771,0.932],[110.756,0.899],[110.716,0.906],[110.688,0.865],[110.658,0.874],[110.646,0.898],[110.621,0.866],[110.598,0.859],[110.553,0.86],[110.545,0.869],[110.49,0.877],[110.463,0.905],[110.447,0.908],[110.429,0.945],[110.405,0.953],[110.409,0.968],[110.397,0.994],[110.379,0.996],[110.362,0.984],[110.343,0.992],[110.344,1.006],[110.298,0.996],[110.283,1.011],[110.264,1.074],[110.247,1.086],[110.241,1.118],[110.21,1.119],[110.213,1.151],[110.193,1.183],[110.165,1.196],[110.129,1.196],[110.122,1.175],[110.099,1.149],[110.082,1.145],[110.071,1.129],[110.086,1.106],[110.105,1.104],[110.13,1.087],[110.115,1.074],[110.115,1.055],[110.138,1.032],[110.122,1.019]]]},"properties":{"name":"Sanggau"}},
{"type":"Feature","geometry":{"type":"MultiPolygon","coordinates":[[[[140,-2.362],[139.982,-2.362],[139.884,-2.375],[139.804,-2.377],[139.755,-2.358],[139.705,-2.333],[139.642,-2.289],[139.581,-2.272],[139.536,-2.248],[139.447,-2.19],[139.363,-2.147],[139.277,-2.122],[139.249,-2.11],[139.19,-2.071],[139.158,-2.056],[139.125,-2.031],[139.101,-2.025],[139.031,-1.997],[139.001,-1.976],[138.905,-1.954],[138.877,-1.969],[138.864,-1.966],[138.801,-1.93],[138.766,-1.891],[138.738,-1.853],[138.716,-1.839],[138.682,-1.803],[138.649,-1.786],[138.623,-1.779],[138.492,-1.754],[138.362,-1.717],[138.281,-1.685],[138.178,-1.632],[138.17,-1.631],[138.175,-1.674],[138.16,-1.702],[138.173,-1.717],[138.16,-1.801],[138.144,-1.816],[138.131,-1.854],[138.129,-1.888],[138.137,-1.94],[138.15,-1.954],[138.236,-1.982],[138.261,-2.01],[138.252,-2.032],[138.266,-2.051],[138.281,-2.05],[138.305,-2.067],[138.316,-2.104],[138.312,-2.116],[138.344,-2.144],[138.348,-2.17],[138.369,-2.185],[138.401,-2.179],[138.408,-2.2],[138.428,-2.197],[138.441,-2.215],[138.463,-2.217],[138.505,-2.245],[138.516,-2.26],[138.57,-2.267],[138.599,-2.262],[138.621,-2.277],[138.622,-2.289],[138.667,-2.351],[138.724,-2.423],[138.727,-2.457],[138.721,-2.478],[138.636,-2.62],[138.621,-2.646],[138.671,-2.674],[138.767,-2.721],[139.111,-2.903],[139.114,-2.933],[139.138,-2.942],[139.142,-2.974],[139.127,-3.006],[139.123,-3.031],[139.093,-3.074],[139.074,-3.077],[139.053,-3.098],[139.044,-3.12],[139.029,-3.133],[139.021,-3.186],[139.001,-3.194],[139.005,-3.217],[139.021,-3.253],[139.016,-3.273],[139.048,-3.292],[139.067,-3.297],[139.076,-3.336],[139.105,-3.338],[139.106,-3.38],[139.125,-3.384],[139.128,-3.355],[139.148,-3.369],[139.147,-3.4],[139.138,-3.419],[139.168,-3.431],[139.188,-3.427],[139.195,-3.448],[139.232,-3.433],[139.251,-3.417],[139.255,-3.455],[139.271,-3.44],[139.279,-3.468],[139.307,-3.471],[139.318,-3.451],[139.337,-3.456],[139.338,-3.485],[139.371,-3.475],[139.38,-3.464],[139.361,-3.449],[139.374,-3.434],[139.39,-3.443],[139.426,-3.446],[139.436,-3.463],[139.457,-3.46],[139.461,-3.458],[139.443,-3.429],[139.474,-3.415],[139.47,-3.399],[139.496,-3.358],[139.496,-3.336],[139.513,-3.307],[139.497,-3.283],[139.492,-3.208],[139.477,-3.168],[139.499,-3.16],[139.511,-3.134],[139.497,-3.12],[139.493,-3.096],[139.464,-2.844],[139.443,-2.679],[139.433,-2.591],[139.431,-2.536],[139.423,-2.471],[139.441,-2.466],[139.616,-2.431],[139.747,-2.402],[139.789,-2.408],[139.984,-2.43],[139.983,-2.404],[140,-2.362]]],[[[138.732,-1.592],[138.717,-1.58],[138.709,-1.605],[138.718,-1.618],[138.748,-1.625],[138.732,-1.592]]]]},"properties":{"name":"Sarmi"}},
{"type":"Feature","geometry":{"type":"Polygon","coordinates":[[[102.51,-1.912],[102.459,-1.897],[102.46,-1.915],[102.475,-1.974],[102.488,-1.983],[102.488,-2.011],[102.529,-2.047],[102.557,-2.082],[102.578,-2.1],[102.615,-2.102],[102.624,-2.116],[102.631,-2.148],[102.615,-2.16],[102.589,-2.195],[102.557,-2.207],[102.517,-2.2],[102.461,-2.196],[102.437,-2.244],[102.424,-2.247],[102.404,-2.314],[102.352,-2.379],[102.303,-2.387],[102.295,-2.352],[102.257,-2.365],[102.222,-2.397],[102.183,-2.41],[102.13,-2.411],[102.122,-2.427],[102.153,-2.488],[102.156,-2.509],[102.094,-2.565],[102.104,-2.597],[102.098,-2.606],[102.063,-2.624],[102.083,-2.655],[102.087,-2.692],[102.078,-2.704],[102.082,-2.726],[102.075,-2.766],[102.087,-2.77],[102.116,-2.736],[102.166,-2.714],[102.235,-2.691],[102.246,-2.643],[102.259,-2.621],[102.281,-2.614],[102.325,-2.654],[102.353,-2.646],[102.392,-2.653],[102.39,-2.676],[102.406,-2.689],[102.439,-2.691],[102.45,-2.699],[102.488,-2.706],[102.526,-2.679],[102.591,-2.68],[102.616,-2.661],[102.641,-2.611],[102.666,-2.61],[102.697,-2.584],[102.739,-2.579],[102.76,-2.55],[102.796,-2.533],[102.794,-2.505],[102.845,-2.438],[102.875,-2.41],[102.864,-2.387],[102.85,-2.386],[102.84,-2.359],[102.844,-2.335],[102.859,-2.332],[102.877,-2.305],[102.923,-2.323],[102.968,-2.329],[102.989,-2.34],[103.004,-2.336],[103.026,-2.34],[103.033,-2.321],[103.055,-2.312],[103.068,-2.331],[103.112,-2.344],[103.124,-2.357],[103.144,-2.36],[103.17,-2.333],[103.205,-2.317],[103.206,-2.277],[103.195,-2.256],[103.18,-2.25],[103.179,-2.208],[103.185,-2.166],[103.207,-2.142],[103.222,-2.142],[103.215,-2.091],[103.201,-2.061],[103.175,-2.04],[103.16,-2.017],[103.161,-1.981],[103.194,-1.947],[103.157,-1.956],[103.084,-1.955],[103.064,-1.941],[103.042,-1.938],[103.002,-1.95],[102.979,-1.943],[102.946,-1.983],[102.912,-1.985],[102.905,-2.005],[102.858,-2.009],[102.822,-2.001],[102.811,-1.993],[102.821,-1.969],[102.815,-1.949],[102.797,-1.955],[102.777,-1.947],[102.75,-1.954],[102.733,-1.949],[102.715,-1.96],[102.697,-1.945],[102.652,-1.925],[102.6,-1.911],[102.563,-1.917],[102.54,-1.909],[102.51,-1.912]]]},"properties":{"name":"Sarolangun"}},
{"type":"Feature","geometry":{"type":"Polygon","coordinates":[[[111.089,-0.496],[111.086,-0.486],[111.047,-0.438],[111.035,-0.416],[111.028,-0.382],[111.027,-0.347],[111.034,-0.31],[111.07,-0.281],[111.088,-0.254],[111.092,-0.231],[111.086,-0.203],[111.095,-0.182],[111.099,-0.134],[111.129,-0.121],[111.146,-0.07],[111.149,0.001],[111.124,0.086],[111.148,0.102],[111.165,0.099],[111.178,0.079],[111.224,0.073],[111.238,0.121],[111.275,0.132],[111.26,0.204],[111.266,0.233],[111.256,0.289],[111.231,0.31],[111.236,0.325],[111.217,0.358],[111.23,0.366],[111.253,0.364],[111.267,0.375],[111.258,0.422],[111.271,0.466],[111.285,0.491],[111.296,0.525],[111.291,0.546],[111.27,0.589],[111.258,0.596],[111.22,0.593],[111.193,0.613],[111.156,0.662],[111.123,0.689],[111.12,0.706],[111.1,0.728],[111.054,0.74],[111.04,0.712],[111.007,0.682],[111.013,0.662],[111.01,0.605],[111.002,0.563],[110.957,0.497],[110.943,0.462],[110.94,0.432],[110.946,0.401],[110.967,0.38],[110.973,0.36],[110.968,0.334],[110.946,0.309],[110.935,0.257],[110.922,0.229],[110.903,0.228],[110.888,0.215],[110.889,0.186],[110.877,0.153],[110.873,0.124],[110.848,0.093],[110.812,0.091],[110.769,0.077],[110.75,0.061],[110.756,0.028],[110.75,0],[110.719,-0.039],[110.714,-0.07],[110.72,-0.107],[110.738,-0.128],[110.75,-0.164],[110.701,-0.169],[110.642,-0.146],[110.63,-0.204],[110.605,-0.238],[110.56,-0.259],[110.57,-0.286],[110.556,-0.321],[110.562,-0.366],[110.566,-0.379],[110.593,-0.405],[110.617,-0.459],[110.614,-0.507],[110.632,-0.547],[110.63,-0.567],[110.637,-0.619],[110.678,-0.622],[110.698,-0.633],[110.715,-0.623],[110.749,-0.622],[110.765,-0.609],[110.804,-0.601],[110.844,-0.568],[110.85,-0.527],[110.872,-0.506],[110.867,-0.49],[110.9,-0.459],[110.921,-0.462],[110.947,-0.482],[110.972,-0.485],[111.018,-0.504],[111.051,-0.503],[111.089,-0.496]]]},"properties":{"name":"Sekadau"}},
{"type":"Feature","geometry":{"type":"Polygon","coordinates":[[[103,-4.158],[102.97,-4.124],[102.92,-4.097],[102.916,-4.057],[102.931,-4.047],[102.957,-4.056],[102.981,-4.042],[102.997,-4.019],[102.963,-4.021],[102.94,-4.001],[102.934,-3.986],[102.912,-3.971],[102.887,-3.989],[102.86,-3.993],[102.845,-3.977],[102.792,-3.953],[102.775,-3.929],[102.755,-3.911],[102.745,-3.891],[102.69,-3.862],[102.669,-3.824],[102.652,-3.812],[102.619,-3.801],[102.614,-3.8],[102.607,-3.81],[102.563,-3.807],[102.552,-3.835],[102.533,-3.83],[102.473,-3.846],[102.438,-3.847],[102.406,-3.861],[102.378,-3.883],[102.363,-3.88],[102.344,-3.891],[102.335,-3.909],[102.318,-3.911],[102.31,-3.937],[102.288,-3.94],[102.269,-3.924],[102.277,-3.955],[102.297,-3.98],[102.332,-4.01],[102.427,-4.08],[102.47,-4.107],[102.531,-4.152],[102.62,-4.22],[102.708,-4.285],[102.746,-4.325],[102.8,-4.36],[102.846,-4.34],[102.862,-4.283],[102.885,-4.263],[102.881,-4.237],[102.9,-4.182],[102.935,-4.185],[102.957,-4.168],[102.988,-4.17],[103,-4.158]]]},"properties":{"name":"Seluma"}},
{"type":"Feature","geometry":{"type":"Polygon","coordinates":[[[110.628,-7.219],[110.613,-7.199],[110.584,-7.203],[110.57,-7.189],[110.546,-7.195],[110.542,-7.182],[110.558,-7.14],[110.538,-7.128],[110.521,-7.133],[110.5,-7.119],[110.5,-7.097],[110.478,-7.085],[110.454,-7.079],[110.429,-7.092],[110.416,-7.108],[110.384,-7.114],[110.356,-7.107],[110.349,-7.151],[110.369,-7.148],[110.391,-7.163],[110.349,-7.183],[110.341,-7.194],[110.259,-7.199],[110.283,-7.254],[110.327,-7.296],[110.328,-7.32],[110.379,-7.335],[110.377,-7.345],[110.404,-7.365],[110.414,-7.417],[110.439,-7.454],[110.464,-7.409],[110.508,-7.412],[110.518,-7.439],[110.531,-7.433],[110.583,-7.43],[110.596,-7.483],[110.622,-7.491],[110.661,-7.496],[110.655,-7.481],[110.629,-7.464],[110.619,-7.446],[110.636,-7.43],[110.635,-7.39],[110.625,-7.382],[110.64,-7.351],[110.643,-7.326],[110.613,-7.334],[110.599,-7.307],[110.605,-7.29],[110.622,-7.289],[110.636,-7.264],[110.624,-7.234],[110.628,-7.219]],[[110.488,-7.292],[110.521,-7.299],[110.517,-7.32],[110.531,-7.34],[110.533,-7.361],[110.516,-7.363],[110.51,-7.387],[110.481,-7.38],[110.47,-7.338],[110.475,-7.319],[110.469,-7.296],[110.488,-7.292]]]},"properties":{"name":"Semarang"}},
{"type":"Feature","geometry":{"type":"MultiPolygon","coordinates":[[[[127.573,-3.256],[127.529,-3.266],[127.526,-3.28],[127.487,-3.298],[127.507,-3.331],[127.601,-3.348],[127.617,-3.369],[127.657,-3.366],[127.656,-3.352],[127.637,-3.34],[127.632,-3.318],[127.573,-3.256]]],[[[127.82,-3.152],[127.785,-3.152],[127.806,-3.172],[127.82,-3.152]]],[[[127.761,-3.151],[127.734,-3.155],[127.71,-3.168],[127.684,-3.194],[127.64,-3.222],[127.677,-3.252],[127.708,-3.26],[127.751,-3.248],[127.789,-3.257],[127.8,-3.224],[127.799,-3.198],[127.772,-3.157],[127.761,-3.151]]],[[[127.925,-2.912],[127.927,-2.935],[127.915,-2.95],[127.889,-2.961],[127.872,-2.977],[127.869,-3.004],[127.84,-3.032],[127.863,-3.04],[127.915,-3.039],[127.956,-3.008],[127.971,-2.973],[128.004,-2.942],[127.991,-2.924],[127.952,-2.926],[127.925,-2.912]]],[[[128.754,-2.851],[128.725,-2.86],[128.688,-2.856],[128.668,-2.84],[128.639,-2.851],[128.564,-2.854],[128.529,-2.837],[128.5,-2.837],[128.465,-2.852],[128.434,-2.847],[128.398,-2.871],[128.376,-2.871],[128.356,-2.861],[128.266,-2.869],[128.238,-2.854],[128.186,-2.866],[128.161,-2.865],[128.165,-2.883],[128.129,-2.905],[128.14,-2.928],[128.112,-2.959],[128.082,-2.961],[128.08,-2.987],[128.115,-2.971],[128.123,-3.001],[128.087,-3.021],[128.092,-3.042],[128.115,-3.065],[128.062,-3.07],[128.021,-3.078],[128,-3.071],[127.986,-3.081],[127.977,-3.105],[127.943,-3.113],[127.945,-3.128],[127.898,-3.158],[127.873,-3.157],[127.865,-3.178],[127.874,-3.195],[127.873,-3.221],[127.889,-3.271],[127.918,-3.294],[127.943,-3.352],[127.942,-3.381],[127.93,-3.395],[127.915,-3.445],[127.895,-3.492],[127.906,-3.527],[127.92,-3.544],[127.936,-3.544],[127.96,-3.528],[127.948,-3.511],[127.948,-3.463],[127.97,-3.435],[127.973,-3.415],[127.992,-3.375],[128.016,-3.381],[128.031,-3.359],[128.051,-3.347],[128.062,-3.305],[128.058,-3.275],[128.067,-3.243],[128.072,-3.193],[128.082,-3.168],[128.084,-3.145],[128.119,-3.109],[128.122,-3.1],[128.161,-3.067],[128.184,-3.065],[128.2,-3.08],[128.202,-3.126],[128.185,-3.149],[128.173,-3.144],[128.161,-3.17],[128.182,-3.231],[128.197,-3.216],[128.218,-3.217],[128.27,-3.204],[128.292,-3.225],[128.333,-3.322],[128.355,-3.354],[128.368,-3.36],[128.381,-3.384],[128.395,-3.395],[128.405,-3.429],[128.436,-3.449],[128.461,-3.458],[128.494,-3.454],[128.522,-3.458],[128.539,-3.448],[128.575,-3.439],[128.595,-3.426],[128.623,-3.434],[128.677,-3.432],[128.699,-3.411],[128.67,-3.391],[128.672,-3.372],[128.723,-3.314],[128.765,-3.283],[128.787,-3.261],[128.833,-3.247],[128.843,-3.239],[128.83,-3.226],[128.776,-3.043],[128.752,-3.032],[128.746,-2.963],[128.762,-2.951],[128.75,-2.891],[128.754,-2.851]]]]},"properties":{"name":"Seram Bagian Barat"}},
{"type":"Feature","geometry":{"type":"MultiPolygon","coordinates":[[[[131.737,-4.704],[131.728,-4.755],[131.739,-4.783],[131.758,-4.753],[131.757,-4.726],[131.737,-4.704]]],[[[131.61,-4.424],[131.654,-4.515],[131.658,-4.538],[131.681,-4.54],[131.68,-4.505],[131.631,-4.438],[131.61,-4.424]]],[[[131.297,-4.076],[131.275,-4.088],[131.299,-4.126],[131.337,-4.131],[131.365,-4.146],[131.377,-4.172],[131.391,-4.153],[131.377,-4.128],[131.335,-4.108],[131.297,-4.076]]],[[[131.243,-4.013],[131.231,-3.99],[131.206,-3.98],[131.22,-4.036],[131.236,-4.053],[131.243,-4.013]]],[[[131.409,-3.949],[131.367,-3.973],[131.392,-4.02],[131.4,-4.043],[131.431,-4.079],[131.45,-4.067],[131.448,-4.039],[131.431,-4.011],[131.423,-3.952],[131.409,-3.949]]],[[[130.935,-3.869],[130.921,-3.876],[130.913,-3.902],[130.951,-3.89],[130.935,-3.869]]],[[[130.792,-3.334],[130.806,-3.322],[130.781,-3.297],[130.766,-3.322],[130.792,-3.334]]],[[[129.858,-3.336],[129.889,-3.341],[129.927,-3.338],[129.96,-3.36],[129.97,-3.376],[129.975,-3.409],[129.971,-3.427],[129.989,-3.442],[130.015,-3.483],[130.1,-3.501],[130.132,-3.532],[130.217,-3.563],[130.244,-3.566],[130.258,-3.576],[130.297,-3.587],[130.353,-3.621],[130.372,-3.619],[130.415,-3.631],[130.447,-3.656],[130.484,-3.707],[130.533,-3.71],[130.567,-3.72],[130.58,-3.741],[130.611,-3.766],[130.61,-3.786],[130.657,-3.803],[130.685,-3.804],[130.717,-3.827],[130.767,-3.828],[130.784,-3.851],[130.818,-3.851],[130.832,-3.875],[130.851,-3.865],[130.821,-3.833],[130.833,-3.784],[130.83,-3.73],[130.822,-3.702],[130.832,-3.659],[130.851,-3.639],[130.864,-3.637],[130.881,-3.614],[130.882,-3.584],[130.862,-3.549],[130.825,-3.522],[130.822,-3.503],[130.807,-3.489],[130.815,-3.469],[130.843,-3.468],[130.823,-3.442],[130.805,-3.407],[130.699,-3.397],[130.674,-3.406],[130.643,-3.374],[130.629,-3.315],[130.639,-3.286],[130.629,-3.263],[130.63,-3.237],[130.613,-3.212],[130.614,-3.196],[130.6,-3.148],[130.576,-3.123],[130.553,-3.108],[130.529,-3.102],[130.495,-3.104],[130.482,-3.075],[130.459,-3.057],[130.445,-3.06],[130.439,-3.031],[130.384,-2.988],[130.361,-2.987],[130.353,-2.975],[130.317,-2.973],[130.277,-2.976],[130.248,-2.987],[130.221,-3.005],[130.183,-3.01],[130.17,-2.989],[130.152,-2.987],[130.127,-2.998],[130.11,-2.997],[130.104,-3.015],[130.101,-3.082],[130.106,-3.091],[130.106,-3.14],[130.097,-3.152],[130.096,-3.193],[130.058,-3.192],[130.044,-3.182],[130.02,-3.182],[129.927,-3.164],[129.913,-3.168],[129.914,-3.199],[129.9,-3.222],[129.906,-3.233],[129.9,-3.259],[129.884,-3.269],[129.874,-3.306],[129.858,-3.32],[129.858,-3.336]]]]},"properties":{"name":"Seram Bagian Timur"}},
{"type":"Feature","geometry":{"type":"MultiPolygon","coordinates":[[[[105.856,-5.938],[105.835,-5.949],[105.866,-5.967],[105.856,-5.938]]],[[[105.923,-6.047],[105.883,-6.071],[105.88,-6.109],[105.856,-6.142],[105.853,-6.164],[105.832,-6.209],[105.826,-6.242],[105.856,-6.242],[105.881,-6.222],[105.916,-6.25],[105.922,-6.274],[105.935,-6.275],[105.934,-6.242],[105.981,-6.244],[106.001,-6.275],[106.041,-6.276],[106.072,-6.257],[106.083,-6.231],[106.101,-6.232],[106.111,-6.251],[106.134,-6.258],[106.175,-6.251],[106.171,-6.29],[106.212,-6.291],[106.22,-6.309],[106.245,-6.297],[106.274,-6.301],[106.284,-6.313],[106.31,-6.322],[106.318,-6.335],[106.357,-6.329],[106.4,-6.332],[106.399,-6.303],[106.383,-6.262],[106.389,-6.245],[106.377,-6.205],[106.393,-6.152],[106.362,-6.116],[106.34,-6.075],[106.358,-6.046],[106.386,-6.029],[106.412,-6.024],[106.402,-6.015],[106.389,-5.977],[106.355,-5.961],[106.327,-5.984],[106.306,-5.968],[106.256,-5.96],[106.244,-5.967],[106.242,-5.992],[106.216,-6.016],[106.227,-6.043],[106.216,-6.069],[106.23,-6.098],[106.226,-6.128],[106.255,-6.148],[106.241,-6.172],[106.226,-6.181],[106.224,-6.198],[106.201,-6.198],[106.192,-6.218],[106.168,-6.219],[106.135,-6.204],[106.149,-6.169],[106.107,-6.179],[106.066,-6.175],[106.076,-6.15],[106.074,-6.122],[106.087,-6.118],[106.11,-6.086],[106.132,-6.077],[106.149,-6.047],[106.148,-6.02],[106.122,-6.01],[106.098,-5.982],[106.112,-5.93],[106.072,-5.882],[106.041,-5.877],[106.044,-5.911],[106.033,-5.934],[106.059,-5.952],[106.063,-5.99],[106.088,-6.002],[106.082,-6.037],[106.065,-6.046],[106.05,-6.075],[106.02,-6.078],[106.03,-6.048],[106.003,-6.046],[105.988,-6.038],[105.964,-6.058],[105.923,-6.047]]]]},"properties":{"name":"Serang"}},
{"type":"Feature","geometry":{"type":"Polygon","coordinates":[[[99.229,3.245],[99.235,3.252],[99.235,3.267],[99.26,3.311],[99.263,3.333],[99.278,3.353],[99.315,3.443],[99.294,3.465],[99.294,3.476],[99.246,3.501],[99.185,3.545],[99.133,3.564],[99.056,3.619],[99.012,3.636],[98.944,3.676],[98.946,3.647],[98.939,3.625],[98.919,3.6],[98.919,3.582],[98.934,3.567],[98.926,3.545],[98.937,3.515],[98.935,3.491],[98.914,3.449],[98.921,3.399],[98.913,3.358],[98.858,3.344],[98.83,3.315],[98.796,3.298],[98.789,3.276],[98.774,3.267],[98.753,3.24],[98.748,3.218],[98.782,3.214],[98.789,3.223],[98.841,3.222],[98.863,3.241],[98.865,3.261],[98.901,3.26],[98.909,3.254],[98.941,3.276],[98.965,3.273],[98.953,3.222],[98.94,3.207],[98.999,3.206],[99,3.185],[98.965,3.144],[98.976,3.129],[98.982,3.082],[98.953,3.038],[98.957,3.016],[99,3.027],[99.01,3.048],[99.007,3.07],[99.032,3.095],[99.046,3.118],[99.113,3.143],[99.137,3.164],[99.157,3.167],[99.2,3.204],[99.208,3.224],[99.229,3.245]],[[99.171,3.376],[99.187,3.317],[99.182,3.306],[99.133,3.313],[99.129,3.35],[99.154,3.342],[99.171,3.376]]]},"properties":{"name":"Serdang Bedagai"}},
{"type":"Feature","geometry":{"type":"Polygon","coordinates":[[[112.152,-0.729],[112.118,-0.713],[112.109,-0.702],[112.085,-0.702],[112.078,-0.722],[112.046,-0.745],[112.046,-0.771],[112.022,-0.79],[111.994,-0.8],[111.969,-0.799],[111.946,-0.787],[111.92,-0.796],[111.918,-0.841],[111.888,-0.841],[111.885,-0.86],[111.852,-0.884],[111.825,-0.911],[111.78,-0.909],[111.75,-0.913],[111.735,-0.934],[111.705,-0.942],[111.701,-0.953],[111.643,-0.97],[111.622,-0.999],[111.617,-1.03],[111.624,-1.055],[111.619,-1.071],[111.596,-1.082],[111.568,-1.11],[111.557,-1.146],[111.567,-1.187],[111.55,-1.209],[111.517,-1.222],[111.495,-1.213],[111.471,-1.213],[111.446,-1.224],[111.427,-1.254],[111.389,-1.271],[111.384,-1.298],[111.394,-1.327],[111.447,-1.393],[111.469,-1.408],[111.518,-1.42],[111.607,-1.414],[111.623,-1.42],[111.686,-1.473],[111.736,-1.501],[111.797,-1.563],[111.836,-1.595],[111.853,-1.596],[111.862,-1.617],[111.878,-1.623],[111.888,-1.658],[111.881,-1.675],[111.899,-1.694],[111.906,-1.717],[111.955,-1.733],[111.963,-1.777],[111.953,-1.809],[111.963,-1.85],[111.991,-1.898],[112.032,-1.937],[112.074,-1.965],[112.091,-2.001],[112.081,-2.028],[112.062,-2.031],[112.021,-2.095],[112.009,-2.14],[111.99,-2.187],[111.983,-2.239],[111.985,-2.272],[112.001,-2.298],[112.025,-2.301],[112.044,-2.35],[112.044,-2.365],[112.059,-2.409],[112.044,-2.476],[112.015,-2.529],[112.004,-2.621],[111.996,-2.658],[111.983,-2.689],[111.985,-2.708],[111.971,-2.738],[111.978,-2.786],[111.989,-2.809],[112.027,-2.848],[112.053,-2.889],[112.055,-2.93],[112.047,-3.007],[111.995,-3.132],[111.969,-3.219],[111.933,-3.312],[111.899,-3.383],[111.879,-3.409],[111.819,-3.534],[111.853,-3.541],[111.89,-3.544],[111.922,-3.527],[111.956,-3.494],[112.041,-3.431],[112.186,-3.34],[112.22,-3.324],[112.265,-3.312],[112.309,-3.311],[112.337,-3.315],[112.421,-3.353],[112.446,-3.388],[112.509,-3.429],[112.546,-3.445],[112.562,-3.447],[112.574,-3.433],[112.608,-3.415],[112.642,-3.403],[112.673,-3.369],[112.738,-3.339],[112.792,-3.308],[112.815,-3.3],[112.874,-3.265],[112.841,-3.166],[112.81,-3.043],[112.848,-2.937],[112.871,-2.831],[112.782,-2.78],[112.688,-2.722],[112.607,-2.683],[112.578,-2.658],[112.511,-2.616],[112.481,-2.581],[112.474,-2.553],[112.47,-2.499],[112.459,-2.405],[112.435,-2.391],[112.435,-2.357],[112.429,-2.328],[112.408,-2.328],[112.408,-2.267],[112.373,-2.267],[112.373,-2.197],[112.334,-2.179],[112.321,-2.162],[112.284,-2.095],[112.285,-1.975],[112.269,-1.886],[112.251,-1.831],[112.234,-1.821],[112.232,-1.806],[112.202,-1.786],[112.192,-1.758],[112.141,-1.695],[112.09,-1.644],[112.073,-1.599],[112.071,-1.57],[112.079,-1.544],[112.112,-1.495],[112.125,-1.452],[112.133,-1.412],[112.128,-1.313],[112.113,-1.166],[112.099,-0.99],[112.121,-0.924],[112.17,-0.824],[112.181,-0.796],[112.18,-0.776],[112.152,-0.729]]]},"properties":{"name":"Seruyan"}},
{"type":"Feature","geometry":{"type":"Polygon","coordinates":[[[100.933,1.248],[100.907,1.03],[101.273,0.828],[101.299,0.81],[101.335,0.797],[101.323,0.722],[101.311,0.709],[101.323,0.696],[101.378,0.669],[101.397,0.692],[101.441,0.666],[101.457,0.662],[101.54,0.658],[101.55,0.638],[101.591,0.607],[101.576,0.551],[101.592,0.531],[101.625,0.542],[101.665,0.537],[101.665,0.501],[101.677,0.456],[101.672,0.408],[101.692,0.419],[101.698,0.446],[101.733,0.445],[101.751,0.429],[101.794,0.408],[101.819,0.433],[101.837,0.436],[101.85,0.475],[101.842,0.495],[101.85,0.51],[101.886,0.511],[101.886,0.457],[101.915,0.46],[101.92,0.477],[101.92,0.521],[101.973,0.55],[101.977,0.572],[102.119,0.597],[102.34,0.611],[102.417,0.621],[102.527,0.631],[102.848,0.667],[102.86,0.673],[102.88,0.711],[102.901,0.721],[102.877,0.734],[102.85,0.739],[102.788,0.731],[102.75,0.736],[102.718,0.75],[102.669,0.756],[102.624,0.742],[102.57,0.737],[102.543,0.746],[102.508,0.749],[102.469,0.777],[102.42,0.802],[102.401,0.817],[102.335,0.905],[102.263,0.956],[102.226,1],[102.219,1.027],[102.192,1.087],[102.194,1.12],[102.208,1.187],[102.196,1.217],[102.173,1.228],[102.162,1.191],[102.132,1.177],[102.033,1.038],[101.993,0.995],[101.969,0.96],[101.915,0.963],[101.902,0.947],[101.841,0.947],[101.878,1.014],[101.883,1.068],[101.874,1.1],[101.851,1.138],[101.814,1.169],[101.74,1.193],[101.712,1.197],[101.612,1.031],[101.539,0.925],[101.52,0.949],[101.456,0.985],[101.458,0.998],[101.416,1.023],[101.394,1.021],[101.291,1.05],[101.274,1.044],[101.231,1.007],[100.933,1.248]]]},"properties":{"name":"Siak"}},
{"type":"Feature","geometry":{"type":"MultiPolygon","coordinates":[[[[125.409,2.114],[125.391,2.112],[125.354,2.126],[125.356,2.107],[125.338,2.094],[125.343,2.072],[125.362,2.088],[125.404,2.101],[125.409,2.114]]],[[[125.379,2.327],[125.357,2.322],[125.343,2.305],[125.364,2.287],[125.383,2.302],[125.379,2.327]]],[[[125.404,2.367],[125.385,2.382],[125.369,2.361],[125.387,2.332],[125.431,2.315],[125.455,2.331],[125.466,2.349],[125.458,2.366],[125.421,2.38],[125.404,2.367]]],[[[125.422,2.81],[125.393,2.81],[125.375,2.797],[125.36,2.738],[125.361,2.715],[125.377,2.65],[125.412,2.632],[125.432,2.649],[125.422,2.663],[125.393,2.683],[125.41,2.731],[125.431,2.736],[125.451,2.753],[125.453,2.782],[125.422,2.81]]]]},"properties":{"name":"Siau Tagulandang Biaro"}},
{"type":"Feature","geometry":{"type":"Polygon","coordinates":[[[119.749,-4.129],[119.782,-4.124],[119.809,-4.129],[119.807,-4.112],[119.849,-4.098],[119.892,-4.108],[119.895,-4.076],[119.905,-4.067],[119.887,-4.019],[119.905,-3.985],[119.918,-3.936],[119.94,-3.929],[119.952,-3.939],[119.988,-3.934],[120.023,-3.936],[120.042,-3.912],[120.052,-3.884],[120.049,-3.869],[120.063,-3.855],[120.112,-3.841],[120.13,-3.846],[120.141,-3.829],[120.146,-3.779],[120.163,-3.769],[120.193,-3.774],[120.213,-3.73],[120.241,-3.707],[120.267,-3.722],[120.305,-3.71],[120.314,-3.69],[120.331,-3.679],[120.324,-3.652],[120.305,-3.649],[120.231,-3.592],[120.208,-3.594],[120.196,-3.581],[120.192,-3.547],[120.182,-3.534],[120.171,-3.498],[120.136,-3.501],[120.117,-3.487],[120.096,-3.483],[120.097,-3.498],[120.077,-3.509],[120.063,-3.536],[120.041,-3.541],[120.039,-3.559],[120.015,-3.609],[119.994,-3.633],[119.995,-3.649],[119.98,-3.667],[119.951,-3.66],[119.927,-3.679],[119.922,-3.694],[119.939,-3.72],[119.94,-3.759],[119.95,-3.779],[119.966,-3.787],[119.945,-3.81],[119.936,-3.802],[119.901,-3.824],[119.869,-3.816],[119.85,-3.798],[119.844,-3.779],[119.823,-3.768],[119.82,-3.752],[119.797,-3.723],[119.782,-3.719],[119.778,-3.738],[119.756,-3.745],[119.746,-3.785],[119.754,-3.799],[119.723,-3.877],[119.718,-3.907],[119.704,-3.906],[119.664,-3.961],[119.693,-4],[119.699,-4.023],[119.698,-4.052],[119.707,-4.079],[119.749,-4.129]]]},"properties":{"name":"Sidenreng Rappang"}},
{"type":"Feature","geometry":{"type":"Polygon","coordinates":[[[112.494,-7.409],[112.473,-7.429],[112.469,-7.445],[112.489,-7.46],[112.57,-7.478],[112.603,-7.501],[112.63,-7.533],[112.647,-7.537],[112.671,-7.561],[112.683,-7.549],[112.706,-7.545],[112.723,-7.569],[112.77,-7.574],[112.812,-7.555],[112.834,-7.554],[112.845,-7.578],[112.856,-7.58],[112.876,-7.572],[112.873,-7.537],[112.861,-7.521],[112.84,-7.511],[112.822,-7.492],[112.841,-7.48],[112.833,-7.405],[112.843,-7.339],[112.827,-7.343],[112.813,-7.346],[112.755,-7.337],[112.727,-7.348],[112.705,-7.336],[112.656,-7.357],[112.629,-7.368],[112.592,-7.372],[112.567,-7.397],[112.549,-7.404],[112.494,-7.409]]]},"properties":{"name":"Sidoarjo"}},
{"type":"Feature","geometry":{"type":"Polygon","coordinates":[[[119.697,-1.453],[119.666,-1.526],[119.671,-1.544],[119.701,-1.566],[119.715,-1.592],[119.733,-1.605],[119.728,-1.643],[119.75,-1.643],[119.764,-1.679],[119.779,-1.69],[119.779,-1.712],[119.792,-1.721],[119.827,-1.767],[119.871,-1.781],[119.858,-1.822],[119.875,-1.863],[119.863,-1.873],[119.869,-1.89],[119.86,-1.928],[119.871,-1.938],[119.868,-1.968],[119.87,-2.018],[119.884,-2.046],[119.909,-2.053],[119.921,-2.034],[119.945,-2.027],[119.944,-2.015],[119.964,-2],[119.968,-1.977],[120.01,-1.964],[120.051,-1.985],[120.085,-1.98],[120.099,-1.986],[120.107,-1.965],[120.098,-1.935],[120.103,-1.899],[120.124,-1.906],[120.145,-1.886],[120.133,-1.859],[120.101,-1.824],[120.108,-1.803],[120.172,-1.785],[120.17,-1.741],[120.151,-1.721],[120.152,-1.683],[120.136,-1.651],[120.143,-1.571],[120.139,-1.56],[120.106,-1.563],[120.099,-1.557],[120.113,-1.518],[120.136,-1.504],[120.151,-1.479],[120.181,-1.448],[120.222,-1.456],[120.242,-1.436],[120.25,-1.413],[120.267,-1.416],[120.28,-1.4],[120.287,-1.364],[120.257,-1.322],[120.216,-1.289],[120.189,-1.277],[120.216,-1.254],[120.232,-1.225],[120.273,-1.23],[120.29,-1.202],[120.313,-1.19],[120.342,-1.187],[120.342,-1.154],[120.327,-1.137],[120.293,-1.133],[120.267,-1.152],[120.256,-1.135],[120.228,-1.126],[120.231,-1.092],[120.219,-1.065],[120.203,-1.054],[120.184,-1.064],[120.166,-1.048],[120.129,-1.044],[120.113,-1.016],[120.094,-1.02],[120.074,-1.008],[120.079,-0.99],[120.057,-0.968],[120.066,-0.952],[120.072,-0.915],[120.023,-0.883],[120.003,-0.903],[119.958,-0.917],[119.929,-0.921],[119.933,-0.944],[119.905,-0.943],[119.876,-0.923],[119.862,-0.933],[119.831,-0.942],[119.825,-0.882],[119.812,-0.868],[119.796,-0.871],[119.781,-0.898],[119.752,-0.91],[119.731,-0.901],[119.705,-0.935],[119.672,-0.941],[119.654,-0.951],[119.648,-0.97],[119.655,-0.989],[119.683,-1.014],[119.704,-1.02],[119.719,-1.005],[119.753,-1.009],[119.761,-1.027],[119.78,-1.042],[119.785,-1.068],[119.804,-1.089],[119.787,-1.185],[119.768,-1.233],[119.753,-1.239],[119.743,-1.264],[119.75,-1.291],[119.743,-1.322],[119.729,-1.359],[119.747,-1.384],[119.764,-1.424],[119.74,-1.429],[119.728,-1.42],[119.697,-1.453]]]},"properties":{"name":"Sigi"}},
{"type":"Feature","geometry":{"type":"Polygon","coordinates":[[[101.495,-0.805],[101.48,-0.782],[101.432,-0.754],[101.425,-0.737],[101.402,-0.711],[101.361,-0.689],[101.333,-0.649],[101.307,-0.629],[101.281,-0.622],[101.25,-0.626],[101.236,-0.606],[101.208,-0.594],[101.183,-0.552],[101.168,-0.54],[101.13,-0.524],[101.114,-0.504],[101.089,-0.511],[101.071,-0.503],[101.038,-0.435],[101.039,-0.418],[101.025,-0.395],[101.043,-0.382],[101.041,-0.363],[101.006,-0.324],[100.979,-0.313],[100.948,-0.311],[100.917,-0.32],[100.909,-0.332],[100.875,-0.339],[100.845,-0.339],[100.824,-0.352],[100.837,-0.393],[100.819,-0.435],[100.825,-0.457],[100.816,-0.488],[100.841,-0.495],[100.852,-0.517],[100.837,-0.537],[100.813,-0.541],[100.798,-0.565],[100.813,-0.579],[100.813,-0.606],[100.799,-0.674],[100.804,-0.72],[100.822,-0.758],[100.812,-0.77],[100.828,-0.783],[100.85,-0.779],[100.883,-0.811],[100.925,-0.807],[100.933,-0.818],[100.966,-0.833],[100.994,-0.855],[100.999,-0.876],[101.021,-0.883],[101.043,-0.882],[101.069,-0.949],[101.053,-0.973],[101.083,-0.987],[101.13,-0.973],[101.141,-0.961],[101.187,-0.951],[101.194,-0.906],[101.233,-0.931],[101.249,-0.934],[101.273,-0.95],[101.338,-0.958],[101.361,-0.938],[101.394,-0.941],[101.414,-0.915],[101.409,-0.885],[101.422,-0.881],[101.44,-0.84],[101.461,-0.84],[101.495,-0.805]]]},"properties":{"name":"Sijunjung"}},
{"type":"Feature","geometry":{"type":"MultiPolygon","coordinates":[[[[122.373,-8.428],[122.334,-8.435],[122.335,-8.464],[122.349,-8.484],[122.389,-8.498],[122.41,-8.479],[122.423,-8.449],[122.373,-8.428]]],[[[121.997,-8.806],[122.031,-8.795],[122.052,-8.768],[122.075,-8.759],[122.096,-8.736],[122.146,-8.728],[122.182,-8.732],[122.196,-8.75],[122.238,-8.742],[122.284,-8.755],[122.312,-8.741],[122.346,-8.741],[122.376,-8.752],[122.383,-8.745],[122.453,-8.737],[122.477,-8.723],[122.51,-8.716],[122.54,-8.701],[122.557,-8.666],[122.587,-8.662],[122.598,-8.652],[122.618,-8.655],[122.63,-8.64],[122.654,-8.637],[122.648,-8.628],[122.652,-8.582],[122.663,-8.548],[122.665,-8.52],[122.687,-8.485],[122.676,-8.467],[122.685,-8.439],[122.682,-8.383],[122.655,-8.39],[122.635,-8.381],[122.604,-8.392],[122.548,-8.464],[122.537,-8.462],[122.491,-8.473],[122.479,-8.494],[122.497,-8.517],[122.519,-8.528],[122.517,-8.545],[122.486,-8.584],[122.475,-8.608],[122.462,-8.603],[122.36,-8.612],[122.33,-8.618],[122.297,-8.642],[122.251,-8.633],[122.221,-8.62],[122.196,-8.599],[122.159,-8.556],[122.098,-8.529],[122.065,-8.521],[122.02,-8.53],[122.007,-8.514],[121.977,-8.551],[121.988,-8.567],[121.982,-8.605],[121.963,-8.616],[121.959,-8.671],[121.947,-8.679],[121.937,-8.705],[121.948,-8.748],[121.99,-8.755],[121.99,-8.795],[121.997,-8.806]]],[[[121.707,-8.292],[121.686,-8.305],[121.678,-8.338],[121.693,-8.35],[121.728,-8.353],[121.742,-8.343],[121.746,-8.324],[121.73,-8.297],[121.707,-8.292]]]]},"properties":{"name":"Sikka"}},
{"type":"Feature","geometry":{"type":"Polygon","coordinates":[[[99.561,3.07],[99.547,3.098],[99.493,3.121],[99.422,3.147],[99.363,3.151],[99.398,3.223],[99.407,3.252],[99.374,3.247],[99.361,3.225],[99.346,3.242],[99.344,3.288],[99.309,3.3],[99.294,3.273],[99.269,3.277],[99.255,3.253],[99.235,3.252],[99.229,3.245],[99.23,3.218],[99.208,3.224],[99.2,3.204],[99.157,3.167],[99.137,3.164],[99.113,3.143],[99.046,3.118],[99.032,3.095],[99.007,3.07],[99.01,3.048],[99,3.027],[98.957,3.016],[98.953,3.038],[98.982,3.082],[98.976,3.129],[98.965,3.144],[99,3.185],[98.999,3.206],[98.94,3.207],[98.953,3.222],[98.965,3.273],[98.941,3.276],[98.909,3.254],[98.901,3.26],[98.865,3.261],[98.863,3.241],[98.841,3.222],[98.789,3.223],[98.782,3.214],[98.748,3.218],[98.724,3.207],[98.73,3.175],[98.709,3.103],[98.706,3.064],[98.694,3.052],[98.673,3.071],[98.627,3.062],[98.62,3.089],[98.605,3.104],[98.584,3.08],[98.586,3.062],[98.556,3.027],[98.549,2.978],[98.554,2.969],[98.535,2.928],[98.533,2.905],[98.549,2.891],[98.63,2.867],[98.647,2.856],[98.674,2.873],[98.692,2.851],[98.726,2.839],[98.736,2.824],[98.792,2.794],[98.819,2.771],[98.842,2.741],[98.887,2.717],[98.935,2.676],[98.941,2.656],[98.958,2.647],[98.961,2.614],[98.977,2.602],[99.028,2.619],[99.042,2.634],[99.074,2.605],[99.074,2.644],[99.089,2.668],[99.119,2.681],[99.134,2.711],[99.17,2.748],[99.208,2.77],[99.212,2.786],[99.248,2.813],[99.266,2.86],[99.296,2.871],[99.333,2.894],[99.36,2.883],[99.376,2.886],[99.398,2.915],[99.444,2.93],[99.455,2.956],[99.474,2.962],[99.497,2.983],[99.496,3],[99.524,3.026],[99.544,3.038],[99.561,3.07]],[[99.102,3.016],[99.096,3.006],[99.093,2.955],[99.086,2.933],[99.046,2.906],[99.041,2.924],[99.019,2.949],[99.021,2.981],[99.038,2.999],[99.072,3.014],[99.102,3.016]]]},"properties":{"name":"Simalungun"}},
{"type":"Feature","geometry":{"type":"MultiPolygon","coordinates":[[[[96.665,2.12],[96.628,2.121],[96.613,2.111],[96.612,2.083],[96.623,2.066],[96.648,2.056],[96.676,2.073],[96.687,2.09],[96.665,2.12]]],[[[96.648,2.169],[96.635,2.186],[96.61,2.175],[96.636,2.149],[96.648,2.169]]],[[[95.936,2.542],[95.917,2.525],[95.958,2.523],[95.936,2.542]]],[[[95.805,2.93],[95.784,2.926],[95.764,2.881],[95.768,2.849],[95.792,2.841],[95.788,2.826],[95.761,2.824],[95.733,2.832],[95.719,2.825],[95.707,2.79],[95.692,2.773],[95.704,2.747],[95.743,2.735],[95.765,2.709],[95.76,2.693],[95.782,2.682],[95.793,2.664],[95.788,2.64],[95.827,2.644],[95.829,2.63],[95.862,2.637],[95.889,2.62],[95.886,2.603],[95.918,2.599],[95.943,2.572],[95.965,2.584],[96.004,2.587],[96.049,2.579],[96.086,2.562],[96.117,2.54],[96.128,2.52],[96.161,2.512],[96.17,2.49],[96.188,2.488],[96.216,2.465],[96.228,2.442],[96.309,2.422],[96.336,2.388],[96.321,2.362],[96.345,2.341],[96.367,2.337],[96.387,2.349],[96.407,2.332],[96.442,2.328],[96.481,2.344],[96.499,2.363],[96.487,2.41],[96.465,2.437],[96.467,2.46],[96.428,2.492],[96.402,2.493],[96.407,2.461],[96.387,2.462],[96.383,2.481],[96.365,2.498],[96.343,2.532],[96.346,2.542],[96.325,2.558],[96.294,2.563],[96.253,2.586],[96.24,2.608],[96.188,2.656],[96.182,2.639],[96.127,2.649],[96.102,2.645],[96.102,2.673],[96.116,2.712],[96.108,2.742],[96.064,2.761],[96.027,2.757],[96.008,2.766],[95.997,2.786],[95.979,2.791],[95.972,2.813],[95.886,2.832],[95.881,2.86],[95.904,2.856],[95.916,2.869],[95.903,2.896],[95.871,2.915],[95.808,2.916],[95.805,2.93]]]]},"properties":{"name":"Simeulue"}},
{"type":"Feature","geometry":{"type":"Polygon","coordinates":[[[119.955,-5.355],[119.995,-5.323],[120.04,-5.347],[120.082,-5.324],[120.15,-5.3],[120.176,-5.313],[120.202,-5.301],[120.23,-5.297],[120.254,-5.302],[120.286,-5.287],[120.319,-5.295],[120.334,-5.288],[120.324,-5.251],[120.307,-5.211],[120.295,-5.201],[120.278,-5.171],[120.271,-5.143],[120.287,-5.113],[120.248,-5.093],[120.202,-5.096],[120.181,-5.069],[120.164,-5.078],[120.133,-5.048],[120.085,-5.075],[120.052,-5.127],[120.011,-5.123],[120,-5.133],[119.982,-5.123],[119.97,-5.14],[119.972,-5.158],[120.004,-5.165],[120.029,-5.186],[119.992,-5.206],[119.998,-5.23],[119.976,-5.257],[119.974,-5.277],[119.954,-5.29],[119.929,-5.338],[119.937,-5.356],[119.955,-5.355]]]},"properties":{"name":"Sinjai"}},
{"type":"Feature","geometry":{"type":"Polygon","coordinates":[[[113.265,-0.42],[113.262,-0.392],[113.208,-0.339],[113.228,-0.328],[113.235,-0.296],[113.275,-0.271],[113.279,-0.255],[113.298,-0.24],[113.324,-0.238],[113.353,-0.224],[113.375,-0.195],[113.386,-0.169],[113.414,-0.159],[113.421,-0.142],[113.423,-0.096],[113.44,-0.076],[113.44,-0.062],[113.421,-0.054],[113.419,-0.039],[113.44,0.014],[113.41,0.05],[113.415,0.084],[113.411,0.099],[113.421,0.116],[113.408,0.137],[113.379,0.155],[113.325,0.18],[113.271,0.241],[113.168,0.262],[113.137,0.243],[113.111,0.249],[113.104,0.279],[113.082,0.292],[113.065,0.316],[113.012,0.308],[112.991,0.297],[112.969,0.271],[112.962,0.247],[112.97,0.225],[112.966,0.206],[112.949,0.2],[112.923,0.206],[112.858,0.21],[112.819,0.233],[112.794,0.241],[112.755,0.219],[112.737,0.217],[112.702,0.238],[112.677,0.239],[112.639,0.216],[112.628,0.199],[112.649,0.172],[112.619,0.148],[112.606,0.152],[112.575,0.201],[112.522,0.184],[112.507,0.159],[112.515,0.129],[112.5,0.121],[112.423,0.144],[112.398,0.129],[112.372,0.121],[112.328,0.116],[112.273,0.128],[112.25,0.113],[112.216,0.11],[112.189,0.093],[112.15,0.08],[112.123,0.081],[112.107,0.115],[112.092,0.127],[112.096,0.155],[112.09,0.17],[112.052,0.186],[112.01,0.212],[111.987,0.208],[111.957,0.185],[111.886,0.178],[111.858,0.192],[111.843,0.224],[111.731,0.247],[111.682,0.268],[111.665,0.293],[111.652,0.337],[111.662,0.362],[111.687,0.378],[111.714,0.445],[111.73,0.472],[111.729,0.499],[111.712,0.541],[111.716,0.565],[111.741,0.578],[111.726,0.603],[111.699,0.611],[111.688,0.626],[111.717,0.667],[111.717,0.698],[111.729,0.73],[111.748,0.75],[111.727,0.781],[111.678,0.812],[111.668,0.841],[111.638,0.861],[111.637,0.883],[111.623,0.925],[111.606,0.931],[111.585,0.919],[111.552,0.922],[111.531,0.954],[111.518,0.967],[111.515,1.004],[111.489,1.035],[111.464,1.037],[111.444,1.014],[111.413,1.008],[111.385,1.015],[111.352,1.04],[111.322,1.043],[111.288,1.055],[111.273,1.068],[111.252,1.063],[111.232,1.086],[111.197,1.065],[111.165,1.06],[111.138,1.05],[111.068,1.049],[111.034,1.036],[110.998,1.029],[110.931,1.026],[110.905,1.029],[110.892,1.009],[110.89,0.983],[110.855,0.951],[110.82,0.947],[110.806,0.938],[110.818,0.914],[110.798,0.907],[110.779,0.894],[110.809,0.865],[110.791,0.845],[110.782,0.81],[110.793,0.781],[110.816,0.751],[110.832,0.746],[110.867,0.759],[110.905,0.731],[110.939,0.741],[110.97,0.744],[110.992,0.754],[111.054,0.74],[111.1,0.728],[111.12,0.706],[111.123,0.689],[111.156,0.662],[111.193,0.613],[111.22,0.593],[111.258,0.596],[111.27,0.589],[111.291,0.546],[111.296,0.525],[111.285,0.491],[111.271,0.466],[111.258,0.422],[111.267,0.375],[111.253,0.364],[111.23,0.366],[111.217,0.358],[111.236,0.325],[111.231,0.31],[111.256,0.289],[111.266,0.233],[111.26,0.204],[111.275,0.132],[111.238,0.121],[111.224,0.073],[111.178,0.079],[111.165,0.099],[111.148,0.102],[111.124,0.086],[111.149,0.001],[111.146,-0.07],[111.129,-0.121],[111.099,-0.134],[111.095,-0.182],[111.086,-0.203],[111.092,-0.231],[111.088,-0.254],[111.07,-0.281],[111.034,-0.31],[111.027,-0.347],[111.028,-0.382],[111.035,-0.416],[111.047,-0.438],[111.086,-0.486],[111.089,-0.496],[111.151,-0.516],[111.18,-0.514],[111.202,-0.525],[111.229,-0.516],[111.246,-0.487],[111.278,-0.449],[111.293,-0.447],[111.3,-0.425],[111.33,-0.391],[111.349,-0.388],[111.376,-0.356],[111.408,-0.358],[111.436,-0.354],[111.452,-0.343],[111.464,-0.286],[111.464,-0.256],[111.481,-0.23],[111.504,-0.221],[111.57,-0.223],[111.608,-0.186],[111.622,-0.205],[111.653,-0.192],[111.683,-0.144],[111.701,-0.156],[111.723,-0.145],[111.741,-0.153],[111.778,-0.181],[111.807,-0.18],[111.854,-0.209],[111.868,-0.238],[111.897,-0.234],[111.921,-0.204],[111.943,-0.196],[111.962,-0.198],[111.981,-0.222],[111.997,-0.228],[112.031,-0.216],[112.058,-0.245],[112.117,-0.27],[112.129,-0.282],[112.129,-0.306],[112.191,-0.286],[112.224,-0.254],[112.268,-0.232],[112.29,-0.231],[112.319,-0.22],[112.361,-0.188],[112.381,-0.182],[112.37,-0.231],[112.374,-0.306],[112.367,-0.344],[112.376,-0.372],[112.406,-0.389],[112.42,-0.42],[112.412,-0.455],[112.432,-0.488],[112.429,-0.537],[112.455,-0.56],[112.451,-0.589],[112.459,-0.614],[112.451,-0.647],[112.46,-0.673],[112.495,-0.698],[112.524,-0.693],[112.567,-0.697],[112.58,-0.682],[112.596,-0.688],[112.619,-0.676],[112.639,-0.678],[112.647,-0.658],[112.687,-0.657],[112.71,-0.627],[112.733,-0.633],[112.73,-0.587],[112.745,-0.572],[112.773,-0.573],[112.787,-0.585],[112.836,-0.577],[112.845,-0.562],[112.917,-0.521],[112.936,-0.523],[112.978,-0.511],[112.994,-0.491],[113.015,-0.495],[113.03,-0.478],[113.059,-0.509],[113.084,-0.495],[113.115,-0.496],[113.113,-0.475],[113.129,-0.457],[113.15,-0.449],[113.156,-0.47],[113.178,-0.469],[113.219,-0.506],[113.23,-0.476],[113.246,-0.45],[113.264,-0.442],[113.265,-0.42]]]},"properties":{"name":"Sintang"}},
{"type":"Feature","geometry":{"type":"Polygon","coordinates":[[[114.424,-7.936],[114.424,-7.917],[114.464,-7.887],[114.465,-7.825],[114.453,-7.803],[114.421,-7.787],[114.404,-7.77],[114.374,-7.756],[114.329,-7.758],[114.31,-7.746],[114.294,-7.748],[114.235,-7.699],[114.208,-7.718],[114.196,-7.708],[114.177,-7.715],[114.135,-7.714],[114.101,-7.702],[114.069,-7.637],[114.04,-7.604],[114.003,-7.636],[113.973,-7.651],[113.958,-7.675],[113.937,-7.681],[113.931,-7.701],[113.905,-7.699],[113.867,-7.682],[113.841,-7.684],[113.817,-7.699],[113.793,-7.729],[113.761,-7.738],[113.725,-7.722],[113.71,-7.709],[113.666,-7.737],[113.65,-7.724],[113.598,-7.715],[113.579,-7.726],[113.576,-7.756],[113.598,-7.771],[113.612,-7.825],[113.602,-7.845],[113.617,-7.873],[113.626,-7.917],[113.611,-7.95],[113.624,-7.961],[113.66,-7.938],[113.673,-7.919],[113.7,-7.9],[113.729,-7.858],[113.734,-7.809],[113.747,-7.796],[113.768,-7.795],[113.8,-7.808],[113.837,-7.812],[113.849,-7.796],[113.897,-7.798],[113.933,-7.793],[113.951,-7.765],[113.963,-7.774],[114,-7.772],[114.007,-7.76],[114.062,-7.759],[114.089,-7.806],[114.096,-7.841],[114.094,-7.882],[114.111,-7.91],[114.117,-7.954],[114.128,-7.976],[114.141,-7.981],[114.175,-7.97],[114.212,-7.978],[114.224,-7.987],[114.25,-7.939],[114.271,-7.92],[114.283,-7.897],[114.307,-7.885],[114.333,-7.907],[114.357,-7.913],[114.413,-7.94],[114.424,-7.936]]]},"properties":{"name":"Situbondo"}},
{"type":"Feature","geometry":{"type":"Polygon","coordinates":[[[110.52,-7.831],[110.546,-7.816],[110.544,-7.794],[110.534,-7.796],[110.507,-7.769],[110.492,-7.767],[110.492,-7.742],[110.469,-7.638],[110.468,-7.618],[110.456,-7.558],[110.446,-7.542],[110.416,-7.561],[110.4,-7.585],[110.355,-7.623],[110.304,-7.655],[110.27,-7.706],[110.233,-7.713],[110.22,-7.748],[110.22,-7.777],[110.236,-7.798],[110.233,-7.815],[110.257,-7.797],[110.29,-7.789],[110.284,-7.808],[110.289,-7.834],[110.321,-7.804],[110.344,-7.792],[110.351,-7.768],[110.362,-7.769],[110.397,-7.788],[110.423,-7.796],[110.421,-7.821],[110.434,-7.833],[110.46,-7.82],[110.479,-7.825],[110.51,-7.822],[110.52,-7.831]]]},"properties":{"name":"Sleman"}},
{"type":"Feature","geometry":{"type":"Polygon","coordinates":[[[100.521,-0.635],[100.486,-0.659],[100.451,-0.654],[100.43,-0.657],[100.442,-0.664],[100.442,-0.701],[100.456,-0.729],[100.479,-0.737],[100.479,-0.752],[100.503,-0.757],[100.505,-0.786],[100.541,-0.809],[100.597,-0.785],[100.633,-0.765],[100.643,-0.745],[100.675,-0.739],[100.689,-0.747],[100.673,-0.769],[100.666,-0.811],[100.636,-0.795],[100.561,-0.819],[100.545,-0.815],[100.531,-0.844],[100.545,-0.855],[100.564,-0.908],[100.538,-0.945],[100.537,-0.957],[100.552,-0.987],[100.553,-1.031],[100.597,-1.074],[100.619,-1.061],[100.622,-1.096],[100.65,-1.111],[100.701,-1.091],[100.721,-1.096],[100.736,-1.118],[100.737,-1.154],[100.764,-1.158],[100.791,-1.185],[100.8,-1.203],[100.797,-1.224],[100.809,-1.245],[100.8,-1.283],[100.828,-1.287],[100.837,-1.306],[100.859,-1.298],[100.876,-1.32],[100.911,-1.29],[100.945,-1.287],[100.991,-1.261],[101.018,-1.227],[101.022,-1.202],[101.019,-1.169],[100.997,-1.136],[101.059,-1.133],[101.093,-1.15],[101.115,-1.167],[101.129,-1.189],[101.149,-1.195],[101.167,-1.228],[101.191,-1.227],[101.222,-1.247],[101.245,-1.214],[101.208,-1.162],[101.198,-1.162],[101.177,-1.134],[101.168,-1.102],[101.162,-1.057],[101.146,-1.035],[101.178,-1.033],[101.191,-1.004],[101.188,-0.987],[101.203,-0.978],[101.187,-0.951],[101.141,-0.961],[101.13,-0.973],[101.083,-0.987],[101.053,-0.973],[101.069,-0.949],[101.043,-0.882],[101.021,-0.883],[100.999,-0.876],[100.994,-0.855],[100.966,-0.833],[100.933,-0.818],[100.925,-0.807],[100.883,-0.811],[100.85,-0.779],[100.828,-0.783],[100.812,-0.77],[100.789,-0.77],[100.776,-0.752],[100.728,-0.724],[100.71,-0.734],[100.696,-0.724],[100.709,-0.662],[100.695,-0.648],[100.691,-0.629],[100.703,-0.617],[100.699,-0.592],[100.707,-0.574],[100.699,-0.555],[100.678,-0.554],[100.678,-0.537],[100.637,-0.538],[100.63,-0.549],[100.597,-0.565],[100.572,-0.608],[100.585,-0.643],[100.596,-0.692],[100.583,-0.698],[100.562,-0.691],[100.563,-0.676],[100.54,-0.664],[100.521,-0.635]]]},"properties":{"name":"Solok"}},
{"type":"Feature","geometry":{"type":"Polygon","coordinates":[[[101.168,-1.102],[101.177,-1.134],[101.198,-1.162],[101.208,-1.162],[101.245,-1.214],[101.222,-1.247],[101.191,-1.227],[101.167,-1.228],[101.149,-1.195],[101.129,-1.189],[101.115,-1.167],[101.093,-1.15],[101.059,-1.133],[100.997,-1.136],[101.019,-1.169],[101.022,-1.202],[101.018,-1.227],[100.991,-1.261],[100.945,-1.287],[100.911,-1.29],[100.876,-1.32],[100.906,-1.36],[100.909,-1.378],[100.895,-1.39],[100.942,-1.423],[100.934,-1.46],[100.958,-1.481],[100.978,-1.487],[100.983,-1.525],[101.02,-1.565],[101.017,-1.606],[101.063,-1.635],[101.064,-1.656],[101.132,-1.685],[101.169,-1.711],[101.195,-1.686],[101.199,-1.714],[101.232,-1.724],[101.267,-1.696],[101.309,-1.701],[101.335,-1.687],[101.363,-1.694],[101.402,-1.687],[101.411,-1.672],[101.428,-1.679],[101.431,-1.644],[101.44,-1.628],[101.489,-1.579],[101.505,-1.575],[101.524,-1.528],[101.539,-1.513],[101.528,-1.497],[101.556,-1.463],[101.559,-1.445],[101.579,-1.448],[101.607,-1.438],[101.627,-1.411],[101.671,-1.389],[101.65,-1.37],[101.601,-1.345],[101.586,-1.326],[101.549,-1.326],[101.542,-1.334],[101.513,-1.336],[101.524,-1.304],[101.468,-1.282],[101.466,-1.26],[101.452,-1.251],[101.445,-1.22],[101.409,-1.18],[101.404,-1.149],[101.414,-1.122],[101.436,-1.098],[101.441,-1.058],[101.459,-1.032],[101.456,-1.015],[101.429,-1.005],[101.405,-1.038],[101.375,-1.048],[101.344,-1.045],[101.348,-1.062],[101.34,-1.079],[101.351,-1.131],[101.308,-1.146],[101.261,-1.141],[101.232,-1.151],[101.196,-1.108],[101.168,-1.102]]]},"properties":{"name":"Solok Selatan"}},
{"type":"Feature","geometry":{"type":"Polygon","coordinates":[[[119.806,-4.537],[119.821,-4.527],[119.875,-4.533],[119.901,-4.516],[119.939,-4.534],[119.971,-4.532],[119.994,-4.521],[120.014,-4.526],[120.038,-4.52],[120.058,-4.5],[120.057,-4.465],[120.065,-4.433],[120.049,-4.397],[120.08,-4.401],[120.095,-4.392],[120.096,-4.362],[120.077,-4.335],[120.085,-4.322],[120.073,-4.285],[120.04,-4.282],[120.04,-4.262],[120.008,-4.269],[119.978,-4.267],[119.934,-4.249],[119.949,-4.185],[119.92,-4.175],[119.917,-4.163],[119.932,-4.141],[119.922,-4.122],[119.892,-4.108],[119.849,-4.098],[119.807,-4.112],[119.809,-4.129],[119.782,-4.124],[119.749,-4.129],[119.731,-4.147],[119.73,-4.174],[119.755,-4.193],[119.756,-4.207],[119.724,-4.212],[119.713,-4.226],[119.717,-4.249],[119.744,-4.264],[119.755,-4.285],[119.756,-4.348],[119.75,-4.364],[119.756,-4.405],[119.752,-4.45],[119.765,-4.489],[119.786,-4.498],[119.806,-4.537]]]},"properties":{"name":"Soppeng"}},
{"type":"Feature","geometry":{"type":"MultiPolygon","coordinates":[[[[130.734,-1.187],[130.748,-1.197],[130.743,-1.22],[130.75,-1.244],[130.766,-1.259],[130.785,-1.253],[130.823,-1.277],[130.832,-1.289],[130.899,-1.323],[130.93,-1.332],[130.946,-1.353],[130.965,-1.363],[130.979,-1.355],[131.018,-1.265],[131.035,-1.263],[131.043,-1.243],[131.024,-1.196],[130.999,-1.181],[130.979,-1.184],[130.959,-1.174],[130.932,-1.183],[130.918,-1.201],[130.873,-1.198],[130.848,-1.206],[130.816,-1.179],[130.78,-1.166],[130.743,-1.172],[130.734,-1.187]]],[[[131.27,-0.934],[131.267,-0.969],[131.275,-0.999],[131.258,-1.003],[131.241,-1.039],[131.23,-1.075],[131.233,-1.103],[131.213,-1.133],[131.204,-1.161],[131.174,-1.229],[131.121,-1.249],[131.083,-1.24],[131.046,-1.265],[131.027,-1.3],[131.03,-1.315],[131.01,-1.333],[130.996,-1.386],[130.964,-1.401],[130.934,-1.44],[130.948,-1.453],[130.973,-1.455],[130.993,-1.465],[131.093,-1.449],[131.133,-1.469],[131.163,-1.468],[131.188,-1.491],[131.211,-1.536],[131.237,-1.528],[131.249,-1.515],[131.293,-1.504],[131.316,-1.492],[131.337,-1.463],[131.335,-1.443],[131.313,-1.412],[131.364,-1.369],[131.372,-1.409],[131.392,-1.413],[131.4,-1.445],[131.38,-1.459],[131.401,-1.481],[131.427,-1.495],[131.444,-1.515],[131.473,-1.506],[131.487,-1.486],[131.581,-1.534],[131.661,-1.561],[131.68,-1.548],[131.692,-1.525],[131.724,-1.481],[131.747,-1.481],[131.766,-1.499],[131.813,-1.511],[131.86,-1.488],[131.873,-1.44],[131.845,-1.437],[131.828,-1.41],[131.825,-1.392],[131.836,-1.363],[131.874,-1.334],[131.889,-1.316],[131.896,-1.263],[131.843,-1.172],[131.827,-1.166],[131.801,-1.136],[131.884,-1.075],[131.876,-1.052],[131.938,-1.061],[131.942,-1.052],[131.972,-1.051],[132.125,-0.991],[132.153,-0.936],[132.137,-0.924],[132.144,-0.9],[132.179,-0.879],[132.111,-0.831],[132.059,-0.778],[132.034,-0.781],[132.028,-0.756],[132.034,-0.724],[132.05,-0.719],[132.103,-0.683],[132.124,-0.675],[132.136,-0.655],[132.099,-0.643],[132.041,-0.583],[132.021,-0.55],[131.983,-0.565],[131.949,-0.602],[131.914,-0.625],[131.912,-0.648],[131.885,-0.678],[131.862,-0.686],[131.827,-0.711],[131.747,-0.723],[131.687,-0.742],[131.624,-0.74],[131.579,-0.751],[131.547,-0.771],[131.533,-0.735],[131.499,-0.739],[131.479,-0.752],[131.413,-0.765],[131.4,-0.782],[131.403,-0.823],[131.392,-0.828],[131.415,-0.865],[131.433,-0.944],[131.41,-0.955],[131.357,-0.952],[131.315,-0.946],[131.295,-0.932],[131.27,-0.934]]]]},"properties":{"name":"Sorong"}},
{"type":"Feature","geometry":{"type":"Polygon","coordinates":[[[132.025,-1.068],[131.938,-1.061],[131.876,-1.052],[131.884,-1.075],[131.801,-1.136],[131.827,-1.166],[131.843,-1.172],[131.896,-1.263],[131.889,-1.316],[131.874,-1.334],[131.836,-1.363],[131.825,-1.392],[131.828,-1.41],[131.845,-1.437],[131.873,-1.44],[131.86,-1.488],[131.813,-1.511],[131.766,-1.499],[131.747,-1.481],[131.724,-1.481],[131.692,-1.525],[131.68,-1.548],[131.698,-1.555],[131.728,-1.585],[131.772,-1.576],[131.791,-1.607],[131.811,-1.615],[131.855,-1.581],[131.892,-1.58],[131.925,-1.557],[131.924,-1.579],[131.905,-1.595],[131.884,-1.637],[131.91,-1.719],[131.949,-1.714],[131.983,-1.703],[131.991,-1.681],[132.024,-1.721],[132.004,-1.751],[131.995,-1.744],[131.96,-1.79],[131.934,-1.801],[131.924,-1.814],[131.952,-1.848],[131.926,-1.864],[131.934,-1.886],[131.96,-1.922],[131.984,-1.922],[131.985,-1.95],[131.971,-1.968],[132.042,-2.023],[132.077,-2.012],[132.096,-2.02],[132.038,-2.068],[132.066,-2.092],[132.144,-2.147],[132.182,-2.147],[132.193,-2.161],[132.223,-2.177],[132.253,-2.204],[132.288,-2.256],[132.316,-2.28],[132.329,-2.272],[132.367,-2.269],[132.428,-2.236],[132.487,-2.208],[132.542,-2.19],[132.506,-2.124],[132.484,-2.058],[132.473,-1.974],[132.471,-1.913],[132.475,-1.858],[132.487,-1.805],[132.497,-1.781],[132.493,-1.765],[132.463,-1.738],[132.439,-1.704],[132.434,-1.67],[132.414,-1.628],[132.37,-1.596],[132.373,-1.587],[132.322,-1.543],[132.305,-1.548],[132.311,-1.506],[132.307,-1.488],[132.289,-1.469],[132.237,-1.434],[132.202,-1.444],[132.169,-1.432],[132.102,-1.428],[132.121,-1.362],[132.078,-1.346],[132.013,-1.303],[132.021,-1.279],[132.018,-1.24],[132.038,-1.239],[132.073,-1.226],[132.07,-1.17],[132.025,-1.068]]]},"properties":{"name":"Sorong Selatan"}},
{"type":"Feature","geometry":{"type":"MultiPolygon","coordinates":[[[[110.797,-7.306],[110.812,-7.29],[110.794,-7.275],[110.797,-7.306]]],[[[110.805,-7.459],[110.841,-7.46],[110.883,-7.492],[110.952,-7.5],[111.009,-7.529],[111.049,-7.537],[111.04,-7.511],[111.079,-7.499],[111.081,-7.528],[111.111,-7.531],[111.13,-7.514],[111.148,-7.525],[111.154,-7.51],[111.133,-7.475],[111.135,-7.462],[111.119,-7.423],[111.139,-7.386],[111.145,-7.36],[111.14,-7.284],[111.149,-7.264],[111.107,-7.247],[111.08,-7.254],[111.058,-7.271],[111.018,-7.259],[110.995,-7.274],[110.955,-7.283],[110.925,-7.275],[110.901,-7.282],[110.867,-7.265],[110.852,-7.27],[110.831,-7.268],[110.836,-7.307],[110.797,-7.308],[110.803,-7.328],[110.799,-7.37],[110.773,-7.392],[110.781,-7.453],[110.805,-7.459]]]]},"properties":{"name":"Sragen"}},
{"type":"Feature","geometry":{"type":"Polygon","coordinates":[[[107.75,-6.813],[107.78,-6.801],[107.817,-6.8],[107.837,-6.776],[107.842,-6.758],[107.835,-6.713],[107.84,-6.692],[107.81,-6.677],[107.841,-6.665],[107.852,-6.652],[107.855,-6.625],[107.848,-6.586],[107.856,-6.579],[107.881,-6.567],[107.909,-6.539],[107.92,-6.509],[107.89,-6.455],[107.897,-6.426],[107.891,-6.41],[107.898,-6.39],[107.924,-6.36],[107.917,-6.348],[107.93,-6.319],[107.922,-6.311],[107.924,-6.252],[107.903,-6.244],[107.888,-6.221],[107.899,-6.185],[107.854,-6.212],[107.85,-6.189],[107.819,-6.186],[107.801,-6.205],[107.765,-6.213],[107.751,-6.228],[107.721,-6.237],[107.694,-6.228],[107.679,-6.237],[107.644,-6.215],[107.622,-6.222],[107.582,-6.261],[107.579,-6.322],[107.558,-6.365],[107.538,-6.387],[107.529,-6.418],[107.527,-6.437],[107.544,-6.45],[107.56,-6.478],[107.558,-6.532],[107.561,-6.567],[107.59,-6.6],[107.58,-6.636],[107.602,-6.663],[107.591,-6.681],[107.596,-6.729],[107.604,-6.749],[107.627,-6.773],[107.669,-6.777],[107.688,-6.798],[107.708,-6.793],[107.727,-6.811],[107.75,-6.813]]]},"properties":{"name":"Subang"}},
{"type":"Feature","geometry":{"type":"Polygon","coordinates":[[[106.525,-6.762],[106.498,-6.791],[106.457,-6.804],[106.438,-6.828],[106.431,-6.862],[106.393,-6.901],[106.4,-6.92],[106.391,-6.932],[106.397,-6.979],[106.417,-6.963],[106.443,-6.953],[106.478,-6.963],[106.512,-6.965],[106.544,-6.988],[106.54,-7.021],[106.545,-7.056],[106.507,-7.095],[106.484,-7.104],[106.449,-7.148],[106.457,-7.185],[106.444,-7.191],[106.401,-7.186],[106.391,-7.229],[106.379,-7.242],[106.385,-7.264],[106.37,-7.28],[106.373,-7.308],[106.398,-7.332],[106.406,-7.37],[106.427,-7.36],[106.494,-7.379],[106.523,-7.408],[106.575,-7.418],[106.603,-7.414],[106.664,-7.423],[106.791,-7.438],[106.795,-7.397],[106.832,-7.358],[106.861,-7.363],[106.908,-7.339],[106.92,-7.322],[106.95,-7.321],[106.967,-7.312],[106.976,-7.284],[106.96,-7.26],[106.979,-7.236],[106.972,-7.184],[106.958,-7.165],[106.966,-7.145],[106.937,-7.123],[106.944,-7.075],[106.954,-7.068],[106.959,-7.034],[106.977,-7.015],[107.008,-7.037],[107.039,-7.043],[107.05,-7.005],[107.032,-6.981],[107.037,-6.969],[107.063,-6.956],[107.049,-6.942],[107.047,-6.91],[107.033,-6.874],[107.005,-6.848],[106.993,-6.805],[106.965,-6.77],[106.947,-6.761],[106.921,-6.787],[106.904,-6.789],[106.814,-6.769],[106.793,-6.753],[106.778,-6.755],[106.758,-6.728],[106.741,-6.715],[106.725,-6.718],[106.699,-6.742],[106.632,-6.755],[106.599,-6.749],[106.569,-6.723],[106.548,-6.751],[106.525,-6.762]],[[106.915,-6.893],[106.96,-6.919],[106.953,-6.964],[106.931,-6.965],[106.906,-6.979],[106.874,-6.963],[106.91,-6.954],[106.901,-6.933],[106.901,-6.912],[106.915,-6.893]]]},"properties":{"name":"Sukabumi"}},
{"type":"Feature","geometry":{"type":"Polygon","coordinates":[[[110.734,-2.988],[110.78,-2.976],[110.819,-2.981],[110.848,-2.995],[110.919,-3.046],[110.957,-3.064],[110.983,-3.066],[111.046,-3.052],[111.111,-3.029],[111.192,-2.99],[111.267,-2.943],[111.338,-2.91],[111.362,-2.908],[111.38,-2.877],[111.383,-2.817],[111.379,-2.792],[111.386,-2.71],[111.4,-2.653],[111.377,-2.646],[111.344,-2.626],[111.302,-2.618],[111.3,-2.594],[111.289,-2.58],[111.279,-2.542],[111.285,-2.447],[111.284,-2.373],[111.265,-2.373],[111.274,-2.336],[111.317,-2.332],[111.317,-2.305],[111.356,-2.307],[111.342,-2.276],[111.368,-2.263],[111.382,-2.281],[111.391,-2.267],[111.386,-2.198],[111.368,-2.194],[111.355,-2.152],[111.293,-2.149],[111.265,-2.141],[111.252,-2.126],[111.223,-2.121],[111.201,-2.1],[111.203,-2.075],[111.179,-2.056],[111.157,-2.056],[111.066,-2.118],[111.079,-2.161],[111.064,-2.185],[111.063,-2.203],[111.041,-2.222],[111.032,-2.241],[111.07,-2.3],[111.09,-2.363],[111.103,-2.424],[111.105,-2.484],[111.116,-2.542],[111.134,-2.595],[111.134,-2.624],[111.12,-2.643],[111.128,-2.666],[111.159,-2.671],[111.172,-2.686],[111.169,-2.706],[111.146,-2.741],[111.102,-2.768],[111.012,-2.795],[110.999,-2.827],[110.976,-2.842],[110.967,-2.858],[110.927,-2.868],[110.889,-2.872],[110.88,-2.882],[110.838,-2.896],[110.825,-2.907],[110.8,-2.907],[110.755,-2.942],[110.734,-2.988]]]},"properties":{"name":"Sukamara"}},
{"type":"Feature","geometry":{"type":"Polygon","coordinates":[[[110.703,-7.593],[110.739,-7.598],[110.745,-7.616],[110.765,-7.62],[110.791,-7.648],[110.767,-7.689],[110.77,-7.708],[110.759,-7.734],[110.713,-7.793],[110.742,-7.807],[110.786,-7.817],[110.787,-7.798],[110.801,-7.792],[110.838,-7.798],[110.855,-7.785],[110.86,-7.759],[110.877,-7.746],[110.904,-7.753],[110.936,-7.78],[110.941,-7.74],[110.954,-7.683],[110.948,-7.67],[110.945,-7.62],[110.905,-7.613],[110.912,-7.584],[110.861,-7.567],[110.847,-7.573],[110.833,-7.595],[110.802,-7.571],[110.788,-7.575],[110.771,-7.545],[110.726,-7.538],[110.713,-7.542],[110.726,-7.554],[110.703,-7.593]]]},"properties":{"name":"Sukoharjo"}},
{"type":"Feature","geometry":{"type":"Polygon","coordinates":[[[119.543,-9.753],[119.54,-9.742],[119.507,-9.741],[119.507,-9.73],[119.535,-9.694],[119.515,-9.681],[119.471,-9.681],[119.485,-9.65],[119.481,-9.606],[119.508,-9.577],[119.515,-9.542],[119.497,-9.527],[119.48,-9.525],[119.459,-9.506],[119.456,-9.484],[119.421,-9.412],[119.416,-9.374],[119.391,-9.383],[119.396,-9.392],[119.377,-9.426],[119.377,-9.503],[119.395,-9.525],[119.393,-9.541],[119.414,-9.562],[119.374,-9.598],[119.367,-9.616],[119.329,-9.623],[119.304,-9.672],[119.278,-9.685],[119.264,-9.679],[119.234,-9.69],[119.216,-9.677],[119.196,-9.648],[119.163,-9.663],[119.149,-9.69],[119.145,-9.73],[119.174,-9.741],[119.185,-9.759],[119.219,-9.738],[119.287,-9.749],[119.329,-9.768],[119.352,-9.761],[119.373,-9.776],[119.385,-9.796],[119.41,-9.788],[119.411,-9.769],[119.424,-9.758],[119.448,-9.755],[119.456,-9.742],[119.482,-9.745],[119.527,-9.767],[119.543,-9.753]]]},"properties":{"name":"Sumba Barat"}},
{"type":"Feature","geometry":{"type":"Polygon","coordinates":[[[119.391,-9.383],[119.325,-9.371],[119.298,-9.357],[119.237,-9.379],[119.22,-9.391],[119.194,-9.375],[119.154,-9.384],[119.102,-9.421],[119.084,-9.419],[119.033,-9.431],[118.99,-9.456],[118.944,-9.511],[118.929,-9.542],[118.931,-9.562],[118.986,-9.608],[119.026,-9.675],[119.049,-9.692],[119.092,-9.714],[119.105,-9.714],[119.145,-9.73],[119.149,-9.69],[119.163,-9.663],[119.196,-9.648],[119.216,-9.677],[119.234,-9.69],[119.264,-9.679],[119.278,-9.685],[119.304,-9.672],[119.329,-9.623],[119.367,-9.616],[119.374,-9.598],[119.414,-9.562],[119.393,-9.541],[119.395,-9.525],[119.377,-9.503],[119.377,-9.426],[119.396,-9.392],[119.391,-9.383]]]},"properties":{"name":"Sumba Barat Daya"}},
{"type":"Feature","geometry":{"type":"Polygon","coordinates":[[[119.543,-9.753],[119.553,-9.766],[119.58,-9.762],[119.595,-9.779],[119.628,-9.778],[119.642,-9.792],[119.654,-9.776],[119.671,-9.781],[119.675,-9.802],[119.69,-9.817],[119.675,-9.829],[119.732,-9.84],[119.738,-9.756],[119.75,-9.735],[119.728,-9.715],[119.725,-9.691],[119.746,-9.67],[119.765,-9.676],[119.809,-9.667],[119.842,-9.667],[119.851,-9.612],[119.841,-9.578],[119.875,-9.543],[119.889,-9.513],[119.909,-9.513],[119.926,-9.482],[119.896,-9.432],[119.912,-9.392],[119.876,-9.371],[119.865,-9.343],[119.834,-9.365],[119.807,-9.394],[119.773,-9.397],[119.762,-9.386],[119.731,-9.389],[119.686,-9.382],[119.657,-9.368],[119.632,-9.346],[119.6,-9.347],[119.572,-9.356],[119.551,-9.372],[119.514,-9.376],[119.477,-9.359],[119.416,-9.374],[119.421,-9.412],[119.456,-9.484],[119.459,-9.506],[119.48,-9.525],[119.497,-9.527],[119.515,-9.542],[119.508,-9.577],[119.481,-9.606],[119.485,-9.65],[119.471,-9.681],[119.515,-9.681],[119.535,-9.694],[119.507,-9.73],[119.507,-9.741],[119.54,-9.742],[119.543,-9.753]]]},"properties":{"name":"Sumba Tengah"}},
{"type":"Feature","geometry":{"type":"MultiPolygon","coordinates":[[[[120.213,-10.305],[120.18,-10.312],[120.184,-10.324],[120.212,-10.318],[120.213,-10.305]]],[[[119.675,-9.829],[119.712,-9.866],[119.737,-9.874],[119.768,-9.896],[119.784,-9.922],[119.802,-9.915],[119.835,-9.929],[119.863,-9.922],[119.882,-9.958],[119.905,-9.95],[119.905,-9.974],[119.931,-9.981],[119.947,-10],[119.995,-10.038],[120.019,-10.08],[120.023,-10.098],[120.01,-10.12],[120.046,-10.126],[120.084,-10.168],[120.127,-10.192],[120.149,-10.224],[120.18,-10.229],[120.209,-10.252],[120.243,-10.244],[120.268,-10.245],[120.289,-10.256],[120.346,-10.249],[120.391,-10.27],[120.438,-10.308],[120.454,-10.313],[120.473,-10.302],[120.486,-10.263],[120.532,-10.24],[120.573,-10.24],[120.591,-10.251],[120.624,-10.248],[120.64,-10.229],[120.67,-10.23],[120.743,-10.186],[120.758,-10.154],[120.774,-10.142],[120.815,-10.125],[120.839,-10.095],[120.847,-10.038],[120.839,-10.015],[120.816,-9.977],[120.785,-9.949],[120.74,-9.922],[120.709,-9.919],[120.678,-9.899],[120.63,-9.819],[120.626,-9.79],[120.606,-9.769],[120.6,-9.741],[120.578,-9.725],[120.558,-9.696],[120.539,-9.687],[120.504,-9.686],[120.477,-9.625],[120.462,-9.615],[120.439,-9.626],[120.352,-9.65],[120.32,-9.674],[120.299,-9.642],[120.253,-9.645],[120.237,-9.615],[120.228,-9.586],[120.224,-9.529],[120.211,-9.491],[120.182,-9.468],[120.124,-9.485],[120.085,-9.47],[120.049,-9.43],[120.034,-9.397],[120.013,-9.386],[119.992,-9.355],[119.963,-9.328],[119.943,-9.285],[119.928,-9.279],[119.891,-9.326],[119.865,-9.343],[119.876,-9.371],[119.912,-9.392],[119.896,-9.432],[119.926,-9.482],[119.909,-9.513],[119.889,-9.513],[119.875,-9.543],[119.841,-9.578],[119.851,-9.612],[119.842,-9.667],[119.809,-9.667],[119.765,-9.676],[119.746,-9.67],[119.725,-9.691],[119.728,-9.715],[119.75,-9.735],[119.738,-9.756],[119.732,-9.84],[119.675,-9.829]]]]},"properties":{"name":"Sumba Timur"}},
{"type":"Feature","geometry":{"type":"MultiPolygon","coordinates":[[[[117.966,-8.612],[117.957,-8.625],[117.978,-8.637],[117.966,-8.651],[117.995,-8.663],[117.978,-8.686],[117.994,-8.691],[118.008,-8.669],[117.996,-8.634],[117.966,-8.612]]],[[[117.728,-8.478],[117.701,-8.495],[117.714,-8.513],[117.714,-8.535],[117.747,-8.569],[117.758,-8.547],[117.739,-8.528],[117.728,-8.478]]],[[[117.653,-8.448],[117.65,-8.471],[117.636,-8.509],[117.648,-8.522],[117.667,-8.514],[117.68,-8.522],[117.674,-8.466],[117.653,-8.448]]],[[[118.176,-8.655],[118.139,-8.65],[118.108,-8.657],[118.088,-8.652],[118.038,-8.674],[118.009,-8.712],[117.991,-8.711],[117.974,-8.74],[117.963,-8.743],[117.933,-8.725],[117.902,-8.737],[117.889,-8.723],[117.893,-8.701],[117.871,-8.696],[117.846,-8.719],[117.832,-8.709],[117.81,-8.726],[117.774,-8.713],[117.765,-8.672],[117.749,-8.645],[117.754,-8.59],[117.727,-8.588],[117.737,-8.564],[117.696,-8.575],[117.653,-8.564],[117.627,-8.534],[117.625,-8.499],[117.635,-8.466],[117.625,-8.444],[117.578,-8.432],[117.566,-8.409],[117.548,-8.403],[117.531,-8.409],[117.472,-8.415],[117.436,-8.411],[117.395,-8.471],[117.331,-8.441],[117.262,-8.416],[117.237,-8.399],[117.202,-8.406],[117.176,-8.376],[117.155,-8.364],[117.143,-8.378],[117.123,-8.369],[117.105,-8.373],[117.093,-8.408],[117.067,-8.424],[117.067,-8.435],[117.04,-8.445],[117.024,-8.463],[117.004,-8.506],[116.995,-8.488],[116.956,-8.498],[116.946,-8.517],[116.93,-8.513],[116.917,-8.526],[116.884,-8.526],[116.876,-8.54],[116.942,-8.595],[117,-8.625],[117.039,-8.671],[117.069,-8.678],[117.091,-8.718],[117.082,-8.766],[117.049,-8.783],[117.045,-8.803],[117.074,-8.815],[117.085,-8.835],[117.062,-8.873],[117.083,-8.898],[117.085,-8.94],[117.067,-8.946],[117.068,-8.999],[117.062,-9.013],[117.067,-9.042],[117.044,-9.082],[117.04,-9.101],[117.057,-9.104],[117.1,-9.09],[117.135,-9.084],[117.135,-9.07],[117.167,-9.043],[117.186,-9.021],[117.221,-9.02],[117.271,-9.041],[117.307,-9.042],[117.33,-9.055],[117.346,-9.042],[117.36,-9.056],[117.381,-9.049],[117.41,-9.049],[117.459,-9.024],[117.5,-9.02],[117.529,-9.001],[117.56,-8.996],[117.606,-8.966],[117.668,-8.938],[117.691,-8.919],[117.734,-8.916],[117.753,-8.932],[117.776,-8.931],[117.796,-8.906],[117.817,-8.899],[117.834,-8.919],[117.884,-8.944],[117.896,-8.922],[117.918,-8.919],[117.935,-8.899],[117.954,-8.906],[117.983,-8.893],[118.005,-8.856],[118.037,-8.858],[118.079,-8.84],[118.093,-8.859],[118.127,-8.878],[118.159,-8.859],[118.185,-8.854],[118.21,-8.833],[118.222,-8.807],[118.249,-8.795],[118.259,-8.775],[118.284,-8.769],[118.287,-8.74],[118.316,-8.729],[118.333,-8.713],[118.314,-8.694],[118.272,-8.693],[118.24,-8.703],[118.189,-8.706],[118.178,-8.692],[118.176,-8.655]]],[[[117.56,-8.144],[117.516,-8.161],[117.485,-8.183],[117.479,-8.208],[117.488,-8.228],[117.479,-8.257],[117.508,-8.273],[117.493,-8.317],[117.476,-8.332],[117.47,-8.356],[117.528,-8.39],[117.547,-8.371],[117.57,-8.335],[117.586,-8.282],[117.604,-8.268],[117.609,-8.241],[117.66,-8.198],[117.69,-8.181],[117.684,-8.166],[117.656,-8.149],[117.606,-8.155],[117.56,-8.144]]]]},"properties":{"name":"Sumbawa"}},
{"type":"Feature","geometry":{"type":"Polygon","coordinates":[[[116.884,-8.526],[116.833,-8.544],[116.833,-8.557],[116.818,-8.579],[116.789,-8.59],[116.783,-8.613],[116.77,-8.629],[116.76,-8.659],[116.774,-8.675],[116.786,-8.721],[116.766,-8.737],[116.811,-8.791],[116.815,-8.813],[116.804,-8.826],[116.786,-8.819],[116.771,-8.833],[116.768,-8.855],[116.735,-8.866],[116.725,-8.911],[116.752,-8.924],[116.735,-8.938],[116.727,-8.958],[116.74,-8.997],[116.788,-9.036],[116.808,-9.032],[116.844,-9.043],[116.897,-9.065],[116.923,-9.052],[116.954,-9.058],[116.971,-9.08],[117.004,-9.093],[117.015,-9.11],[117.04,-9.101],[117.044,-9.082],[117.067,-9.042],[117.062,-9.013],[117.068,-8.999],[117.067,-8.946],[117.085,-8.94],[117.083,-8.898],[117.062,-8.873],[117.085,-8.835],[117.074,-8.815],[117.045,-8.803],[117.049,-8.783],[117.082,-8.766],[117.091,-8.718],[117.069,-8.678],[117.039,-8.671],[117,-8.625],[116.942,-8.595],[116.876,-8.54],[116.884,-8.526]]]},"properties":{"name":"Sumbawa Barat"}},
{"type":"Feature","geometry":{"type":"Polygon","coordinates":[[[107.915,-6.953],[107.967,-6.959],[107.991,-6.982],[108.016,-6.98],[108.055,-6.996],[108.074,-6.982],[108.091,-6.984],[108.1,-7.02],[108.129,-7.041],[108.133,-7.039],[108.165,-6.998],[108.171,-6.969],[108.199,-6.947],[108.218,-6.92],[108.215,-6.889],[108.18,-6.852],[108.175,-6.832],[108.159,-6.826],[108.17,-6.784],[108.154,-6.762],[108.152,-6.745],[108.164,-6.729],[108.138,-6.707],[108.114,-6.702],[108.092,-6.673],[108.08,-6.67],[108.043,-6.639],[108.025,-6.67],[107.989,-6.67],[107.97,-6.639],[107.94,-6.626],[107.904,-6.593],[107.856,-6.579],[107.848,-6.586],[107.855,-6.625],[107.852,-6.652],[107.841,-6.665],[107.81,-6.677],[107.84,-6.692],[107.835,-6.713],[107.842,-6.758],[107.837,-6.776],[107.817,-6.8],[107.78,-6.801],[107.75,-6.813],[107.741,-6.855],[107.744,-6.876],[107.759,-6.892],[107.759,-6.944],[107.774,-6.959],[107.84,-6.969],[107.885,-6.962],[107.915,-6.953]]]},"properties":{"name":"Sumedang"}},
{"type":"Feature","geometry":{"type":"MultiPolygon","coordinates":[[[[113.764,-7.209],[113.759,-7.218],[113.793,-7.236],[113.8,-7.214],[113.764,-7.209]]],[[[113.925,-7.174],[113.883,-7.194],[113.887,-7.212],[113.941,-7.204],[113.925,-7.174]]],[[[114.579,-7.132],[114.533,-7.129],[114.516,-7.142],[114.476,-7.141],[114.481,-7.158],[114.509,-7.154],[114.515,-7.143],[114.551,-7.143],[114.573,-7.165],[114.61,-7.161],[114.607,-7.137],[114.579,-7.132]]],[[[115.906,-7.105],[115.899,-7.116],[115.87,-7.132],[115.873,-7.152],[115.843,-7.163],[115.836,-7.149],[115.802,-7.148],[115.794,-7.134],[115.763,-7.129],[115.742,-7.155],[115.757,-7.173],[115.837,-7.207],[115.88,-7.202],[115.898,-7.183],[115.906,-7.105]]],[[[113.953,-7.057],[113.939,-7.064],[113.945,-7.088],[113.987,-7.106],[114.012,-7.105],[114.047,-7.113],[114.065,-7.11],[114.049,-7.074],[114.014,-7.07],[113.978,-7.073],[113.953,-7.057]]],[[[114.335,-7.057],[114.304,-7.059],[114.275,-7.083],[114.275,-7.109],[114.295,-7.143],[114.313,-7.159],[114.364,-7.179],[114.387,-7.182],[114.405,-7.171],[114.392,-7.133],[114.375,-7.11],[114.37,-7.087],[114.335,-7.057]]],[[[115.637,-7.042],[115.601,-7.037],[115.616,-7.062],[115.631,-7.065],[115.637,-7.042]]],[[[115.546,-6.985],[115.519,-6.995],[115.509,-7.011],[115.534,-7.031],[115.546,-6.985]]],[[[115.467,-6.978],[115.43,-6.979],[115.43,-6.995],[115.447,-7.004],[115.467,-6.978]]],[[[114.182,-7.003],[114.187,-6.974],[114.167,-6.974],[114.161,-6.998],[114.182,-7.003]]],[[[115.588,-6.94],[115.565,-6.961],[115.572,-6.975],[115.592,-6.978],[115.615,-7.003],[115.641,-6.997],[115.668,-7.005],[115.653,-6.975],[115.588,-6.94]]],[[[113.602,-7.129],[113.634,-7.123],[113.654,-7.127],[113.673,-7.111],[113.716,-7.112],[113.796,-7.125],[113.816,-7.133],[113.892,-7.133],[113.891,-7.112],[113.87,-7.095],[113.876,-7.079],[113.907,-7.048],[113.921,-7.043],[113.941,-7.057],[113.949,-7.04],[113.966,-7.038],[113.989,-7.008],[114.032,-7.009],[114.06,-7.003],[114.093,-6.98],[114.125,-6.978],[114.107,-6.941],[114.094,-6.931],[113.967,-6.873],[113.914,-6.864],[113.854,-6.872],[113.795,-6.886],[113.772,-6.883],[113.722,-6.887],[113.682,-6.882],[113.64,-6.888],[113.636,-6.914],[113.65,-6.915],[113.608,-6.974],[113.608,-7.013],[113.581,-7.019],[113.583,-7.041],[113.605,-7.045],[113.606,-7.067],[113.622,-7.09],[113.602,-7.129]]],[[[115.267,-6.828],[115.247,-6.827],[115.254,-6.862],[115.24,-6.886],[115.207,-6.89],[115.198,-6.922],[115.204,-6.939],[115.223,-6.935],[115.256,-6.955],[115.267,-6.995],[115.293,-7.006],[115.301,-6.998],[115.301,-6.954],[115.326,-6.962],[115.321,-6.975],[115.337,-6.996],[115.381,-6.995],[115.391,-6.976],[115.35,-6.925],[115.365,-6.912],[115.397,-6.908],[115.409,-6.939],[115.445,-6.925],[115.519,-6.945],[115.549,-6.966],[115.576,-6.93],[115.556,-6.903],[115.543,-6.902],[115.519,-6.881],[115.437,-6.847],[115.394,-6.835],[115.319,-6.835],[115.267,-6.828]]],[[[114.413,-5.533],[114.393,-5.542],[114.393,-5.565],[114.434,-5.589],[114.451,-5.572],[114.452,-5.547],[114.418,-5.552],[114.413,-5.533]]],[[[114.416,-5.431],[114.409,-5.441],[114.425,-5.462],[114.437,-5.448],[114.416,-5.431]]],[[[114.608,-5.06],[114.588,-5.067],[114.589,-5.096],[114.604,-5.103],[114.612,-5.08],[114.608,-5.06]]]]},"properties":{"name":"Sumenep"}},
{"type":"Feature","geometry":{"type":"Polygon","coordinates":[[[135.804,-0.687],[135.78,-0.723],[135.767,-0.723],[135.749,-0.741],[135.728,-0.713],[135.703,-0.712],[135.691,-0.723],[135.678,-0.688],[135.643,-0.663],[135.602,-0.693],[135.597,-0.666],[135.56,-0.659],[135.532,-0.666],[135.504,-0.654],[135.483,-0.662],[135.463,-0.646],[135.434,-0.643],[135.418,-0.653],[135.394,-0.622],[135.365,-0.63],[135.373,-0.666],[135.389,-0.678],[135.388,-0.702],[135.419,-0.754],[135.453,-0.783],[135.49,-0.805],[135.51,-0.827],[135.507,-0.843],[135.53,-0.858],[135.545,-0.849],[135.52,-0.819],[135.513,-0.789],[135.498,-0.803],[135.479,-0.781],[135.487,-0.77],[135.529,-0.783],[135.555,-0.803],[135.573,-0.83],[135.591,-0.839],[135.643,-0.887],[135.667,-0.862],[135.684,-0.832],[135.709,-0.803],[135.739,-0.794],[135.804,-0.741],[135.804,-0.687]]]},"properties":{"name":"Supiori"}},
{"type":"Feature","geometry":{"type":"Polygon","coordinates":[[[115.721,-1.99],[115.696,-1.974],[115.719,-1.927],[115.731,-1.87],[115.722,-1.826],[115.727,-1.804],[115.708,-1.788],[115.686,-1.803],[115.69,-1.753],[115.708,-1.727],[115.667,-1.708],[115.675,-1.667],[115.668,-1.629],[115.639,-1.609],[115.64,-1.586],[115.63,-1.575],[115.646,-1.559],[115.631,-1.53],[115.641,-1.519],[115.622,-1.5],[115.621,-1.477],[115.638,-1.463],[115.679,-1.456],[115.699,-1.415],[115.717,-1.398],[115.724,-1.373],[115.742,-1.364],[115.745,-1.333],[115.754,-1.315],[115.716,-1.336],[115.668,-1.335],[115.641,-1.351],[115.626,-1.351],[115.599,-1.377],[115.576,-1.381],[115.565,-1.399],[115.524,-1.43],[115.515,-1.448],[115.483,-1.514],[115.447,-1.565],[115.416,-1.644],[115.382,-1.719],[115.397,-1.742],[115.377,-1.802],[115.366,-1.807],[115.367,-1.842],[115.375,-1.879],[115.42,-1.901],[115.43,-1.938],[115.404,-1.989],[115.408,-2.058],[115.351,-2.074],[115.322,-2.072],[115.318,-2.124],[115.304,-2.137],[115.319,-2.17],[115.315,-2.193],[115.291,-2.226],[115.243,-2.215],[115.249,-2.245],[115.154,-2.305],[115.213,-2.34],[115.251,-2.354],[115.283,-2.359],[115.311,-2.344],[115.356,-2.342],[115.401,-2.301],[115.447,-2.276],[115.464,-2.261],[115.482,-2.256],[115.501,-2.239],[115.518,-2.208],[115.578,-2.181],[115.591,-2.152],[115.605,-2.145],[115.627,-2.155],[115.693,-2.082],[115.706,-2.058],[115.705,-2.037],[115.721,-1.99]]]},"properties":{"name":"Tabalong"}},
{"type":"Feature","geometry":{"type":"Polygon","coordinates":[[[115.186,-8.247],[115.132,-8.272],[115.118,-8.274],[115.101,-8.307],[115.072,-8.314],[115.037,-8.303],[115.009,-8.307],[114.994,-8.3],[114.965,-8.306],[114.961,-8.331],[114.932,-8.383],[114.937,-8.392],[114.924,-8.422],[114.927,-8.448],[114.916,-8.468],[114.971,-8.506],[115.004,-8.541],[115.057,-8.58],[115.082,-8.607],[115.099,-8.636],[115.129,-8.608],[115.139,-8.616],[115.157,-8.592],[115.15,-8.579],[115.165,-8.531],[115.183,-8.5],[115.177,-8.487],[115.185,-8.446],[115.211,-8.457],[115.217,-8.431],[115.212,-8.397],[115.196,-8.362],[115.209,-8.313],[115.188,-8.273],[115.186,-8.247]]]},"properties":{"name":"Tabanan"}},
{"type":"Feature","geometry":{"type":"MultiPolygon","coordinates":[[[[119.282,-5.451],[119.263,-5.462],[119.277,-5.494],[119.257,-5.514],[119.273,-5.536],[119.307,-5.527],[119.32,-5.511],[119.315,-5.463],[119.282,-5.451]]],[[[119.401,-5.233],[119.384,-5.214],[119.37,-5.296],[119.354,-5.326],[119.36,-5.345],[119.359,-5.396],[119.363,-5.419],[119.381,-5.448],[119.396,-5.457],[119.432,-5.512],[119.436,-5.538],[119.418,-5.56],[119.44,-5.597],[119.46,-5.606],[119.482,-5.59],[119.46,-5.582],[119.473,-5.564],[119.503,-5.558],[119.511,-5.537],[119.487,-5.511],[119.487,-5.492],[119.522,-5.485],[119.506,-5.457],[119.53,-5.432],[119.573,-5.447],[119.636,-5.431],[119.647,-5.397],[119.618,-5.368],[119.615,-5.348],[119.586,-5.302],[119.585,-5.289],[119.521,-5.301],[119.502,-5.323],[119.483,-5.312],[119.458,-5.355],[119.457,-5.376],[119.426,-5.398],[119.417,-5.419],[119.401,-5.408],[119.371,-5.425],[119.363,-5.409],[119.387,-5.389],[119.406,-5.352],[119.406,-5.33],[119.376,-5.292],[119.386,-5.269],[119.408,-5.253],[119.401,-5.233]]]]},"properties":{"name":"Takalar"}},
{"type":"Feature","geometry":{"type":"Polygon","coordinates":[[[133.507,-0.748],[133.484,-0.74],[133.418,-0.736],[133.389,-0.74],[133.374,-0.725],[133.322,-0.699],[133.29,-0.661],[133.272,-0.651],[133.226,-0.6],[133.179,-0.585],[133.158,-0.567],[133.145,-0.544],[133.123,-0.553],[133.096,-0.546],[133.082,-0.517],[133.047,-0.515],[133.016,-0.53],[133.007,-0.502],[132.985,-0.481],[132.962,-0.475],[132.97,-0.452],[132.956,-0.439],[132.926,-0.452],[132.88,-0.448],[132.749,-0.388],[132.691,-0.366],[132.647,-0.357],[132.526,-0.354],[132.503,-0.358],[132.43,-0.344],[132.409,-0.345],[132.382,-0.364],[132.363,-0.36],[132.344,-0.378],[132.321,-0.382],[132.257,-0.379],[132.244,-0.401],[132.193,-0.409],[132.162,-0.425],[132.145,-0.446],[132.104,-0.464],[132.071,-0.492],[132.073,-0.515],[132.059,-0.536],[132.021,-0.55],[132.041,-0.583],[132.099,-0.643],[132.136,-0.655],[132.124,-0.675],[132.103,-0.683],[132.05,-0.719],[132.034,-0.724],[132.028,-0.756],[132.034,-0.781],[132.059,-0.778],[132.111,-0.831],[132.179,-0.879],[132.144,-0.9],[132.137,-0.924],[132.153,-0.936],[132.125,-0.991],[131.972,-1.051],[131.942,-1.052],[131.938,-1.061],[132.025,-1.068],[132.092,-1.07],[132.183,-1.067],[132.263,-1.075],[132.331,-1.075],[132.381,-1.087],[132.453,-1.088],[132.487,-1.094],[132.493,-1.117],[132.506,-1.127],[132.676,-1.145],[132.709,-1.16],[132.732,-1.169],[132.794,-1.172],[132.864,-1.188],[132.947,-1.2],[133.032,-1.221],[133.11,-1.231],[133.249,-1.262],[133.293,-1.266],[133.334,-1.275],[133.361,-1.206],[133.405,-1.145],[133.421,-1.116],[133.456,-1.07],[133.469,-1.019],[133.517,-0.999],[133.517,-0.974],[133.488,-0.887],[133.47,-0.884],[133.473,-0.81],[133.484,-0.774],[133.507,-0.748]]]},"properties":{"name":"Tambrauw"}},
{"type":"Feature","geometry":{"type":"MultiPolygon","coordinates":[[[[117.417,3.421],[117.372,3.44],[117.37,3.415],[117.397,3.407],[117.416,3.39],[117.422,3.373],[117.416,3.344],[117.436,3.35],[117.444,3.399],[117.438,3.418],[117.417,3.421]]],[[[117.388,3.323],[117.409,3.326],[117.413,3.39],[117.394,3.406],[117.374,3.41],[117.365,3.42],[117.361,3.443],[117.353,3.45],[117.307,3.449],[117.313,3.418],[117.332,3.398],[117.331,3.38],[117.391,3.342],[117.388,3.323]]],[[[117.248,3.588],[117.22,3.572],[117.201,3.54],[117.231,3.497],[117.293,3.484],[117.325,3.491],[117.378,3.471],[117.449,3.455],[117.475,3.437],[117.518,3.481],[117.505,3.497],[117.48,3.494],[117.469,3.505],[117.435,3.509],[117.438,3.529],[117.407,3.538],[117.371,3.563],[117.338,3.565],[117.311,3.56],[117.29,3.566],[117.278,3.588],[117.248,3.588]]],[[[117.422,3.601],[117.39,3.614],[117.363,3.605],[117.292,3.597],[117.303,3.578],[117.327,3.587],[117.378,3.59],[117.409,3.588],[117.436,3.562],[117.46,3.569],[117.456,3.582],[117.422,3.601]]],[[[117.545,3.581],[117.549,3.599],[117.523,3.615],[117.507,3.594],[117.545,3.581]]],[[[117.482,3.637],[117.457,3.633],[117.435,3.641],[117.43,3.624],[117.491,3.598],[117.503,3.606],[117.521,3.637],[117.482,3.637]]],[[[117.493,3.668],[117.497,3.64],[117.521,3.64],[117.503,3.668],[117.493,3.668]]],[[[117.299,3.419],[117.297,3.438],[117.316,3.466],[117.281,3.465],[117.221,3.486],[117.195,3.544],[117.207,3.57],[117.224,3.587],[117.221,3.609],[117.173,3.62],[117.132,3.621],[117.105,3.611],[117.072,3.611],[117.035,3.59],[117.017,3.596],[117.066,3.631],[117.088,3.638],[117.125,3.637],[117.174,3.643],[117.261,3.617],[117.321,3.624],[117.384,3.641],[117.428,3.625],[117.436,3.642],[117.457,3.635],[117.475,3.648],[117.49,3.67],[117.46,3.655],[117.329,3.638],[117.297,3.636],[117.231,3.661],[117.196,3.669],[117.093,3.681],[117.022,3.701],[116.956,3.715],[116.938,3.715],[116.886,3.703],[116.826,3.685],[116.771,3.695],[116.743,3.681],[116.761,3.66],[116.761,3.642],[116.769,3.605],[116.755,3.574],[116.744,3.569],[116.722,3.488],[116.694,3.47],[116.707,3.452],[116.703,3.43],[116.738,3.406],[116.753,3.377],[116.776,3.38],[116.786,3.368],[116.835,3.391],[116.854,3.388],[116.881,3.395],[116.907,3.391],[116.924,3.399],[116.956,3.391],[117.006,3.39],[117.048,3.407],[117.066,3.397],[117.081,3.401],[117.095,3.365],[117.11,3.362],[117.126,3.346],[117.173,3.357],[117.195,3.331],[117.206,3.341],[117.231,3.332],[117.243,3.313],[117.275,3.381],[117.285,3.412],[117.299,3.419]]],[[[117.745,3.699],[117.709,3.665],[117.711,3.649],[117.731,3.632],[117.761,3.657],[117.769,3.677],[117.745,3.699]]],[[[117.775,3.753],[117.81,3.73],[117.809,3.753],[117.775,3.753]]],[[[117.68,3.776],[117.664,3.772],[117.712,3.743],[117.724,3.744],[117.731,3.742],[117.729,3.732],[117.743,3.717],[117.753,3.697],[117.779,3.686],[117.815,3.704],[117.81,3.726],[117.75,3.747],[117.726,3.762],[117.68,3.776]]],[[[117.595,3.78],[117.559,3.783],[117.532,3.766],[117.521,3.774],[117.505,3.765],[117.496,3.773],[117.484,3.765],[117.486,3.717],[117.521,3.674],[117.556,3.646],[117.585,3.63],[117.667,3.615],[117.697,3.627],[117.717,3.628],[117.71,3.648],[117.708,3.667],[117.729,3.688],[117.732,3.72],[117.726,3.729],[117.724,3.743],[117.712,3.742],[117.664,3.771],[117.613,3.772],[117.599,3.773],[117.595,3.78]]]]},"properties":{"name":"Tana Tidung"}},
{"type":"Feature","geometry":{"type":"Polygon","coordinates":[[[120.034,-3.374],[120.044,-3.353],[120.03,-3.322],[120.025,-3.282],[120.001,-3.268],[119.981,-3.245],[119.98,-3.224],[119.992,-3.211],[119.985,-3.187],[119.956,-3.173],[119.959,-3.151],[119.976,-3.129],[119.963,-3.101],[119.969,-3.073],[119.933,-3.066],[119.923,-3.045],[119.894,-3.045],[119.876,-3.025],[119.853,-3.046],[119.838,-3],[119.822,-3.029],[119.803,-3.029],[119.787,-2.973],[119.8,-2.966],[119.784,-2.939],[119.746,-2.936],[119.733,-2.953],[119.712,-2.945],[119.687,-2.874],[119.695,-2.865],[119.692,-2.827],[119.68,-2.778],[119.688,-2.753],[119.68,-2.756],[119.583,-2.748],[119.565,-2.806],[119.561,-2.851],[119.569,-2.87],[119.551,-2.898],[119.557,-2.921],[119.569,-2.927],[119.577,-2.951],[119.565,-2.997],[119.595,-3.063],[119.619,-3.079],[119.632,-3.11],[119.598,-3.128],[119.536,-3.139],[119.516,-3.172],[119.476,-3.191],[119.439,-3.184],[119.43,-3.172],[119.395,-3.198],[119.374,-3.196],[119.374,-3.214],[119.391,-3.232],[119.421,-3.249],[119.432,-3.268],[119.441,-3.254],[119.515,-3.296],[119.529,-3.275],[119.559,-3.27],[119.572,-3.286],[119.604,-3.282],[119.647,-3.327],[119.65,-3.36],[119.68,-3.366],[119.69,-3.36],[119.695,-3.35],[119.721,-3.352],[119.724,-3.332],[119.717,-3.298],[119.737,-3.282],[119.77,-3.274],[119.775,-3.247],[119.814,-3.245],[119.84,-3.256],[119.851,-3.279],[119.886,-3.258],[119.922,-3.264],[119.945,-3.294],[119.996,-3.302],[120.002,-3.334],[120.034,-3.374]]]},"properties":{"name":"Tana Toraja"}},
{"type":"Feature","geometry":{"type":"Polygon","coordinates":[[[115.247,-3.596],[115.267,-3.651],[115.299,-3.71],[115.317,-3.736],[115.355,-3.814],[115.372,-3.832],[115.376,-3.861],[115.456,-3.822],[115.486,-3.815],[115.59,-3.77],[115.605,-3.769],[115.656,-3.743],[115.707,-3.735],[115.732,-3.711],[115.788,-3.679],[115.8,-3.655],[115.833,-3.631],[115.877,-3.619],[115.97,-3.607],[115.996,-3.566],[115.994,-3.515],[116.015,-3.478],[116.007,-3.433],[116.024,-3.411],[116.031,-3.366],[116.046,-3.355],[116.087,-3.281],[116.071,-3.265],[116.041,-3.262],[116.001,-3.234],[115.99,-3.22],[115.974,-3.224],[115.964,-3.247],[115.947,-3.254],[115.931,-3.236],[115.931,-3.216],[115.947,-3.205],[115.948,-3.178],[115.934,-3.153],[115.837,-3.172],[115.83,-3.186],[115.793,-3.182],[115.773,-3.193],[115.753,-3.175],[115.736,-3.147],[115.732,-3.123],[115.717,-3.117],[115.705,-3.079],[115.679,-3.086],[115.666,-3.066],[115.633,-3.06],[115.624,-3.069],[115.562,-3.06],[115.552,-3.075],[115.529,-3.087],[115.52,-3.104],[115.494,-3.125],[115.477,-3.105],[115.439,-3.137],[115.422,-3.159],[115.414,-3.229],[115.403,-3.249],[115.407,-3.27],[115.445,-3.274],[115.457,-3.286],[115.453,-3.306],[115.46,-3.329],[115.444,-3.336],[115.43,-3.363],[115.43,-3.408],[115.424,-3.434],[115.407,-3.444],[115.418,-3.459],[115.412,-3.489],[115.38,-3.506],[115.334,-3.514],[115.311,-3.55],[115.273,-3.572],[115.247,-3.596]]]},"properties":{"name":"Tanah Bumbu"}},
{"type":"Feature","geometry":{"type":"Polygon","coordinates":[[[100.316,-0.429],[100.319,-0.474],[100.332,-0.489],[100.393,-0.491],[100.383,-0.526],[100.397,-0.564],[100.413,-0.566],[100.418,-0.599],[100.399,-0.614],[100.43,-0.637],[100.43,-0.657],[100.451,-0.654],[100.486,-0.659],[100.521,-0.635],[100.498,-0.602],[100.483,-0.545],[100.505,-0.535],[100.516,-0.548],[100.543,-0.553],[100.56,-0.577],[100.572,-0.608],[100.597,-0.565],[100.63,-0.549],[100.637,-0.538],[100.678,-0.537],[100.678,-0.554],[100.699,-0.555],[100.707,-0.574],[100.732,-0.554],[100.798,-0.565],[100.813,-0.541],[100.837,-0.537],[100.852,-0.517],[100.841,-0.495],[100.816,-0.488],[100.825,-0.457],[100.819,-0.435],[100.837,-0.393],[100.824,-0.352],[100.791,-0.352],[100.754,-0.366],[100.686,-0.327],[100.668,-0.345],[100.645,-0.352],[100.608,-0.352],[100.601,-0.314],[100.585,-0.312],[100.582,-0.294],[100.568,-0.281],[100.536,-0.281],[100.51,-0.303],[100.495,-0.341],[100.481,-0.357],[100.469,-0.39],[100.418,-0.392],[100.381,-0.384],[100.333,-0.392],[100.316,-0.429]],[[100.4,-0.45],[100.425,-0.456],[100.436,-0.47],[100.431,-0.487],[100.38,-0.486],[100.379,-0.461],[100.4,-0.45]]]},"properties":{"name":"Tanah Datar"}},
{"type":"Feature","geometry":{"type":"Polygon","coordinates":[[[114.92,-3.596],[114.877,-3.558],[114.835,-3.538],[114.832,-3.523],[114.809,-3.523],[114.762,-3.509],[114.704,-3.513],[114.621,-3.531],[114.586,-3.533],[114.517,-3.544],[114.555,-3.557],[114.571,-3.571],[114.597,-3.609],[114.616,-3.649],[114.623,-3.711],[114.612,-3.74],[114.603,-3.806],[114.611,-3.862],[114.61,-3.888],[114.628,-3.963],[114.637,-4.027],[114.635,-4.062],[114.626,-4.067],[114.63,-4.149],[114.636,-4.173],[114.659,-4.178],[114.695,-4.174],[114.72,-4.165],[114.777,-4.132],[114.879,-4.079],[114.926,-4.058],[114.988,-4.022],[115.084,-3.98],[115.125,-3.967],[115.143,-3.957],[115.231,-3.919],[115.247,-3.914],[115.314,-3.884],[115.376,-3.861],[115.372,-3.832],[115.355,-3.814],[115.317,-3.736],[115.299,-3.71],[115.267,-3.651],[115.247,-3.596],[115.237,-3.604],[115.188,-3.61],[115.15,-3.635],[115.122,-3.634],[115.083,-3.669],[114.983,-3.7],[114.957,-3.731],[114.937,-3.723],[114.935,-3.688],[114.968,-3.639],[114.957,-3.614],[114.919,-3.61],[114.92,-3.596]]]},"properties":{"name":"Tanah Laut"}},
{"type":"Feature","geometry":{"type":"Polygon","coordinates":[[[106.651,-6.362],[106.647,-6.344],[106.661,-6.328],[106.659,-6.309],[106.646,-6.276],[106.652,-6.269],[106.638,-6.23],[106.619,-6.227],[106.597,-6.208],[106.591,-6.222],[106.565,-6.211],[106.553,-6.185],[106.579,-6.172],[106.59,-6.148],[106.613,-6.148],[106.614,-6.126],[106.687,-6.097],[106.711,-6.096],[106.725,-6.089],[106.713,-6.069],[106.709,-6.036],[106.679,-6.013],[106.665,-6.022],[106.643,-6.001],[106.614,-6.022],[106.587,-6.032],[106.553,-6.025],[106.535,-6.01],[106.521,-6.033],[106.497,-6.045],[106.473,-6.045],[106.442,-6.031],[106.412,-6.024],[106.386,-6.029],[106.358,-6.046],[106.34,-6.075],[106.362,-6.116],[106.393,-6.152],[106.377,-6.205],[106.389,-6.245],[106.383,-6.262],[106.399,-6.303],[106.4,-6.332],[106.427,-6.348],[106.442,-6.326],[106.469,-6.303],[106.483,-6.323],[106.483,-6.343],[106.499,-6.356],[106.519,-6.355],[106.549,-6.332],[106.573,-6.338],[106.594,-6.363],[106.651,-6.362]]]},"properties":{"name":"Tangerang"}},
{"type":"Feature","geometry":{"type":"MultiPolygon","coordinates":[[[[104.836,-5.79],[104.799,-5.765],[104.783,-5.766],[104.814,-5.825],[104.855,-5.84],[104.851,-5.801],[104.836,-5.79]]],[[[104.349,-5.382],[104.411,-5.456],[104.414,-5.482],[104.431,-5.499],[104.441,-5.523],[104.474,-5.534],[104.486,-5.558],[104.509,-5.574],[104.51,-5.586],[104.535,-5.596],[104.54,-5.623],[104.571,-5.626],[104.589,-5.656],[104.605,-5.665],[104.629,-5.698],[104.612,-5.717],[104.613,-5.749],[104.587,-5.755],[104.615,-5.799],[104.631,-5.802],[104.639,-5.828],[104.641,-5.876],[104.66,-5.916],[104.659,-5.937],[104.724,-5.934],[104.728,-5.912],[104.698,-5.878],[104.712,-5.844],[104.682,-5.789],[104.645,-5.743],[104.655,-5.726],[104.648,-5.699],[104.612,-5.651],[104.564,-5.602],[104.546,-5.555],[104.534,-5.536],[104.567,-5.506],[104.595,-5.497],[104.655,-5.511],[104.682,-5.512],[104.707,-5.521],[104.738,-5.559],[104.758,-5.576],[104.777,-5.605],[104.821,-5.622],[104.841,-5.636],[104.874,-5.648],[104.885,-5.666],[104.913,-5.67],[104.915,-5.687],[104.937,-5.702],[104.951,-5.694],[104.96,-5.717],[104.983,-5.712],[105.006,-5.717],[105.029,-5.753],[105.05,-5.744],[105.093,-5.76],[105.105,-5.783],[105.117,-5.775],[105.147,-5.807],[105.172,-5.8],[105.172,-5.781],[105.118,-5.772],[105.083,-5.722],[105.094,-5.673],[105.075,-5.664],[105.027,-5.617],[104.993,-5.591],[104.972,-5.586],[104.944,-5.569],[104.913,-5.563],[104.879,-5.514],[104.883,-5.491],[104.895,-5.487],[104.907,-5.456],[104.89,-5.427],[104.904,-5.411],[104.882,-5.397],[104.873,-5.38],[104.857,-5.376],[104.857,-5.345],[104.844,-5.344],[104.796,-5.297],[104.794,-5.28],[104.761,-5.253],[104.774,-5.214],[104.762,-5.191],[104.783,-5.167],[104.795,-5.171],[104.792,-5.158],[104.767,-5.149],[104.751,-5.132],[104.719,-5.138],[104.699,-5.167],[104.661,-5.171],[104.637,-5.15],[104.607,-5.155],[104.583,-5.146],[104.56,-5.113],[104.533,-5.107],[104.491,-5.131],[104.477,-5.145],[104.433,-5.171],[104.408,-5.17],[104.402,-5.184],[104.41,-5.203],[104.395,-5.251],[104.38,-5.337],[104.349,-5.382]]]]},"properties":{"name":"Tanggamus"}},
{"type":"Feature","geometry":{"type":"Polygon","coordinates":[[[103.205,-1.355],[103.232,-1.343],[103.253,-1.354],[103.264,-1.311],[103.261,-1.231],[103.347,-1.229],[103.402,-1.228],[103.436,-1.195],[103.432,-1.105],[103.441,-1.069],[103.476,-1.028],[103.535,-0.993],[103.544,-0.967],[103.555,-0.963],[103.563,-0.93],[103.56,-0.916],[103.574,-0.875],[103.556,-0.855],[103.558,-0.835],[103.548,-0.811],[103.488,-0.797],[103.487,-0.764],[103.463,-0.736],[103.442,-0.74],[103.44,-0.771],[103.357,-0.807],[103.345,-0.793],[103.122,-0.747],[103.093,-0.758],[103.012,-0.755],[102.928,-0.867],[102.883,-0.913],[102.825,-0.96],[102.774,-1.014],[102.771,-1.034],[102.733,-1.054],[102.735,-1.072],[102.675,-1.096],[102.672,-1.11],[102.65,-1.119],[102.646,-1.138],[102.686,-1.195],[102.684,-1.206],[102.7,-1.241],[102.723,-1.261],[102.739,-1.26],[102.761,-1.276],[102.766,-1.297],[102.78,-1.308],[102.806,-1.374],[102.798,-1.387],[102.814,-1.423],[102.822,-1.399],[102.835,-1.398],[102.868,-1.371],[102.893,-1.37],[102.921,-1.381],[102.961,-1.42],[103.031,-1.439],[103.042,-1.452],[103.054,-1.413],[103.079,-1.393],[103.118,-1.4],[103.146,-1.368],[103.167,-1.386],[103.205,-1.355]]]},"properties":{"name":"Tanjung Jabung Barat"}},
{"type":"Feature","geometry":{"type":"Polygon","coordinates":[[[104.498,-1.673],[104.47,-1.627],[104.453,-1.573],[104.452,-1.551],[104.44,-1.516],[104.438,-1.485],[104.45,-1.434],[104.458,-1.426],[104.45,-1.387],[104.456,-1.333],[104.401,-1.238],[104.39,-1.198],[104.409,-1.159],[104.406,-1.127],[104.391,-1.066],[104.364,-1.019],[104.338,-1.043],[104.288,-1.048],[104.25,-1.033],[104.205,-1.032],[104.18,-1.036],[104.173,-1.05],[104.135,-1.051],[104.109,-1.032],[104.085,-1.028],[104.031,-1.002],[103.966,-0.991],[103.952,-0.993],[103.908,-0.982],[103.843,-1.009],[103.809,-1.014],[103.792,-0.991],[103.755,-0.991],[103.729,-0.96],[103.687,-0.947],[103.643,-0.922],[103.593,-0.876],[103.574,-0.875],[103.56,-0.916],[103.563,-0.93],[103.555,-0.963],[103.544,-0.967],[103.535,-0.993],[103.476,-1.028],[103.441,-1.069],[103.432,-1.105],[103.436,-1.195],[103.402,-1.228],[103.347,-1.229],[103.346,-1.266],[103.393,-1.266],[103.457,-1.319],[103.511,-1.321],[103.552,-1.307],[103.56,-1.331],[103.579,-1.331],[103.585,-1.345],[103.585,-1.383],[103.838,-1.335],[104.057,-1.311],[104.073,-1.303],[104.111,-1.342],[104.171,-1.446],[104.197,-1.475],[104.254,-1.549],[104.297,-1.571],[104.312,-1.607],[104.358,-1.643],[104.408,-1.625],[104.453,-1.633],[104.484,-1.656],[104.498,-1.673]]]},"properties":{"name":"Tanjung Jabung Timur"}},
{"type":"Feature","geometry":{"type":"MultiPolygon","coordinates":[[[[99.427,1.477],[99.419,1.446],[99.444,1.447],[99.427,1.477]]],[[[99.459,2.126],[99.45,2.081],[99.445,2.026],[99.457,1.954],[99.419,1.948],[99.404,1.94],[99.365,1.937],[99.341,1.882],[99.347,1.854],[99.312,1.83],[99.288,1.837],[99.275,1.781],[99.258,1.744],[99.216,1.702],[99.163,1.665],[99.143,1.64],[99.131,1.641],[99.105,1.662],[99.078,1.699],[99.062,1.699],[99.057,1.643],[99.038,1.624],[99.025,1.577],[99.015,1.569],[99.006,1.543],[98.992,1.534],[98.988,1.512],[99.014,1.498],[99.008,1.474],[98.981,1.471],[98.968,1.447],[98.927,1.437],[98.865,1.461],[98.842,1.461],[98.842,1.435],[98.798,1.424],[98.78,1.432],[98.837,1.354],[98.854,1.315],[98.844,1.297],[98.868,1.287],[98.889,1.3],[98.921,1.308],[98.937,1.329],[98.965,1.318],[98.971,1.3],[98.992,1.299],[99.015,1.27],[99.03,1.272],[99.039,1.25],[99.038,1.225],[99.05,1.205],[99.071,1.19],[99.139,1.159],[99.117,1.108],[99.146,1.107],[99.171,1.093],[99.198,1.091],[99.21,1.081],[99.222,1.049],[99.248,1.044],[99.261,1.053],[99.277,1.095],[99.311,1.048],[99.348,1.018],[99.376,1.023],[99.42,0.988],[99.443,0.981],[99.44,1.022],[99.444,1.053],[99.424,1.072],[99.428,1.092],[99.444,1.112],[99.51,1.131],[99.484,1.142],[99.447,1.179],[99.437,1.181],[99.42,1.218],[99.421,1.231],[99.416,1.252],[99.419,1.278],[99.347,1.405],[99.355,1.434],[99.4,1.414],[99.404,1.484],[99.414,1.503],[99.438,1.518],[99.417,1.548],[99.391,1.572],[99.429,1.575],[99.45,1.586],[99.451,1.612],[99.435,1.625],[99.435,1.655],[99.459,1.67],[99.477,1.702],[99.519,1.729],[99.55,1.717],[99.552,1.742],[99.566,1.757],[99.57,1.807],[99.55,1.867],[99.571,1.899],[99.555,1.921],[99.545,1.954],[99.558,1.979],[99.557,2.017],[99.566,2.03],[99.546,2.062],[99.551,2.078],[99.523,2.091],[99.513,2.123],[99.473,2.119],[99.459,2.126]],[[99.251,1.47],[99.299,1.467],[99.302,1.439],[99.325,1.41],[99.306,1.406],[99.308,1.388],[99.346,1.326],[99.349,1.312],[99.31,1.304],[99.278,1.358],[99.248,1.362],[99.245,1.381],[99.229,1.395],[99.226,1.456],[99.251,1.47]]]]},"properties":{"name":"Tapanuli Selatan"}},
{"type":"Feature","geometry":{"type":"MultiPolygon","coordinates":[[[[98.49,1.688],[98.482,1.703],[98.456,1.702],[98.442,1.67],[98.444,1.651],[98.46,1.637],[98.474,1.64],[98.5,1.624],[98.538,1.633],[98.564,1.615],[98.606,1.631],[98.586,1.646],[98.56,1.678],[98.539,1.655],[98.511,1.648],[98.492,1.656],[98.505,1.681],[98.49,1.688]]],[[[98.132,2.165],[98.162,2.142],[98.187,2.115],[98.224,2.097],[98.268,2.053],[98.308,2.033],[98.318,2.045],[98.34,2.046],[98.369,2.018],[98.392,2.005],[98.422,2.009],[98.447,2],[98.491,1.963],[98.561,1.881],[98.562,1.869],[98.586,1.859],[98.607,1.839],[98.654,1.78],[98.673,1.746],[98.685,1.734],[98.723,1.716],[98.733,1.748],[98.698,1.771],[98.707,1.786],[98.728,1.775],[98.743,1.78],[98.769,1.756],[98.793,1.751],[98.809,1.73],[98.796,1.722],[98.78,1.716],[98.787,1.691],[98.811,1.689],[98.825,1.678],[98.838,1.648],[98.821,1.601],[98.801,1.598],[98.773,1.568],[98.766,1.528],[98.748,1.541],[98.74,1.559],[98.719,1.571],[98.729,1.531],[98.765,1.495],[98.776,1.464],[98.78,1.432],[98.798,1.424],[98.842,1.435],[98.842,1.461],[98.865,1.461],[98.927,1.437],[98.968,1.447],[98.981,1.471],[99.008,1.474],[99.014,1.498],[98.988,1.512],[98.992,1.534],[99.006,1.543],[99.015,1.569],[99.025,1.577],[99.038,1.624],[99.057,1.643],[99.062,1.699],[99.052,1.714],[99.01,1.692],[98.993,1.661],[98.977,1.662],[98.97,1.678],[98.984,1.713],[98.989,1.761],[98.981,1.774],[98.958,1.761],[98.892,1.754],[98.881,1.769],[98.872,1.802],[98.842,1.824],[98.804,1.872],[98.782,1.879],[98.793,1.918],[98.786,1.949],[98.774,1.958],[98.727,1.958],[98.679,1.99],[98.655,2.018],[98.644,2.003],[98.606,2.023],[98.607,2.062],[98.592,2.083],[98.554,2.074],[98.539,2.083],[98.506,2.08],[98.45,2.093],[98.417,2.113],[98.386,2.119],[98.334,2.16],[98.304,2.161],[98.275,2.188],[98.284,2.2],[98.264,2.265],[98.253,2.276],[98.197,2.312],[98.188,2.296],[98.179,2.24],[98.132,2.165]]]]},"properties":{"name":"Tapanuli Tengah"}},
{"type":"Feature","geometry":{"type":"Polygon","coordinates":[[[98.858,2.335],[98.94,2.32],[98.954,2.321],[98.973,2.275],[98.941,2.262],[98.928,2.234],[98.895,2.222],[98.858,2.2],[98.811,2.188],[98.817,2.161],[98.766,2.144],[98.726,2.116],[98.683,2.008],[98.679,1.99],[98.727,1.958],[98.774,1.958],[98.786,1.949],[98.793,1.918],[98.782,1.879],[98.804,1.872],[98.842,1.824],[98.872,1.802],[98.881,1.769],[98.892,1.754],[98.958,1.761],[98.981,1.774],[98.989,1.761],[98.984,1.713],[98.97,1.678],[98.977,1.662],[98.993,1.661],[99.01,1.692],[99.052,1.714],[99.062,1.699],[99.078,1.699],[99.105,1.662],[99.131,1.641],[99.143,1.64],[99.163,1.665],[99.216,1.702],[99.258,1.744],[99.275,1.781],[99.288,1.837],[99.312,1.83],[99.347,1.854],[99.341,1.882],[99.365,1.937],[99.404,1.94],[99.419,1.948],[99.457,1.954],[99.445,2.026],[99.45,2.081],[99.459,2.126],[99.436,2.124],[99.398,2.156],[99.394,2.166],[99.382,2.167],[99.369,2.144],[99.342,2.13],[99.278,2.114],[99.247,2.127],[99.216,2.17],[99.212,2.213],[99.199,2.231],[99.16,2.236],[99.138,2.257],[99.103,2.255],[99.096,2.268],[99.067,2.272],[99.033,2.254],[99.002,2.253],[99.005,2.268],[98.994,2.305],[98.989,2.337],[98.967,2.343],[98.945,2.36],[98.912,2.349],[98.888,2.348],[98.858,2.335]]]},"properties":{"name":"Tapanuli Utara"}},
{"type":"Feature","geometry":{"type":"Polygon","coordinates":[[[115.507,-2.885],[115.458,-2.873],[115.45,-2.885],[115.41,-2.893],[115.383,-2.882],[115.379,-2.919],[115.354,-2.935],[115.322,-2.936],[115.318,-2.925],[115.283,-2.93],[115.263,-2.893],[115.245,-2.888],[115.231,-2.871],[115.198,-2.869],[115.174,-2.855],[115.09,-2.83],[115.063,-2.84],[115.076,-2.79],[115.021,-2.777],[114.997,-2.756],[114.967,-2.705],[114.866,-2.532],[114.862,-2.524],[114.852,-2.554],[114.804,-2.742],[114.812,-2.807],[114.84,-2.871],[114.815,-2.93],[114.803,-2.941],[114.805,-2.968],[114.828,-3.015],[114.868,-3.036],[115.002,-3.122],[115.048,-3.157],[115.089,-3.183],[115.113,-3.193],[115.17,-3.207],[115.197,-3.209],[115.24,-3.162],[115.242,-3.135],[115.169,-3.116],[115.203,-3.076],[115.22,-3.038],[115.238,-3.05],[115.267,-3.02],[115.279,-2.996],[115.313,-2.981],[115.324,-2.968],[115.346,-2.966],[115.357,-2.985],[115.388,-2.978],[115.412,-2.983],[115.435,-2.976],[115.442,-2.962],[115.477,-2.941],[115.485,-2.916],[115.507,-2.885]]]},"properties":{"name":"Tapin"}},
{"type":"Feature","geometry":{"type":"Polygon","coordinates":[[[108.313,-7.34],[108.292,-7.341],[108.272,-7.371],[108.281,-7.387],[108.275,-7.42],[108.258,-7.43],[108.213,-7.435],[108.192,-7.45],[108.183,-7.399],[108.163,-7.363],[108.167,-7.344],[108.155,-7.29],[108.176,-7.289],[108.193,-7.269],[108.199,-7.232],[108.2,-7.19],[108.191,-7.168],[108.2,-7.146],[108.22,-7.123],[108.213,-7.082],[108.176,-7.068],[108.162,-7.074],[108.133,-7.039],[108.129,-7.041],[108.136,-7.061],[108.118,-7.078],[108.114,-7.103],[108.086,-7.109],[108.068,-7.13],[108.085,-7.162],[108.067,-7.187],[108.069,-7.211],[108.06,-7.225],[108.019,-7.231],[108.014,-7.241],[107.967,-7.273],[107.924,-7.286],[107.928,-7.313],[107.94,-7.316],[107.928,-7.351],[107.905,-7.36],[107.934,-7.388],[107.951,-7.422],[107.95,-7.487],[107.942,-7.502],[107.947,-7.538],[107.933,-7.556],[107.941,-7.581],[107.917,-7.597],[107.925,-7.618],[107.924,-7.665],[107.931,-7.686],[107.91,-7.732],[107.944,-7.734],[108.038,-7.754],[108.083,-7.773],[108.102,-7.772],[108.144,-7.786],[108.293,-7.811],[108.34,-7.817],[108.324,-7.795],[108.324,-7.747],[108.314,-7.731],[108.33,-7.716],[108.318,-7.693],[108.351,-7.684],[108.362,-7.662],[108.355,-7.624],[108.36,-7.612],[108.354,-7.562],[108.334,-7.551],[108.336,-7.508],[108.374,-7.479],[108.401,-7.478],[108.407,-7.494],[108.43,-7.501],[108.42,-7.422],[108.395,-7.411],[108.408,-7.365],[108.313,-7.34]]]},"properties":{"name":"Tasikmalaya"}},
{"type":"Feature","geometry":{"type":"Polygon","coordinates":[[[102.814,-1.423],[102.798,-1.387],[102.806,-1.374],[102.78,-1.308],[102.766,-1.297],[102.761,-1.276],[102.739,-1.26],[102.723,-1.261],[102.7,-1.241],[102.684,-1.206],[102.686,-1.195],[102.646,-1.138],[102.65,-1.119],[102.642,-1.121],[102.617,-1.095],[102.555,-1.09],[102.517,-1.08],[102.482,-1.08],[102.47,-1.058],[102.443,-1.025],[102.382,-1.027],[102.375,-1.006],[102.386,-0.993],[102.358,-0.97],[102.33,-0.966],[102.307,-0.917],[102.254,-0.922],[102.219,-0.945],[102.188,-0.942],[102.189,-0.923],[102.167,-0.906],[102.139,-0.899],[102.117,-0.921],[102.062,-0.89],[102.048,-0.897],[102.008,-0.879],[101.984,-0.88],[101.959,-0.91],[101.947,-0.9],[101.928,-0.905],[101.913,-0.922],[101.907,-0.951],[101.892,-0.961],[101.859,-0.965],[101.833,-0.982],[101.822,-1.059],[101.825,-1.088],[101.837,-1.11],[101.854,-1.1],[101.885,-1.113],[101.885,-1.135],[101.905,-1.128],[101.947,-1.132],[101.968,-1.141],[101.971,-1.16],[101.945,-1.197],[101.953,-1.215],[101.972,-1.215],[101.955,-1.256],[101.905,-1.259],[101.872,-1.315],[101.887,-1.339],[101.905,-1.352],[101.948,-1.37],[102.029,-1.389],[102.039,-1.395],[102.077,-1.395],[102.098,-1.418],[102.124,-1.422],[102.153,-1.46],[102.191,-1.453],[102.204,-1.471],[102.255,-1.478],[102.296,-1.458],[102.323,-1.503],[102.312,-1.541],[102.314,-1.569],[102.338,-1.574],[102.392,-1.567],[102.46,-1.564],[102.48,-1.57],[102.489,-1.595],[102.487,-1.637],[102.519,-1.646],[102.53,-1.658],[102.508,-1.695],[102.514,-1.715],[102.486,-1.768],[102.46,-1.8],[102.463,-1.842],[102.47,-1.86],[102.459,-1.897],[102.51,-1.912],[102.508,-1.871],[102.521,-1.857],[102.563,-1.881],[102.585,-1.882],[102.616,-1.86],[102.635,-1.835],[102.659,-1.821],[102.669,-1.797],[102.687,-1.774],[102.687,-1.745],[102.699,-1.722],[102.742,-1.692],[102.805,-1.579],[102.802,-1.539],[102.823,-1.499],[102.825,-1.453],[102.814,-1.423]]]},"properties":{"name":"Tebo"}},
{"type":"Feature","geometry":{"type":"Polygon","coordinates":[[[109.204,-7.248],[109.198,-7.17],[109.189,-7.161],[109.195,-7.13],[109.215,-7.129],[109.237,-7.075],[109.273,-7.057],[109.293,-6.995],[109.315,-6.984],[109.334,-6.942],[109.325,-6.925],[109.36,-6.878],[109.351,-6.862],[109.306,-6.872],[109.273,-6.873],[109.225,-6.863],[109.193,-6.861],[109.162,-6.844],[109.147,-6.879],[109.121,-6.9],[109.102,-6.89],[109.077,-6.888],[109.075,-6.912],[109.082,-6.928],[109.077,-6.962],[109.045,-6.987],[109.027,-6.986],[109.019,-7.024],[108.988,-7.06],[108.969,-7.06],[108.986,-7.097],[108.977,-7.121],[108.951,-7.127],[108.965,-7.151],[108.99,-7.132],[109,-7.142],[109.036,-7.14],[109.057,-7.15],[109.062,-7.128],[109.082,-7.135],[109.081,-7.155],[109.056,-7.185],[109.077,-7.201],[109.08,-7.215],[109.108,-7.213],[109.15,-7.246],[109.168,-7.24],[109.167,-7.268],[109.204,-7.248]]]},"properties":{"name":"Tegal"}},
{"type":"Feature","geometry":{"type":"MultiPolygon","coordinates":[[[[133.691,-2.543],[133.695,-2.529],[133.682,-2.5],[133.658,-2.493],[133.652,-2.51],[133.68,-2.543],[133.691,-2.543]]],[[[133.34,-2.423],[133.322,-2.44],[133.344,-2.475],[133.373,-2.496],[133.377,-2.476],[133.367,-2.447],[133.34,-2.423]]],[[[133.488,-2.402],[133.467,-2.399],[133.458,-2.411],[133.479,-2.434],[133.494,-2.468],[133.53,-2.484],[133.539,-2.499],[133.57,-2.509],[133.594,-2.486],[133.576,-2.444],[133.531,-2.435],[133.488,-2.402]]],[[[133.763,-2.245],[133.772,-2.222],[133.763,-2.215],[133.711,-2.247],[133.763,-2.245]]],[[[133.76,-2.183],[133.737,-2.176],[133.729,-2.199],[133.709,-2.218],[133.71,-2.239],[133.775,-2.189],[133.76,-2.183]]],[[[133.811,-2.199],[133.853,-2.191],[133.857,-2.182],[133.847,-2.146],[133.827,-2.154],[133.795,-2.18],[133.811,-2.199]]],[[[133.899,-2.135],[133.928,-2.119],[133.915,-2.108],[133.893,-2.112],[133.899,-2.135]]],[[[133.883,-2.141],[133.886,-2.113],[133.86,-2.101],[133.852,-2.13],[133.883,-2.141]]],[[[133.678,-3.004],[133.713,-3.014],[133.752,-3.009],[133.865,-2.955],[133.917,-2.935],[134.074,-2.869],[134.133,-2.84],[134.173,-2.852],[134.171,-2.836],[134.146,-2.769],[134.129,-2.705],[134.097,-2.638],[134.076,-2.575],[134.071,-2.509],[134.074,-2.427],[134.065,-2.373],[134.052,-2.264],[134.051,-2.231],[134.036,-2.105],[134.019,-2.005],[133.955,-2.015],[133.882,-2.023],[133.872,-1.992],[133.872,-1.954],[133.842,-1.87],[133.836,-1.807],[133.843,-1.759],[133.862,-1.715],[133.873,-1.657],[133.866,-1.597],[133.814,-1.6],[133.76,-1.595],[133.684,-1.594],[133.652,-1.588],[133.664,-1.543],[133.666,-1.481],[133.66,-1.41],[133.663,-1.364],[133.615,-1.353],[133.572,-1.338],[133.427,-1.301],[133.401,-1.298],[133.334,-1.275],[133.293,-1.266],[133.249,-1.262],[133.11,-1.231],[133.032,-1.221],[132.947,-1.2],[132.864,-1.188],[132.794,-1.172],[132.732,-1.169],[132.709,-1.16],[132.723,-1.184],[132.72,-1.219],[132.6,-1.415],[132.568,-1.594],[132.55,-1.651],[132.525,-1.705],[132.497,-1.781],[132.487,-1.805],[132.475,-1.858],[132.471,-1.913],[132.473,-1.974],[132.484,-2.058],[132.506,-2.124],[132.542,-2.19],[132.595,-2.191],[132.611,-2.208],[132.625,-2.242],[132.623,-2.258],[132.651,-2.286],[132.723,-2.296],[132.74,-2.27],[132.765,-2.257],[132.809,-2.242],[132.843,-2.24],[132.873,-2.25],[132.888,-2.27],[132.908,-2.28],[132.941,-2.278],[132.964,-2.292],[133.003,-2.27],[133.022,-2.246],[133.068,-2.23],[133.098,-2.233],[133.121,-2.225],[133.158,-2.198],[133.195,-2.194],[133.224,-2.199],[133.231,-2.215],[133.25,-2.203],[133.291,-2.202],[133.315,-2.214],[133.414,-2.207],[133.432,-2.226],[133.517,-2.228],[133.532,-2.237],[133.56,-2.229],[133.587,-2.211],[133.594,-2.226],[133.613,-2.217],[133.636,-2.232],[133.657,-2.222],[133.674,-2.203],[133.707,-2.199],[133.735,-2.16],[133.764,-2.17],[133.792,-2.152],[133.828,-2.14],[133.851,-2.101],[133.863,-2.095],[133.888,-2.109],[133.92,-2.104],[133.94,-2.111],[133.916,-2.136],[133.889,-2.148],[133.884,-2.169],[133.865,-2.202],[133.785,-2.234],[133.784,-2.256],[133.814,-2.283],[133.837,-2.293],[133.871,-2.278],[133.887,-2.296],[133.929,-2.302],[133.939,-2.295],[133.949,-2.25],[133.965,-2.238],[133.947,-2.3],[133.937,-2.307],[133.878,-2.311],[133.861,-2.333],[133.875,-2.361],[133.897,-2.377],[133.934,-2.386],[133.968,-2.383],[133.964,-2.398],[133.928,-2.397],[133.878,-2.386],[133.86,-2.391],[133.837,-2.412],[133.797,-2.421],[133.757,-2.422],[133.741,-2.441],[133.756,-2.471],[133.772,-2.481],[133.8,-2.486],[133.797,-2.517],[133.757,-2.511],[133.737,-2.503],[133.71,-2.502],[133.702,-2.567],[133.684,-2.566],[133.657,-2.538],[133.63,-2.538],[133.595,-2.566],[133.58,-2.566],[133.546,-2.55],[133.529,-2.578],[133.52,-2.578],[133.49,-2.512],[133.471,-2.518],[133.45,-2.504],[133.431,-2.507],[133.41,-2.539],[133.387,-2.548],[133.385,-2.514],[133.347,-2.484],[133.32,-2.452],[133.291,-2.436],[133.223,-2.413],[133.195,-2.432],[133.129,-2.438],[133.106,-2.46],[133.095,-2.461],[133.06,-2.486],[133.041,-2.514],[133.196,-2.644],[133.369,-2.778],[133.383,-2.792],[133.438,-2.827],[133.5,-2.857],[133.597,-2.936],[133.644,-2.965],[133.678,-3.004]]]]},"properties":{"name":"Teluk Bintuni"}},
{"type":"Feature","geometry":{"type":"MultiPolygon","coordinates":[[[[134.383,-2.531],[134.37,-2.551],[134.387,-2.579],[134.396,-2.561],[134.383,-2.531]]],[[[134.573,-2.352],[134.56,-2.37],[134.502,-2.366],[134.513,-2.403],[134.529,-2.405],[134.534,-2.433],[134.564,-2.444],[134.588,-2.398],[134.573,-2.352]]],[[[134.478,-2.241],[134.495,-2.214],[134.478,-2.213],[134.478,-2.241]]],[[[134.413,-2.043],[134.405,-2],[134.373,-1.992],[134.36,-2],[134.34,-2.044],[134.317,-2.072],[134.311,-2.093],[134.334,-2.106],[134.335,-2.135],[134.348,-2.167],[134.37,-2.143],[134.392,-2.096],[134.392,-2.077],[134.413,-2.043]]],[[[134.636,-3.543],[134.727,-3.409],[134.726,-3.364],[134.704,-3.346],[134.657,-2.962],[134.624,-2.7],[134.599,-2.489],[134.57,-2.476],[134.572,-2.465],[134.531,-2.452],[134.537,-2.488],[134.512,-2.486],[134.473,-2.527],[134.462,-2.552],[134.46,-2.594],[134.47,-2.602],[134.474,-2.646],[134.493,-2.663],[134.495,-2.715],[134.508,-2.736],[134.502,-2.754],[134.521,-2.797],[134.518,-2.82],[134.494,-2.854],[134.496,-2.864],[134.456,-2.867],[134.444,-2.85],[134.449,-2.823],[134.423,-2.779],[134.38,-2.676],[134.351,-2.627],[134.35,-2.609],[134.335,-2.588],[134.333,-2.55],[134.321,-2.529],[134.299,-2.507],[134.277,-2.469],[134.231,-2.426],[134.216,-2.424],[134.203,-2.403],[134.205,-2.388],[134.176,-2.355],[134.174,-2.323],[134.157,-2.297],[134.153,-2.259],[134.138,-2.229],[134.149,-2.204],[134.145,-2.159],[134.121,-2.164],[134.115,-2.099],[134.104,-2.074],[134.104,-2.053],[134.142,-2.003],[134.14,-1.983],[134.153,-1.963],[134.135,-1.957],[134.133,-1.928],[134.121,-1.885],[134.107,-1.868],[134.1,-1.834],[134.103,-1.816],[134.093,-1.768],[134.003,-1.772],[134.006,-1.825],[134.005,-1.91],[134.019,-2.005],[134.036,-2.105],[134.051,-2.231],[134.052,-2.264],[134.065,-2.373],[134.074,-2.427],[134.071,-2.509],[134.076,-2.575],[134.097,-2.638],[134.129,-2.705],[134.146,-2.769],[134.171,-2.836],[134.173,-2.852],[134.193,-2.903],[134.205,-2.95],[134.233,-3.043],[134.323,-3.185],[134.279,-3.24],[134.238,-3.311],[134.224,-3.35],[134.251,-3.402],[134.336,-3.436],[134.413,-3.474],[134.487,-3.49],[134.525,-3.506],[134.636,-3.543]]],[[[134.235,-1.742],[134.202,-1.738],[134.203,-1.754],[134.174,-1.805],[134.148,-1.829],[134.147,-1.89],[134.159,-1.935],[134.169,-1.934],[134.193,-1.902],[134.215,-1.83],[134.199,-1.807],[134.231,-1.776],[134.235,-1.742]]]]},"properties":{"name":"Teluk Wondama"}},
{"type":"Feature","geometry":{"type":"Polygon","coordinates":[[[109.934,-7.202],[109.962,-7.233],[109.995,-7.261],[109.998,-7.313],[110.028,-7.345],[110.074,-7.386],[110.121,-7.39],[110.173,-7.381],[110.222,-7.392],[110.236,-7.373],[110.263,-7.381],[110.287,-7.364],[110.317,-7.353],[110.328,-7.32],[110.327,-7.296],[110.283,-7.254],[110.259,-7.199],[110.239,-7.188],[110.196,-7.175],[110.185,-7.152],[110.152,-7.147],[110.145,-7.125],[110.19,-7.108],[110.174,-7.099],[110.145,-7.101],[110.11,-7.095],[110.077,-7.121],[110.06,-7.119],[110.018,-7.149],[109.994,-7.172],[109.964,-7.191],[109.934,-7.202]]]},"properties":{"name":"Temanggung"}},
{"type":"Feature","geometry":{"type":"Polygon","coordinates":[[[124.22,-10.163],[124.349,-10.173],[124.396,-10.17],[124.478,-10.122],[124.508,-10.092],[124.526,-10.061],[124.533,-10.029],[124.556,-10.006],[124.583,-10.003],[124.604,-9.979],[124.656,-9.948],[124.673,-9.92],[124.699,-9.914],[124.723,-9.895],[124.751,-9.882],[124.763,-9.849],[124.808,-9.79],[124.798,-9.771],[124.821,-9.658],[124.793,-9.639],[124.801,-9.62],[124.788,-9.6],[124.762,-9.598],[124.744,-9.62],[124.719,-9.637],[124.673,-9.63],[124.653,-9.618],[124.645,-9.585],[124.632,-9.587],[124.616,-9.613],[124.585,-9.616],[124.554,-9.645],[124.531,-9.66],[124.51,-9.66],[124.493,-9.646],[124.458,-9.635],[124.458,-9.625],[124.423,-9.598],[124.341,-9.587],[124.318,-9.592],[124.298,-9.568],[124.28,-9.57],[124.267,-9.553],[124.215,-9.538],[124.235,-9.523],[124.19,-9.483],[124.186,-9.511],[124.146,-9.476],[124.122,-9.472],[124.117,-9.484],[124.139,-9.51],[124.158,-9.557],[124.147,-9.565],[124.12,-9.553],[124.111,-9.567],[124.079,-9.59],[124.089,-9.61],[124.086,-9.629],[124.054,-9.647],[124.056,-9.663],[124.08,-9.692],[124.091,-9.718],[124.087,-9.736],[124.067,-9.759],[124.094,-9.809],[124.085,-9.83],[124.091,-9.861],[124.09,-9.894],[124.081,-9.923],[124.085,-9.964],[124.1,-9.976],[124.116,-9.973],[124.146,-9.995],[124.143,-10.023],[124.151,-10.04],[124.182,-10.058],[124.209,-10.086],[124.199,-10.1],[124.215,-10.118],[124.206,-10.133],[124.227,-10.155],[124.22,-10.163]]]},"properties":{"name":"Timor Tengah Selatan"}},
{"type":"Feature","geometry":{"type":"Polygon","coordinates":[[[124.792,-9.018],[124.73,-9.059],[124.697,-9.054],[124.682,-9.103],[124.659,-9.125],[124.639,-9.128],[124.616,-9.153],[124.551,-9.172],[124.53,-9.186],[124.506,-9.176],[124.478,-9.176],[124.481,-9.192],[124.469,-9.208],[124.464,-9.242],[124.455,-9.266],[124.463,-9.3],[124.427,-9.332],[124.403,-9.34],[124.401,-9.352],[124.377,-9.375],[124.382,-9.39],[124.367,-9.419],[124.35,-9.424],[124.362,-9.446],[124.357,-9.482],[124.332,-9.486],[124.297,-9.503],[124.278,-9.503],[124.288,-9.473],[124.287,-9.451],[124.261,-9.396],[124.217,-9.366],[124.174,-9.391],[124.15,-9.427],[124.134,-9.426],[124.125,-9.411],[124.096,-9.406],[124.095,-9.417],[124.124,-9.437],[124.167,-9.456],[124.19,-9.483],[124.235,-9.523],[124.215,-9.538],[124.267,-9.553],[124.28,-9.57],[124.298,-9.568],[124.318,-9.592],[124.341,-9.587],[124.423,-9.598],[124.458,-9.625],[124.458,-9.635],[124.493,-9.646],[124.51,-9.66],[124.531,-9.66],[124.554,-9.645],[124.585,-9.616],[124.616,-9.613],[124.632,-9.587],[124.645,-9.585],[124.696,-9.586],[124.705,-9.561],[124.731,-9.554],[124.753,-9.564],[124.753,-9.536],[124.722,-9.507],[124.753,-9.482],[124.762,-9.482],[124.788,-9.446],[124.788,-9.419],[124.775,-9.398],[124.8,-9.384],[124.809,-9.369],[124.801,-9.351],[124.815,-9.341],[124.838,-9.335],[124.845,-9.298],[124.855,-9.285],[124.849,-9.25],[124.836,-9.216],[124.82,-9.2],[124.813,-9.173],[124.825,-9.152],[124.814,-9.096],[124.82,-9.076],[124.804,-9.055],[124.792,-9.018]]]},"properties":{"name":"Timor Tengah Utara"}},
{"type":"Feature","geometry":{"type":"Polygon","coordinates":[[[99.074,2.605],[99.042,2.634],[99.028,2.619],[98.977,2.602],[98.961,2.614],[98.958,2.647],[98.941,2.656],[98.925,2.654],[98.908,2.63],[98.924,2.586],[98.993,2.551],[99.011,2.528],[99.028,2.521],[99.048,2.489],[99.049,2.46],[99.059,2.443],[99.042,2.41],[99.048,2.396],[99.115,2.417],[99.121,2.432],[99.145,2.436],[99.154,2.42],[99.148,2.385],[99.132,2.373],[99.114,2.376],[99.11,2.359],[99.074,2.349],[99.058,2.335],[99.026,2.362],[99.013,2.34],[98.989,2.337],[98.994,2.305],[99.005,2.268],[99.002,2.253],[99.033,2.254],[99.067,2.272],[99.096,2.268],[99.103,2.255],[99.138,2.257],[99.16,2.236],[99.199,2.231],[99.212,2.213],[99.216,2.17],[99.247,2.127],[99.278,2.114],[99.342,2.13],[99.369,2.144],[99.382,2.167],[99.394,2.166],[99.417,2.199],[99.416,2.211],[99.501,2.247],[99.522,2.242],[99.537,2.248],[99.547,2.268],[99.549,2.307],[99.578,2.307],[99.583,2.328],[99.552,2.336],[99.52,2.351],[99.519,2.376],[99.526,2.403],[99.503,2.395],[99.419,2.46],[99.449,2.499],[99.453,2.54],[99.461,2.551],[99.433,2.568],[99.41,2.562],[99.373,2.569],[99.349,2.56],[99.304,2.574],[99.277,2.55],[99.248,2.539],[99.23,2.545],[99.208,2.529],[99.184,2.533],[99.181,2.553],[99.145,2.573],[99.132,2.567],[99.098,2.573],[99.074,2.605]]]},"properties":{"name":"Toba Samosir"}},
{"type":"Feature","geometry":{"type":"MultiPolygon","coordinates":[[[[121.856,-0.969],[121.849,-0.969],[121.843,-0.968],[121.823,-0.957],[121.806,-0.964],[121.761,-0.971],[121.712,-0.942],[121.696,-0.926],[121.667,-0.922],[121.655,-0.909],[121.658,-0.884],[121.669,-0.858],[121.663,-0.813],[121.654,-0.802],[121.617,-0.815],[121.592,-0.835],[121.601,-0.844],[121.589,-0.866],[121.538,-0.873],[121.523,-0.885],[121.501,-0.887],[121.48,-0.9],[121.46,-0.956],[121.444,-0.978],[121.396,-1.005],[121.392,-1.035],[121.379,-1.035],[121.338,-1.063],[121.295,-1.116],[121.295,-1.133],[121.282,-1.154],[121.254,-1.175],[121.246,-1.193],[121.204,-1.237],[121.209,-1.261],[121.194,-1.272],[121.194,-1.295],[121.182,-1.325],[121.161,-1.349],[121.158,-1.367],[121.136,-1.383],[121.133,-1.402],[121.112,-1.429],[121.091,-1.44],[121.059,-1.44],[121.038,-1.421],[121.001,-1.413],[120.982,-1.399],[120.965,-1.412],[120.913,-1.417],[120.891,-1.413],[120.891,-1.483],[120.902,-1.538],[120.915,-1.571],[120.931,-1.583],[120.962,-1.624],[121.007,-1.624],[121.02,-1.619],[121.074,-1.58],[121.126,-1.573],[121.162,-1.575],[121.163,-1.558],[121.188,-1.567],[121.188,-1.548],[121.211,-1.512],[121.257,-1.476],[121.275,-1.471],[121.352,-1.473],[121.36,-1.457],[121.403,-1.435],[121.433,-1.405],[121.466,-1.405],[121.475,-1.377],[121.503,-1.375],[121.518,-1.398],[121.548,-1.406],[121.571,-1.425],[121.615,-1.406],[121.64,-1.389],[121.664,-1.364],[121.712,-1.363],[121.727,-1.357],[121.75,-1.334],[121.804,-1.324],[121.832,-1.313],[121.869,-1.316],[121.924,-1.299],[121.932,-1.287],[121.963,-1.286],[121.963,-1.329],[121.98,-1.348],[122.002,-1.354],[122.008,-1.343],[122.042,-1.346],[122.048,-1.333],[122.085,-1.3],[122.101,-1.249],[122.093,-1.226],[122.055,-1.176],[122.043,-1.14],[122.019,-1.141],[121.982,-1.122],[121.949,-1.114],[121.935,-1.124],[121.92,-1.094],[121.898,-1.09],[121.871,-1.063],[121.859,-1.028],[121.852,-0.984],[121.856,-0.969]]],[[[121.853,-0.41],[121.818,-0.434],[121.789,-0.441],[121.774,-0.417],[121.758,-0.423],[121.763,-0.45],[121.738,-0.449],[121.717,-0.475],[121.702,-0.469],[121.681,-0.51],[121.672,-0.513],[121.653,-0.548],[121.67,-0.575],[121.68,-0.561],[121.7,-0.563],[121.715,-0.526],[121.741,-0.495],[121.784,-0.5],[121.806,-0.516],[121.858,-0.522],[121.873,-0.513],[121.886,-0.54],[121.919,-0.511],[121.918,-0.443],[121.906,-0.436],[121.897,-0.425],[121.877,-0.42],[121.869,-0.41],[121.853,-0.41]]],[[[121.948,-0.324],[121.931,-0.326],[121.925,-0.352],[121.902,-0.334],[121.881,-0.346],[121.862,-0.369],[121.863,-0.39],[121.884,-0.421],[121.898,-0.422],[121.906,-0.434],[121.946,-0.43],[121.954,-0.419],[121.977,-0.425],[122.021,-0.415],[122.042,-0.426],[122.065,-0.397],[122.058,-0.353],[122.051,-0.345],[122.019,-0.371],[121.977,-0.339],[121.969,-0.327],[121.948,-0.324]]],[[[122.092,-0.275],[122.08,-0.302],[122.071,-0.344],[122.061,-0.353],[122.07,-0.393],[122.064,-0.409],[122.09,-0.437],[122.104,-0.431],[122.091,-0.411],[122.108,-0.404],[122.122,-0.421],[122.154,-0.397],[122.141,-0.358],[122.105,-0.326],[122.112,-0.317],[122.092,-0.275]]],[[[122.089,-0.241],[122.043,-0.256],[122.044,-0.278],[122.07,-0.261],[122.089,-0.241]]],[[[122.209,-0.21],[122.185,-0.215],[122.148,-0.244],[122.156,-0.261],[122.174,-0.263],[122.18,-0.279],[122.2,-0.276],[122.219,-0.284],[122.242,-0.273],[122.23,-0.256],[122.202,-0.246],[122.209,-0.21]]],[[[122.243,-0.207],[122.228,-0.214],[122.233,-0.238],[122.265,-0.264],[122.311,-0.274],[122.332,-0.294],[122.358,-0.33],[122.37,-0.358],[122.383,-0.347],[122.368,-0.329],[122.373,-0.302],[122.384,-0.294],[122.38,-0.274],[122.361,-0.272],[122.339,-0.249],[122.287,-0.23],[122.261,-0.23],[122.243,-0.207]]],[[[121.634,-0.127],[121.604,-0.128],[121.564,-0.161],[121.565,-0.18],[121.593,-0.211],[121.616,-0.216],[121.64,-0.206],[121.652,-0.192],[121.658,-0.151],[121.649,-0.129],[121.634,-0.127]]]]},"properties":{"name":"Tojo Una-Una"}},
{"type":"Feature","geometry":{"type":"MultiPolygon","coordinates":[[[[120.399,1.039],[120.4,1.071],[120.372,1.064],[120.366,1.029],[120.374,1.01],[120.397,1.021],[120.399,1.039]]],[[[121.177,1.261],[121.156,1.285],[121.1,1.316],[121.08,1.32],[121.063,1.303],[121.038,1.322],[121.009,1.327],[120.973,1.344],[120.942,1.35],[120.928,1.319],[120.901,1.309],[120.882,1.322],[120.839,1.313],[120.808,1.325],[120.811,1.3],[120.808,1.263],[120.82,1.257],[120.811,1.223],[120.827,1.205],[120.827,1.183],[120.797,1.158],[120.777,1.108],[120.789,1.104],[120.801,1.075],[120.796,1.053],[120.809,1.029],[120.785,1.03],[120.759,1.011],[120.731,0.969],[120.697,0.987],[120.682,0.975],[120.695,0.959],[120.663,0.953],[120.635,0.933],[120.638,0.919],[120.622,0.904],[120.61,0.861],[120.598,0.836],[120.605,0.811],[120.576,0.776],[120.592,0.764],[120.576,0.75],[120.556,0.756],[120.552,0.778],[120.534,0.792],[120.495,0.793],[120.474,0.778],[120.416,0.793],[120.397,0.792],[120.375,0.829],[120.329,0.851],[120.347,0.951],[120.347,0.976],[120.32,0.986],[120.282,0.986],[120.276,0.969],[120.247,0.958],[120.252,0.938],[120.24,0.921],[120.245,0.819],[120.23,0.792],[120.178,0.757],[120.137,0.745],[120.151,0.725],[120.197,0.701],[120.2,0.673],[120.193,0.616],[120.23,0.608],[120.269,0.63],[120.285,0.631],[120.301,0.652],[120.356,0.678],[120.439,0.664],[120.449,0.643],[120.484,0.645],[120.496,0.636],[120.538,0.635],[120.542,0.606],[120.557,0.595],[120.575,0.609],[120.597,0.596],[120.661,0.616],[120.666,0.634],[120.706,0.669],[120.754,0.662],[120.783,0.678],[120.815,0.676],[120.85,0.701],[120.879,0.75],[120.892,0.788],[120.913,0.795],[120.933,0.822],[120.964,0.836],[120.99,0.842],[121.006,0.861],[121.005,0.892],[121.024,1.014],[121.007,1.032],[121.04,1.049],[121.056,1.078],[121.087,1.09],[121.093,1.108],[121.08,1.152],[121.098,1.184],[121.137,1.206],[121.177,1.261]]]]},"properties":{"name":"Toli-Toli"}},
{"type":"Feature","geometry":{"type":"Polygon","coordinates":[[[138.609,-3.723],[138.652,-3.723],[138.659,-3.708],[138.696,-3.703],[138.74,-3.656],[138.759,-3.642],[138.755,-3.563],[138.757,-3.505],[138.766,-3.452],[138.786,-3.406],[138.78,-3.367],[138.792,-3.347],[138.73,-3.286],[138.688,-3.289],[138.647,-3.309],[138.563,-3.338],[138.498,-3.332],[138.47,-3.325],[138.407,-3.33],[138.38,-3.318],[138.366,-3.29],[138.339,-3.216],[138.327,-3.194],[138.275,-3.198],[138.215,-3.208],[138.172,-3.236],[138.162,-3.278],[138.146,-3.286],[138.11,-3.263],[138.076,-3.263],[138.066,-3.245],[138.032,-3.242],[138.036,-3.266],[138.02,-3.292],[138.021,-3.336],[138.014,-3.356],[138.029,-3.396],[138.029,-3.449],[138.039,-3.47],[138.037,-3.486],[138.068,-3.497],[138.071,-3.523],[138.109,-3.557],[138.137,-3.569],[138.183,-3.609],[138.236,-3.617],[138.245,-3.629],[138.267,-3.701],[138.305,-3.773],[138.334,-3.774],[138.393,-3.783],[138.406,-3.753],[138.428,-3.755],[138.473,-3.743],[138.505,-3.726],[138.609,-3.723]]]},"properties":{"name":"Tolikara"}},
{"type":"Feature","geometry":{"type":"Polygon","coordinates":[[[120.048,-2.954],[120.046,-2.928],[120.005,-2.902],[119.984,-2.861],[119.968,-2.859],[119.952,-2.83],[119.96,-2.806],[119.941,-2.781],[119.898,-2.776],[119.882,-2.763],[119.872,-2.741],[119.852,-2.698],[119.858,-2.642],[119.854,-2.621],[119.839,-2.611],[119.797,-2.64],[119.778,-2.662],[119.752,-2.671],[119.747,-2.714],[119.708,-2.732],[119.688,-2.753],[119.68,-2.778],[119.692,-2.827],[119.695,-2.865],[119.687,-2.874],[119.712,-2.945],[119.733,-2.953],[119.746,-2.936],[119.784,-2.939],[119.8,-2.966],[119.787,-2.973],[119.803,-3.029],[119.822,-3.029],[119.838,-3],[119.853,-3.046],[119.876,-3.025],[119.894,-3.045],[119.923,-3.045],[119.933,-3.066],[119.969,-3.073],[119.963,-3.101],[119.976,-3.129],[119.959,-3.151],[119.956,-3.173],[119.985,-3.187],[119.996,-3.173],[120.006,-3.128],[120.017,-3.119],[120.021,-3.081],[120.049,-3.054],[120.066,-3.05],[120.083,-3.031],[120.084,-3.006],[120.053,-2.983],[120.059,-2.968],[120.048,-2.954]]]},"properties":{"name":"Toraja Utara"}},
{"type":"Feature","geometry":{"type":"Polygon","coordinates":[[[111.404,-8.271],[111.425,-8.258],[111.449,-8.27],[111.449,-8.309],[111.462,-8.32],[111.478,-8.306],[111.512,-8.333],[111.533,-8.33],[111.534,-8.315],[111.555,-8.307],[111.607,-8.33],[111.628,-8.325],[111.633,-8.343],[111.667,-8.356],[111.675,-8.372],[111.699,-8.379],[111.713,-8.352],[111.69,-8.329],[111.713,-8.322],[111.707,-8.303],[111.73,-8.288],[111.748,-8.313],[111.739,-8.333],[111.754,-8.34],[111.77,-8.319],[111.774,-8.289],[111.749,-8.281],[111.746,-8.259],[111.733,-8.234],[111.717,-8.175],[111.734,-8.142],[111.753,-8.147],[111.771,-8.138],[111.81,-8.136],[111.841,-8.119],[111.844,-8.096],[111.813,-8.088],[111.78,-8.039],[111.756,-8.025],[111.76,-7.993],[111.738,-7.958],[111.74,-7.925],[111.755,-7.908],[111.75,-7.891],[111.701,-7.896],[111.692,-7.931],[111.642,-7.955],[111.66,-7.969],[111.657,-8.004],[111.631,-8.004],[111.606,-8.019],[111.581,-8.026],[111.573,-8.048],[111.534,-8.063],[111.522,-8.108],[111.483,-8.109],[111.472,-8.143],[111.475,-8.171],[111.44,-8.166],[111.425,-8.17],[111.423,-8.189],[111.401,-8.195],[111.409,-8.213],[111.398,-8.241],[111.404,-8.271]]]},"properties":{"name":"Trenggalek"}},
{"type":"Feature","geometry":{"type":"Polygon","coordinates":[[[111.623,-6.988],[111.653,-7],[111.66,-7.039],[111.695,-7.054],[111.704,-7.075],[111.737,-7.085],[111.778,-7.082],[111.826,-7.087],[111.839,-7.104],[111.877,-7.133],[111.899,-7.137],[111.951,-7.133],[111.986,-7.139],[112.021,-7.084],[112.082,-7.065],[112.086,-7.086],[112.108,-7.086],[112.155,-7.11],[112.178,-7.098],[112.204,-7.074],[112.217,-7.075],[112.218,-7.036],[112.204,-7.026],[112.215,-7.009],[112.202,-6.944],[112.203,-6.922],[112.171,-6.897],[112.126,-6.902],[112.105,-6.895],[112.07,-6.894],[112.036,-6.87],[112.01,-6.835],[112.007,-6.819],[111.987,-6.796],[111.98,-6.773],[111.967,-6.763],[111.944,-6.765],[111.924,-6.778],[111.859,-6.8],[111.828,-6.8],[111.785,-6.78],[111.751,-6.77],[111.73,-6.772],[111.691,-6.754],[111.684,-6.771],[111.663,-6.771],[111.661,-6.817],[111.635,-6.829],[111.619,-6.822],[111.611,-6.846],[111.615,-6.882],[111.6,-6.893],[111.602,-6.912],[111.575,-6.918],[111.572,-6.952],[111.605,-6.967],[111.623,-6.988]]]},"properties":{"name":"Tuban"}},
{"type":"Feature","geometry":{"type":"Polygon","coordinates":[[[105.2,-4.613],[105.203,-4.584],[105.174,-4.559],[105.174,-4.514],[105.187,-4.475],[105.217,-4.451],[105.242,-4.472],[105.255,-4.466],[105.258,-4.442],[105.242,-4.41],[105.244,-4.39],[105.205,-4.38],[105.2,-4.372],[105.207,-4.335],[105.2,-4.302],[105.158,-4.296],[105.158,-4.274],[105.19,-4.27],[105.19,-4.234],[105.214,-4.228],[105.227,-4.183],[105.21,-4.17],[105.186,-4.187],[105.144,-4.201],[105.108,-4.224],[105.108,-4.208],[105.067,-4.216],[105.073,-4.175],[105.05,-4.141],[105.027,-4.147],[105.021,-4.166],[105.001,-4.177],[104.978,-4.172],[104.953,-4.178],[104.929,-4.192],[104.942,-4.23],[104.972,-4.253],[104.988,-4.257],[104.998,-4.288],[104.989,-4.334],[104.996,-4.368],[104.987,-4.399],[105.013,-4.409],[105.045,-4.406],[105.061,-4.415],[105.068,-4.447],[105.064,-4.465],[105.02,-4.47],[104.982,-4.447],[104.972,-4.459],[104.968,-4.485],[104.951,-4.499],[104.944,-4.531],[104.967,-4.528],[104.986,-4.559],[104.998,-4.607],[104.999,-4.66],[105.035,-4.668],[105.069,-4.709],[105.102,-4.713],[105.127,-4.727],[105.143,-4.705],[105.138,-4.685],[105.156,-4.677],[105.173,-4.645],[105.176,-4.621],[105.2,-4.613]]]},"properties":{"name":"Tulang Bawang Barat"}},
{"type":"Feature","geometry":{"type":"Polygon","coordinates":[[[105.817,-4.65],[105.833,-4.621],[105.858,-4.635],[105.855,-4.678],[105.876,-4.683],[105.898,-4.685],[105.916,-4.643],[105.891,-4.619],[105.884,-4.59],[105.892,-4.565],[105.905,-4.55],[105.899,-4.513],[105.903,-4.466],[105.913,-4.441],[105.892,-4.44],[105.865,-4.411],[105.853,-4.407],[105.859,-4.378],[105.83,-4.354],[105.819,-4.305],[105.82,-4.228],[105.827,-4.189],[105.819,-4.142],[105.808,-4.123],[105.781,-4.118],[105.753,-4.147],[105.758,-4.194],[105.721,-4.2],[105.72,-4.188],[105.655,-4.196],[105.654,-4.217],[105.607,-4.219],[105.607,-4.199],[105.527,-4.161],[105.504,-4.161],[105.505,-4.131],[105.468,-4.135],[105.468,-4.16],[105.424,-4.161],[105.425,-4.119],[105.366,-4.13],[105.365,-4.163],[105.312,-4.159],[105.278,-4.189],[105.237,-4.192],[105.227,-4.183],[105.214,-4.228],[105.19,-4.234],[105.19,-4.27],[105.158,-4.274],[105.158,-4.296],[105.2,-4.302],[105.207,-4.335],[105.2,-4.372],[105.205,-4.38],[105.244,-4.39],[105.242,-4.41],[105.258,-4.442],[105.255,-4.466],[105.242,-4.472],[105.217,-4.451],[105.187,-4.475],[105.174,-4.514],[105.174,-4.559],[105.203,-4.584],[105.2,-4.613],[105.214,-4.615],[105.216,-4.639],[105.245,-4.64],[105.265,-4.623],[105.284,-4.621],[105.304,-4.604],[105.312,-4.58],[105.354,-4.551],[105.365,-4.529],[105.381,-4.517],[105.428,-4.51],[105.449,-4.495],[105.469,-4.492],[105.522,-4.498],[105.534,-4.521],[105.621,-4.518],[105.628,-4.487],[105.655,-4.509],[105.674,-4.486],[105.694,-4.491],[105.713,-4.531],[105.738,-4.536],[105.754,-4.522],[105.771,-4.553],[105.8,-4.561],[105.803,-4.58],[105.779,-4.605],[105.781,-4.633],[105.804,-4.654],[105.817,-4.65]]]},"properties":{"name":"Tulangbawang"}},
{"type":"Feature","geometry":{"type":"Polygon","coordinates":[[[111.957,-7.997],[111.945,-7.954],[111.931,-7.962],[111.884,-7.948],[111.863,-7.908],[111.83,-7.877],[111.803,-7.866],[111.799,-7.837],[111.786,-7.833],[111.771,-7.856],[111.771,-7.887],[111.755,-7.908],[111.74,-7.925],[111.738,-7.958],[111.76,-7.993],[111.756,-8.025],[111.78,-8.039],[111.813,-8.088],[111.844,-8.096],[111.841,-8.119],[111.81,-8.136],[111.771,-8.138],[111.753,-8.147],[111.734,-8.142],[111.717,-8.175],[111.733,-8.234],[111.746,-8.259],[111.749,-8.281],[111.774,-8.289],[111.776,-8.257],[111.792,-8.256],[111.815,-8.273],[111.862,-8.27],[111.869,-8.285],[111.906,-8.303],[111.929,-8.307],[111.943,-8.279],[111.978,-8.284],[111.993,-8.297],[112.028,-8.313],[112.024,-8.287],[112.031,-8.263],[112.023,-8.244],[112.029,-8.168],[112.058,-8.184],[112.079,-8.188],[112.104,-8.158],[112.117,-8.158],[112.12,-8.127],[112.095,-8.111],[112.082,-8.119],[112.033,-8.1],[112.003,-8.095],[111.991,-8.078],[111.995,-8.059],[111.975,-8.044],[111.957,-7.997]]]},"properties":{"name":"Tulungagung"}},
{"type":"Feature","geometry":{"type":"Polygon","coordinates":[[[107.368,-6.701],[107.329,-6.69],[107.321,-6.718],[107.306,-6.721],[107.284,-6.707],[107.269,-6.708],[107.25,-6.726],[107.276,-6.741],[107.261,-6.756],[107.304,-6.797],[107.317,-6.823],[107.314,-6.799],[107.293,-6.784],[107.298,-6.753],[107.325,-6.768],[107.337,-6.757],[107.327,-6.727],[107.353,-6.697],[107.368,-6.701]]]},"properties":{"name":"Waduk Cirata"}},
{"type":"Feature","geometry":{"type":"Polygon","coordinates":[[[110.794,-7.275],[110.812,-7.29],[110.797,-7.306],[110.797,-7.308],[110.836,-7.307],[110.831,-7.268],[110.852,-7.27],[110.828,-7.247],[110.802,-7.256],[110.794,-7.275]]]},"properties":{"name":"Wadung Kedungombo"}},
{"type":"Feature","geometry":{"type":"Polygon","coordinates":[[[120.367,-4.223],[120.381,-4.177],[120.372,-4.144],[120.347,-4.132],[120.331,-4.108],[120.356,-4.065],[120.359,-4.018],[120.341,-3.995],[120.353,-3.973],[120.336,-3.938],[120.346,-3.889],[120.361,-3.854],[120.373,-3.841],[120.406,-3.779],[120.441,-3.742],[120.438,-3.689],[120.418,-3.678],[120.412,-3.664],[120.344,-3.65],[120.324,-3.652],[120.331,-3.679],[120.314,-3.69],[120.305,-3.71],[120.267,-3.722],[120.241,-3.707],[120.213,-3.73],[120.193,-3.774],[120.163,-3.769],[120.146,-3.779],[120.141,-3.829],[120.13,-3.846],[120.112,-3.841],[120.063,-3.855],[120.049,-3.869],[120.052,-3.884],[120.042,-3.912],[120.023,-3.936],[119.988,-3.934],[119.952,-3.939],[119.94,-3.929],[119.918,-3.936],[119.905,-3.985],[119.887,-4.019],[119.905,-4.067],[119.895,-4.076],[119.892,-4.108],[119.922,-4.122],[119.932,-4.141],[119.917,-4.163],[119.92,-4.175],[119.949,-4.185],[119.934,-4.249],[119.978,-4.267],[120.008,-4.269],[120.04,-4.262],[120.04,-4.282],[120.073,-4.285],[120.076,-4.247],[120.1,-4.252],[120.12,-4.243],[120.139,-4.22],[120.174,-4.227],[120.192,-4.237],[120.232,-4.242],[120.234,-4.263],[120.25,-4.273],[120.279,-4.249],[120.335,-4.24],[120.367,-4.223]]]},"properties":{"name":"Wajo"}},
{"type":"Feature","geometry":{"type":"MultiPolygon","coordinates":[[[[123.977,-5.92],[123.969,-5.937],[123.986,-5.966],[124.013,-5.976],[124.039,-5.978],[124.05,-6.002],[124.038,-6.018],[124.045,-6.035],[124.082,-6.014],[124.042,-5.908],[123.992,-5.878],[123.976,-5.903],[123.977,-5.92]]],[[[123.908,-5.718],[123.892,-5.741],[123.922,-5.773],[123.941,-5.78],[123.994,-5.771],[123.991,-5.754],[123.964,-5.732],[123.908,-5.718]]],[[[123.836,-5.548],[123.829,-5.582],[123.865,-5.594],[123.883,-5.583],[123.836,-5.548]]],[[[123.709,-5.476],[123.7,-5.482],[123.72,-5.517],[123.755,-5.544],[123.781,-5.59],[123.811,-5.597],[123.812,-5.558],[123.779,-5.523],[123.767,-5.503],[123.709,-5.476]]],[[[123.62,-5.405],[123.588,-5.415],[123.61,-5.429],[123.636,-5.435],[123.644,-5.422],[123.62,-5.405]]],[[[123.48,-5.33],[123.463,-5.331],[123.48,-5.36],[123.519,-5.374],[123.521,-5.363],[123.48,-5.33]]],[[[123.575,-5.247],[123.532,-5.248],[123.519,-5.267],[123.528,-5.311],[123.541,-5.351],[123.582,-5.383],[123.595,-5.387],[123.637,-5.372],[123.633,-5.342],[123.644,-5.299],[123.624,-5.267],[123.591,-5.248],[123.575,-5.247]]]]},"properties":{"name":"Wakatobi"}},
{"type":"Feature","geometry":{"type":"Polygon","coordinates":[[[136.882,-3.241],[136.898,-3.219],[136.909,-3.192],[136.958,-3.188],[136.982,-3.182],[137.032,-3.185],[137.052,-3.176],[137.072,-3.18],[137.089,-3.172],[137.105,-3.14],[137.127,-3.123],[137.134,-3.135],[137.182,-3.122],[137.187,-3.106],[137.174,-3.089],[137.152,-3.078],[137.209,-3.057],[137.249,-3.031],[137.261,-3.015],[137.294,-3.003],[137.364,-2.97],[137.38,-2.966],[137.383,-2.943],[137.364,-2.932],[137.355,-2.904],[137.36,-2.879],[137.331,-2.851],[137.285,-2.843],[137.269,-2.824],[137.272,-2.777],[137.249,-2.761],[137.286,-2.715],[137.266,-2.698],[137.26,-2.682],[137.268,-2.631],[137.252,-2.596],[137.237,-2.576],[137.222,-2.577],[137.191,-2.555],[137.155,-2.538],[137.137,-2.518],[137.087,-2.483],[137.075,-2.486],[137.044,-2.462],[137.031,-2.418],[137.002,-2.426],[136.963,-2.42],[136.944,-2.395],[136.913,-2.385],[136.91,-2.361],[136.938,-2.34],[136.915,-2.332],[136.919,-2.295],[136.902,-2.265],[136.878,-2.248],[136.86,-2.224],[136.826,-2.204],[136.823,-2.186],[136.807,-2.176],[136.817,-2.193],[136.814,-2.215],[136.793,-2.211],[136.777,-2.232],[136.741,-2.247],[136.712,-2.228],[136.674,-2.258],[136.637,-2.246],[136.6,-2.253],[136.576,-2.219],[136.583,-2.201],[136.538,-2.221],[136.518,-2.191],[136.486,-2.205],[136.461,-2.209],[136.425,-2.204],[136.394,-2.219],[136.344,-2.26],[136.334,-2.278],[136.341,-2.341],[136.337,-2.364],[136.315,-2.4],[136.296,-2.411],[136.283,-2.477],[136.281,-2.508],[136.26,-2.559],[136.225,-2.611],[136.146,-2.65],[136.138,-2.645],[136.112,-2.668],[136.067,-2.672],[136.038,-2.695],[136.018,-2.693],[136.013,-2.718],[136.021,-2.741],[136.044,-2.746],[136.056,-2.767],[136.09,-2.764],[136.098,-2.755],[136.136,-2.752],[136.163,-2.8],[136.183,-2.794],[136.216,-2.81],[136.229,-2.829],[136.261,-2.854],[136.266,-2.886],[136.3,-2.912],[136.33,-2.919],[136.336,-2.94],[136.352,-2.942],[136.343,-2.98],[136.355,-3.032],[136.385,-3.05],[136.408,-3.072],[136.435,-3.085],[136.442,-3.113],[136.441,-3.158],[136.456,-3.189],[136.487,-3.227],[136.509,-3.233],[136.537,-3.227],[136.569,-3.251],[136.626,-3.237],[136.647,-3.258],[136.67,-3.258],[136.691,-3.268],[136.714,-3.269],[136.723,-3.28],[136.746,-3.282],[136.788,-3.266],[136.83,-3.281],[136.834,-3.27],[136.882,-3.241]]]},"properties":{"name":"Waropen"}},
{"type":"Feature","geometry":{"type":"Polygon","coordinates":[[[104.501,-4.955],[104.535,-4.891],[104.562,-4.83],[104.62,-4.824],[104.642,-4.774],[104.645,-4.753],[104.618,-4.717],[104.631,-4.702],[104.61,-4.691],[104.614,-4.67],[104.636,-4.657],[104.645,-4.632],[104.699,-4.597],[104.698,-4.557],[104.717,-4.554],[104.75,-4.564],[104.783,-4.585],[104.822,-4.583],[104.885,-4.542],[104.907,-4.553],[104.944,-4.531],[104.951,-4.499],[104.968,-4.485],[104.972,-4.459],[104.982,-4.447],[105.02,-4.47],[105.064,-4.465],[105.068,-4.447],[105.061,-4.415],[105.045,-4.406],[105.013,-4.409],[104.987,-4.399],[104.996,-4.368],[104.989,-4.334],[104.998,-4.288],[104.988,-4.257],[104.972,-4.253],[104.942,-4.23],[104.929,-4.192],[104.889,-4.218],[104.876,-4.218],[104.855,-4.241],[104.818,-4.241],[104.796,-4.261],[104.756,-4.246],[104.738,-4.256],[104.659,-4.259],[104.649,-4.246],[104.623,-4.242],[104.608,-4.228],[104.569,-4.248],[104.537,-4.26],[104.501,-4.293],[104.437,-4.304],[104.412,-4.337],[104.384,-4.348],[104.379,-4.374],[104.349,-4.398],[104.328,-4.461],[104.333,-4.5],[104.314,-4.525],[104.326,-4.558],[104.334,-4.605],[104.324,-4.627],[104.296,-4.648],[104.288,-4.698],[104.306,-4.73],[104.305,-4.766],[104.34,-4.821],[104.363,-4.824],[104.359,-4.844],[104.341,-4.865],[104.387,-4.873],[104.411,-4.866],[104.422,-4.904],[104.44,-4.92],[104.445,-4.945],[104.48,-4.932],[104.501,-4.955]]]},"properties":{"name":"Way Kanan"}},
{"type":"Feature","geometry":{"type":"Polygon","coordinates":[[[110.83,-8.201],[110.909,-8.211],[110.899,-8.179],[110.902,-8.154],[110.953,-8.063],[110.994,-8.082],[111.036,-8.081],[111.064,-8.068],[111.067,-8.036],[111.091,-8.029],[111.089,-8.06],[111.113,-8.057],[111.136,-8.024],[111.13,-8.008],[111.133,-7.974],[111.146,-7.965],[111.144,-7.933],[111.157,-7.922],[111.188,-7.923],[111.198,-7.94],[111.216,-7.926],[111.236,-7.945],[111.257,-7.949],[111.273,-7.937],[111.299,-7.879],[111.307,-7.824],[111.29,-7.794],[111.285,-7.778],[111.294,-7.761],[111.287,-7.743],[111.239,-7.751],[111.216,-7.738],[111.214,-7.723],[111.182,-7.712],[111.138,-7.72],[111.113,-7.747],[111.07,-7.757],[111.003,-7.766],[110.975,-7.754],[110.959,-7.734],[110.941,-7.74],[110.936,-7.78],[110.904,-7.753],[110.877,-7.746],[110.86,-7.759],[110.855,-7.785],[110.838,-7.798],[110.801,-7.792],[110.787,-7.798],[110.786,-7.817],[110.784,-7.872],[110.771,-7.902],[110.768,-7.979],[110.754,-8.026],[110.779,-8.068],[110.79,-8.126],[110.787,-8.153],[110.812,-8.147],[110.833,-8.174],[110.83,-8.201]]]},"properties":{"name":"Wonogiri"}},
{"type":"Feature","geometry":{"type":"Polygon","coordinates":[[[109.752,-7.462],[109.767,-7.518],[109.738,-7.535],[109.741,-7.574],[109.765,-7.603],[109.8,-7.612],[109.815,-7.599],[109.842,-7.561],[109.898,-7.52],[109.973,-7.531],[109.968,-7.562],[109.979,-7.577],[110.014,-7.566],[110.044,-7.535],[110.052,-7.483],[110.065,-7.46],[110.053,-7.435],[110.074,-7.386],[110.028,-7.345],[109.998,-7.313],[109.995,-7.261],[109.962,-7.233],[109.934,-7.202],[109.925,-7.189],[109.915,-7.196],[109.907,-7.222],[109.87,-7.227],[109.855,-7.241],[109.84,-7.286],[109.788,-7.341],[109.758,-7.389],[109.791,-7.409],[109.833,-7.423],[109.827,-7.448],[109.802,-7.451],[109.771,-7.447],[109.752,-7.462]]]},"properties":{"name":"Wonosobo"}},
{"type":"Feature","geometry":{"type":"Polygon","coordinates":[[[139.644,-5.041],[140.098,-5.16],[140.147,-5.169],[140.154,-5.106],[140.153,-5.066],[140.118,-5.051],[140.108,-5.061],[140.075,-5.055],[140.099,-5.038],[140.129,-5.005],[140.166,-4.979],[140.211,-4.971],[140.251,-4.952],[140.25,-4.898],[140.235,-4.864],[140.239,-4.83],[140.227,-4.799],[140.227,-4.745],[140.201,-4.672],[140.163,-4.661],[140.104,-4.629],[140.048,-4.57],[139.984,-4.509],[139.968,-4.489],[139.957,-4.456],[139.962,-4.418],[139.975,-4.369],[139.984,-4.312],[139.994,-4.276],[139.99,-4.181],[139.991,-4.149],[139.979,-4.114],[139.979,-4.089],[139.989,-4.061],[140.01,-4.051],[140.024,-4.031],[140.052,-4.018],[140.093,-4.015],[140.072,-3.997],[140.051,-4],[140.034,-3.987],[140.042,-3.968],[140.067,-3.939],[140.095,-3.95],[140.107,-3.935],[140.104,-3.91],[140.146,-3.89],[140.148,-3.869],[140.134,-3.852],[140.153,-3.841],[140.161,-3.815],[140.135,-3.772],[140.125,-3.716],[140.134,-3.696],[140.118,-3.683],[140.076,-3.67],[140.066,-3.648],[140.041,-3.671],[140.034,-3.648],[140.019,-3.636],[140.006,-3.65],[139.983,-3.656],[139.959,-3.632],[139.961,-3.609],[139.917,-3.624],[139.894,-3.621],[139.685,-4],[139.632,-4.037],[139.565,-4.063],[139.534,-4.069],[139.484,-4.086],[139.362,-4.114],[139.162,-4.162],[139.048,-4.193],[139.014,-4.205],[138.899,-4.252],[138.839,-4.267],[138.849,-4.499],[138.834,-4.557],[138.857,-4.6],[138.858,-4.638],[138.865,-4.664],[138.869,-4.728],[138.95,-4.726],[139.03,-4.737],[139.134,-4.826],[139.304,-4.938],[139.511,-5.006],[139.644,-5.041]]]},"properties":{"name":"Yahukimo"}},
{"type":"Feature","geometry":{"type":"Polygon","coordinates":[[[139.461,-3.458],[139.457,-3.46],[139.454,-3.475],[139.415,-3.565],[139.392,-3.606],[139.364,-3.635],[139.336,-3.656],[139.33,-3.685],[139.303,-3.673],[139.277,-3.67],[139.283,-3.69],[139.276,-3.708],[139.279,-3.737],[139.261,-3.759],[139.224,-3.759],[139.186,-3.743],[139.134,-3.749],[139.108,-3.768],[139.064,-3.785],[139.044,-3.778],[139.035,-3.816],[139.034,-3.842],[139.048,-3.897],[138.978,-3.923],[138.98,-3.941],[139.025,-4.043],[139.147,-4.018],[139.205,-4.01],[139.247,-4.012],[139.291,-4.048],[139.349,-4.089],[139.362,-4.114],[139.484,-4.086],[139.534,-4.069],[139.565,-4.063],[139.632,-4.037],[139.685,-4],[139.894,-3.621],[139.862,-3.583],[139.845,-3.589],[139.804,-3.564],[139.785,-3.567],[139.739,-3.55],[139.713,-3.522],[139.703,-3.541],[139.688,-3.529],[139.675,-3.535],[139.653,-3.529],[139.625,-3.555],[139.596,-3.55],[139.585,-3.533],[139.615,-3.508],[139.597,-3.497],[139.578,-3.51],[139.561,-3.533],[139.545,-3.537],[139.506,-3.519],[139.505,-3.494],[139.481,-3.502],[139.487,-3.476],[139.476,-3.458],[139.461,-3.458]]]},"properties":{"name":"Yalimo"}}
]}